Customer_ID,Customer_Segment,Age_Group
C00001,Regular,35-44
C00002,Loyal,25-34
C00003,Regular,25-34
C00004,Regular,35-44
C00005,New,45-54
C00006,New,25-34
C00007,New,25-34
C00008,Loyal,55+
C00009,Regular,25-34
C00010,Regular,18-24
C00011,New,35-44
C00012,Loyal,55+
C00013,Loyal,45-54
C00014,New,35-44
C00015,New,25-34
C00016,New,45-54
C00017,New,25-34
C00018,Regular,45-54
C00019,Regular,25-34
C00020,New,18-24
C00021,Regular,25-34
C00022,New,25-34
C00023,New,35-44
C00024,Regular,55+
C00025,Regular,35-44
C00026,Regular,45-54
C00027,New,25-34
C00028,Regular,35-44
C00029,Regular,45-54
C00030,New,35-44
C00031,Regular,25-34
C00032,New,35-44
C00033,New,35-44
C00034,Loyal,25-34
C00035,Loyal,45-54
C00036,Loyal,55+
C00037,New,25-34
C00038,New,35-44
C00039,Regular,35-44
C00040,Regular,35-44
C00041,New,25-34
C00042,Regular,45-54
C00043,New,25-34
C00044,Loyal,18-24
C00045,New,45-54
C00046,Regular,35-44
C00047,New,45-54
C00048,Regular,18-24
C00049,Regular,18-24
C00050,New,55+
C00051,Loyal,18-24
C00052,Regular,45-54
C00053,Loyal,45-54
C00054,Loyal,35-44
C00055,Regular,18-24
C00056,Loyal,35-44
C00057,New,45-54
C00058,New,25-34
C00059,New,25-34
C00060,Regular,25-34
C00061,Regular,18-24
C00062,New,45-54
C00063,Loyal,45-54
C00064,Regular,55+
C00065,New,35-44
C00066,Regular,35-44
C00067,New,25-34
C00068,Loyal,35-44
C00069,New,35-44
C00070,Loyal,45-54
C00071,Regular,45-54
C00072,New,55+
C00073,New,45-54
C00074,Loyal,45-54
C00075,Regular,18-24
C00076,Regular,45-54
C00077,Regular,35-44
C00078,New,25-34
C00079,Regular,18-24
C00080,New,35-44
C00081,Loyal,25-34
C00082,Regular,25-34
C00083,Regular,35-44
C00084,New,45-54
C00085,New,45-54
C00086,Regular,25-34
C00087,Regular,25-34
C00088,Regular,25-34
C00089,Loyal,25-34
C00090,Regular,18-24
C00091,New,55+
C00092,Regular,25-34
C00093,Regular,18-24
C00094,Regular,25-34
C00095,Regular,25-34
C00096,Regular,25-34
C00097,Regular,18-24
C00098,Regular,55+
C00099,New,25-34
C00100,New,18-24
C00101,New,18-24
C00102,Regular,35-44
C00103,New,18-24
C00104,Regular,18-24
C00105,Loyal,25-34
C00106,New,35-44
C00107,Regular,18-24
C00108,Regular,25-34
C00109,New,25-34
C00110,New,18-24
C00111,New,25-34
C00112,New,18-24
C00113,Loyal,18-24
C00114,Loyal,25-34
C00115,Regular,25-34
C00116,Loyal,18-24
C00117,Loyal,25-34
C00118,New,45-54
C00119,Loyal,35-44
C00120,Regular,45-54
C00121,Loyal,45-54
C00122,Loyal,55+
C00123,New,35-44
C00124,New,35-44
C00125,New,25-34
C00126,Regular,18-24
C00127,Loyal,35-44
C00128,Loyal,55+
C00129,New,25-34
C00130,Regular,35-44
C00131,Regular,25-34
C00132,New,25-34
C00133,New,25-34
C00134,Regular,25-34
C00135,Loyal,25-34
C00136,Regular,35-44
C00137,Regular,45-54
C00138,Regular,45-54
C00139,Regular,25-34
C00140,Loyal,45-54
C00141,Loyal,25-34
C00142,New,25-34
C00143,Regular,35-44
C00144,New,25-34
C00145,New,18-24
C00146,New,25-34
C00147,Regular,35-44
C00148,Regular,25-34
C00149,New,35-44
C00150,New,35-44
C00151,Loyal,35-44
C00152,New,45-54
C00153,New,25-34
C00154,Regular,18-24
C00155,Loyal,25-34
C00156,New,25-34
C00157,Regular,35-44
C00158,Regular,18-24
C00159,New,25-34
C00160,Regular,35-44
C00161,Regular,35-44
C00162,Regular,35-44
C00163,Regular,45-54
C00164,Regular,35-44
C00165,New,35-44
C00166,Loyal,25-34
C00167,Regular,55+
C00168,New,25-34
C00169,New,25-34
C00170,Regular,25-34
C00171,Regular,35-44
C00172,New,45-54
C00173,Regular,18-24
C00174,New,18-24
C00175,Regular,45-54
C00176,New,45-54
C00177,Regular,25-34
C00178,Regular,25-34
C00179,Loyal,35-44
C00180,New,25-34
C00181,Regular,45-54
C00182,New,18-24
C00183,Loyal,18-24
C00184,Loyal,25-34
C00185,New,25-34
C00186,Regular,18-24
C00187,Loyal,18-24
C00188,Regular,35-44
C00189,Regular,18-24
C00190,New,45-54
C00191,New,25-34
C00192,Loyal,35-44
C00193,Loyal,25-34
C00194,Regular,25-34
C00195,Regular,25-34
C00196,Regular,25-34
C00197,Regular,35-44
C00198,Loyal,35-44
C00199,Loyal,35-44
C00200,Regular,25-34
C00201,Regular,45-54
C00202,New,35-44
C00203,New,55+
C00204,Loyal,45-54
C00205,Regular,18-24
C00206,New,25-34
C00207,New,25-34
C00208,Regular,35-44
C00209,New,25-34
C00210,New,35-44
C00211,Regular,25-34
C00212,Regular,18-24
C00213,Regular,18-24
C00214,New,25-34
C00215,Regular,35-44
C00216,New,25-34
C00217,Regular,35-44
C00218,Regular,18-24
C00219,Regular,18-24
C00220,Loyal,35-44
C00221,Regular,25-34
C00222,Regular,35-44
C00223,New,45-54
C00224,Regular,45-54
C00225,New,18-24
C00226,New,25-34
C00227,Loyal,35-44
C00228,Regular,35-44
C00229,Loyal,35-44
C00230,Regular,25-34
C00231,Regular,18-24
C00232,Regular,35-44
C00233,Regular,35-44
C00234,Regular,25-34
C00235,New,18-24
C00236,Regular,35-44
C00237,New,25-34
C00238,New,18-24
C00239,Regular,18-24
C00240,New,25-34
C00241,Loyal,35-44
C00242,Loyal,25-34
C00243,Loyal,18-24
C00244,Regular,18-24
C00245,New,25-34
C00246,Loyal,35-44
C00247,Regular,18-24
C00248,Loyal,25-34
C00249,Loyal,18-24
C00250,Loyal,25-34
C00251,New,18-24
C00252,Regular,18-24
C00253,Loyal,35-44
C00254,New,25-34
C00255,New,45-54
C00256,Regular,18-24
C00257,Loyal,18-24
C00258,Regular,25-34
C00259,Regular,35-44
C00260,New,25-34
C00261,Regular,25-34
C00262,Loyal,25-34
C00263,New,18-24
C00264,Regular,55+
C00265,Loyal,25-34
C00266,Regular,35-44
C00267,Regular,35-44
C00268,Regular,25-34
C00269,Regular,18-24
C00270,New,35-44
C00271,Loyal,18-24
C00272,Loyal,25-34
C00273,Loyal,35-44
C00274,Loyal,35-44
C00275,Regular,35-44
C00276,Regular,35-44
C00277,Regular,18-24
C00278,Regular,25-34
C00279,Regular,18-24
C00280,Regular,35-44
C00281,Loyal,55+
C00282,Regular,25-34
C00283,Regular,18-24
C00284,New,25-34
C00285,Regular,45-54
C00286,New,25-34
C00287,Regular,18-24
C00288,Regular,55+
C00289,New,45-54
C00290,Regular,18-24
C00291,New,45-54
C00292,New,25-34
C00293,Loyal,25-34
C00294,Regular,25-34
C00295,New,45-54
C00296,Regular,35-44
C00297,Regular,18-24
C00298,New,55+
C00299,Regular,18-24
C00300,New,35-44
C00301,New,35-44
C00302,Regular,18-24
C00303,Regular,18-24
C00304,Regular,45-54
C00305,Regular,25-34
C00306,Loyal,35-44
C00307,Regular,25-34
C00308,Regular,35-44
C00309,Regular,25-34
C00310,New,25-34
C00311,Regular,25-34
C00312,New,45-54
C00313,New,25-34
C00314,Loyal,25-34
C00315,Loyal,55+
C00316,Regular,35-44
C00317,Regular,18-24
C00318,New,55+
C00319,New,35-44
C00320,New,18-24
C00321,Regular,25-34
C00322,Regular,35-44
C00323,Regular,35-44
C00324,New,25-34
C00325,Loyal,25-34
C00326,Regular,25-34
C00327,Regular,35-44
C00328,Regular,18-24
C00329,Regular,18-24
C00330,New,35-44
C00331,Regular,35-44
C00332,Regular,25-34
C00333,New,25-34
C00334,New,25-34
C00335,New,25-34
C00336,New,55+
C00337,Loyal,35-44
C00338,Regular,25-34
C00339,Regular,25-34
C00340,New,25-34
C00341,Regular,35-44
C00342,Regular,25-34
C00343,New,45-54
C00344,Regular,35-44
C00345,Regular,25-34
C00346,Regular,45-54
C00347,Regular,35-44
C00348,New,35-44
C00349,Regular,55+
C00350,Regular,25-34
C00351,Regular,25-34
C00352,Loyal,45-54
C00353,Regular,35-44
C00354,New,45-54
C00355,New,18-24
C00356,Regular,35-44
C00357,New,18-24
C00358,Regular,25-34
C00359,Loyal,18-24
C00360,Regular,18-24
C00361,Regular,18-24
C00362,Regular,35-44
C00363,Regular,25-34
C00364,Regular,18-24
C00365,Loyal,25-34
C00366,Regular,18-24
C00367,Loyal,55+
C00368,Loyal,25-34
C00369,New,25-34
C00370,New,45-54
C00371,New,35-44
C00372,New,35-44
C00373,New,35-44
C00374,Regular,55+
C00375,New,25-34
C00376,New,55+
C00377,Loyal,45-54
C00378,New,35-44
C00379,Loyal,35-44
C00380,New,35-44
C00381,New,18-24
C00382,Regular,25-34
C00383,Regular,55+
C00384,Loyal,25-34
C00385,Regular,25-34
C00386,Loyal,35-44
C00387,New,25-34
C00388,New,18-24
C00389,Regular,35-44
C00390,Loyal,35-44
C00391,Loyal,18-24
C00392,Regular,55+
C00393,Regular,25-34
C00394,Regular,25-34
C00395,Regular,18-24
C00396,Loyal,35-44
C00397,Loyal,25-34
C00398,Regular,25-34
C00399,Regular,45-54
C00400,Regular,18-24
C00401,New,35-44
C00402,Loyal,25-34
C00403,Regular,55+
C00404,Loyal,35-44
C00405,Regular,18-24
C00406,Loyal,18-24
C00407,Regular,45-54
C00408,New,45-54
C00409,Loyal,25-34
C00410,New,35-44
C00411,New,25-34
C00412,Loyal,55+
C00413,Loyal,55+
C00414,Regular,55+
C00415,Regular,45-54
C00416,Regular,45-54
C00417,New,25-34
C00418,Regular,45-54
C00419,Regular,35-44
C00420,Regular,55+
C00421,Regular,25-34
C00422,Regular,18-24
C00423,New,35-44
C00424,Regular,35-44
C00425,New,25-34
C00426,Regular,25-34
C00427,Regular,35-44
C00428,Loyal,25-34
C00429,Regular,25-34
C00430,New,18-24
C00431,New,55+
C00432,Regular,35-44
C00433,Regular,18-24
C00434,New,35-44
C00435,New,35-44
C00436,Regular,18-24
C00437,New,25-34
C00438,Loyal,35-44
C00439,Regular,25-34
C00440,New,35-44
C00441,New,25-34
C00442,Loyal,18-24
C00443,Regular,55+
C00444,Regular,25-34
C00445,Loyal,35-44
C00446,Loyal,18-24
C00447,Loyal,25-34
C00448,Regular,25-34
C00449,Regular,18-24
C00450,New,25-34
C00451,Regular,18-24
C00452,Regular,25-34
C00453,Regular,35-44
C00454,Loyal,18-24
C00455,New,45-54
C00456,Regular,18-24
C00457,New,25-34
C00458,Regular,35-44
C00459,New,25-34
C00460,New,25-34
C00461,New,18-24
C00462,Regular,45-54
C00463,Regular,35-44
C00464,Regular,18-24
C00465,Loyal,25-34
C00466,Regular,45-54
C00467,New,25-34
C00468,Loyal,18-24
C00469,New,25-34
C00470,Loyal,25-34
C00471,New,25-34
C00472,Loyal,45-54
C00473,New,25-34
C00474,Loyal,25-34
C00475,Regular,45-54
C00476,Loyal,25-34
C00477,New,25-34
C00478,Regular,25-34
C00479,Loyal,35-44
C00480,Regular,25-34
C00481,Regular,25-34
C00482,Regular,55+
C00483,Regular,45-54
C00484,Regular,35-44
C00485,Regular,25-34
C00486,Loyal,25-34
C00487,New,18-24
C00488,New,25-34
C00489,Loyal,35-44
C00490,Loyal,25-34
C00491,Regular,45-54
C00492,Regular,18-24
C00493,New,25-34
C00494,New,35-44
C00495,Regular,25-34
C00496,Regular,45-54
C00497,Regular,55+
C00498,New,18-24
C00499,Loyal,18-24
C00500,Loyal,18-24
C00501,Regular,35-44
C00502,Regular,25-34
C00503,New,35-44
C00504,Loyal,25-34
C00505,Regular,35-44
C00506,New,35-44
C00507,Loyal,25-34
C00508,Loyal,25-34
C00509,Loyal,18-24
C00510,Regular,25-34
C00511,Regular,25-34
C00512,Regular,25-34
C00513,Loyal,45-54
C00514,Loyal,45-54
C00515,New,45-54
C00516,New,25-34
C00517,Regular,35-44
C00518,Loyal,25-34
C00519,Loyal,25-34
C00520,New,25-34
C00521,Regular,18-24
C00522,Regular,25-34
C00523,Loyal,25-34
C00524,Loyal,55+
C00525,Loyal,25-34
C00526,Regular,45-54
C00527,Regular,25-34
C00528,New,18-24
C00529,New,25-34
C00530,Loyal,35-44
C00531,Loyal,18-24
C00532,Loyal,25-34
C00533,Loyal,25-34
C00534,Regular,25-34
C00535,Regular,35-44
C00536,Loyal,25-34
C00537,Loyal,18-24
C00538,New,45-54
C00539,Regular,25-34
C00540,New,35-44
C00541,Loyal,35-44
C00542,Regular,55+
C00543,New,25-34
C00544,Regular,35-44
C00545,Regular,25-34
C00546,Regular,35-44
C00547,New,25-34
C00548,Regular,25-34
C00549,Regular,45-54
C00550,Regular,18-24
C00551,Regular,45-54
C00552,Loyal,45-54
C00553,Regular,25-34
C00554,Regular,25-34
C00555,Loyal,25-34
C00556,Regular,55+
C00557,New,18-24
C00558,New,35-44
C00559,Regular,35-44
C00560,Regular,55+
C00561,Regular,35-44
C00562,New,35-44
C00563,New,18-24
C00564,New,25-34
C00565,Regular,18-24
C00566,Regular,45-54
C00567,Regular,35-44
C00568,Regular,35-44
C00569,Loyal,35-44
C00570,Regular,25-34
C00571,Regular,18-24
C00572,Regular,25-34
C00573,Regular,18-24
C00574,Regular,35-44
C00575,Loyal,18-24
C00576,Loyal,35-44
C00577,New,35-44
C00578,Loyal,25-34
C00579,Regular,18-24
C00580,New,25-34
C00581,Regular,25-34
C00582,Loyal,35-44
C00583,Regular,18-24
C00584,Regular,45-54
C00585,Regular,35-44
C00586,New,18-24
C00587,New,35-44
C00588,New,35-44
C00589,New,35-44
C00590,New,18-24
C00591,New,18-24
C00592,Regular,25-34
C00593,New,25-34
C00594,Regular,35-44
C00595,Loyal,35-44
C00596,Regular,45-54
C00597,Regular,18-24
C00598,New,18-24
C00599,New,35-44
C00600,New,25-34
C00601,New,25-34
C00602,New,25-34
C00603,New,18-24
C00604,New,35-44
C00605,New,25-34
C00606,Regular,35-44
C00607,New,45-54
C00608,Regular,18-24
C00609,Regular,55+
C00610,Regular,25-34
C00611,New,45-54
C00612,Regular,25-34
C00613,Regular,35-44
C00614,New,25-34
C00615,Loyal,35-44
C00616,Loyal,35-44
C00617,New,25-34
C00618,New,45-54
C00619,Loyal,25-34
C00620,Regular,25-34
C00621,New,35-44
C00622,New,35-44
C00623,Regular,25-34
C00624,Regular,25-34
C00625,Regular,55+
C00626,Regular,35-44
C00627,Regular,18-24
C00628,Regular,25-34
C00629,New,55+
C00630,New,35-44
C00631,Regular,45-54
C00632,Loyal,25-34
C00633,Regular,35-44
C00634,Regular,35-44
C00635,New,25-34
C00636,Regular,25-34
C00637,Regular,35-44
C00638,New,25-34
C00639,New,45-54
C00640,Regular,45-54
C00641,New,45-54
C00642,Regular,45-54
C00643,New,25-34
C00644,Regular,25-34
C00645,New,45-54
C00646,Loyal,25-34
C00647,Regular,25-34
C00648,Regular,25-34
C00649,Regular,18-24
C00650,Regular,35-44
C00651,New,25-34
C00652,Regular,25-34
C00653,Regular,55+
C00654,Regular,35-44
C00655,Regular,35-44
C00656,New,35-44
C00657,New,45-54
C00658,Regular,35-44
C00659,Regular,35-44
C00660,Regular,55+
C00661,Regular,18-24
C00662,Loyal,55+
C00663,Regular,25-34
C00664,New,25-34
C00665,New,18-24
C00666,New,25-34
C00667,New,35-44
C00668,New,55+
C00669,New,55+
C00670,New,55+
C00671,New,25-34
C00672,Loyal,55+
C00673,New,25-34
C00674,Regular,45-54
C00675,Regular,25-34
C00676,Loyal,25-34
C00677,New,55+
C00678,Regular,55+
C00679,Loyal,35-44
C00680,Loyal,35-44
C00681,Loyal,18-24
C00682,New,35-44
C00683,New,35-44
C00684,Regular,18-24
C00685,Loyal,18-24
C00686,Regular,18-24
C00687,Regular,35-44
C00688,New,18-24
C00689,Regular,25-34
C00690,New,25-34
C00691,Regular,25-34
C00692,Regular,35-44
C00693,Regular,35-44
C00694,New,25-34
C00695,New,25-34
C00696,Regular,25-34
C00697,New,45-54
C00698,Regular,25-34
C00699,New,25-34
C00700,Regular,35-44
C00701,Regular,25-34
C00702,New,45-54
C00703,Regular,25-34
C00704,New,35-44
C00705,New,18-24
C00706,Loyal,25-34
C00707,Regular,25-34
C00708,Loyal,45-54
C00709,New,55+
C00710,Regular,25-34
C00711,Regular,45-54
C00712,Regular,35-44
C00713,Regular,55+
C00714,Regular,45-54
C00715,Regular,18-24
C00716,Loyal,35-44
C00717,Loyal,25-34
C00718,Loyal,18-24
C00719,New,25-34
C00720,Regular,45-54
C00721,Loyal,45-54
C00722,New,35-44
C00723,New,55+
C00724,Regular,45-54
C00725,Regular,18-24
C00726,Loyal,25-34
C00727,New,18-24
C00728,Regular,18-24
C00729,New,25-34
C00730,New,25-34
C00731,New,45-54
C00732,Loyal,45-54
C00733,Regular,35-44
C00734,Regular,45-54
C00735,Regular,25-34
C00736,Loyal,45-54
C00737,Regular,25-34
C00738,Loyal,25-34
C00739,Regular,45-54
C00740,Regular,25-34
C00741,Regular,25-34
C00742,New,25-34
C00743,Regular,35-44
C00744,Regular,55+
C00745,New,18-24
C00746,Loyal,45-54
C00747,Regular,18-24
C00748,Regular,25-34
C00749,Loyal,18-24
C00750,Regular,35-44
C00751,New,18-24
C00752,Loyal,25-34
C00753,Regular,25-34
C00754,Regular,18-24
C00755,New,35-44
C00756,Regular,25-34
C00757,Regular,25-34
C00758,Regular,25-34
C00759,Loyal,35-44
C00760,Regular,35-44
C00761,New,18-24
C00762,New,25-34
C00763,New,25-34
C00764,Regular,25-34
C00765,New,45-54
C00766,Regular,35-44
C00767,Regular,35-44
C00768,Loyal,25-34
C00769,Regular,35-44
C00770,Loyal,45-54
C00771,New,35-44
C00772,Loyal,35-44
C00773,New,35-44
C00774,Regular,25-34
C00775,Regular,25-34
C00776,New,35-44
C00777,New,25-34
C00778,Regular,35-44
C00779,Regular,45-54
C00780,Regular,45-54
C00781,Regular,25-34
C00782,Regular,18-24
C00783,New,18-24
C00784,Regular,35-44
C00785,New,45-54
C00786,Loyal,35-44
C00787,Regular,18-24
C00788,Regular,55+
C00789,Regular,55+
C00790,Loyal,25-34
C00791,New,35-44
C00792,Regular,35-44
C00793,Regular,35-44
C00794,Regular,55+
C00795,New,18-24
C00796,Loyal,35-44
C00797,Loyal,35-44
C00798,Regular,45-54
C00799,Regular,45-54
C00800,Loyal,55+
C00801,Regular,25-34
C00802,New,45-54
C00803,Regular,25-34
C00804,Regular,25-34
C00805,Regular,25-34
C00806,Regular,45-54
C00807,Loyal,55+
C00808,Loyal,25-34
C00809,Regular,18-24
C00810,New,45-54
C00811,Loyal,35-44
C00812,Loyal,55+
C00813,New,25-34
C00814,Loyal,18-24
C00815,Loyal,25-34
C00816,Regular,18-24
C00817,Regular,25-34
C00818,Regular,18-24
C00819,New,25-34
C00820,Regular,18-24
C00821,Loyal,55+
C00822,New,25-34
C00823,Regular,25-34
C00824,Regular,45-54
C00825,Regular,35-44
C00826,Loyal,35-44
C00827,Regular,35-44
C00828,Regular,45-54
C00829,Regular,45-54
C00830,Regular,35-44
C00831,New,45-54
C00832,Regular,25-34
C00833,New,25-34
C00834,New,45-54
C00835,Regular,25-34
C00836,Regular,45-54
C00837,Loyal,18-24
C00838,Regular,25-34
C00839,Regular,55+
C00840,Regular,25-34
C00841,New,55+
C00842,Regular,55+
C00843,New,45-54
C00844,Loyal,25-34
C00845,New,35-44
C00846,Regular,45-54
C00847,New,35-44
C00848,Loyal,35-44
C00849,Regular,55+
C00850,Regular,35-44
C00851,New,55+
C00852,Regular,18-24
C00853,New,18-24
C00854,Loyal,25-34
C00855,New,25-34
C00856,New,35-44
C00857,New,18-24
C00858,Regular,55+
C00859,Regular,25-34
C00860,New,25-34
C00861,Regular,25-34
C00862,Regular,25-34
C00863,Regular,18-24
C00864,Regular,18-24
C00865,Regular,35-44
C00866,Regular,18-24
C00867,New,25-34
C00868,New,35-44
C00869,Loyal,18-24
C00870,Loyal,25-34
C00871,Regular,18-24
C00872,New,25-34
C00873,Regular,35-44
C00874,Regular,18-24
C00875,New,45-54
C00876,New,45-54
C00877,Regular,18-24
C00878,Regular,55+
C00879,New,25-34
C00880,New,18-24
C00881,New,18-24
C00882,Regular,25-34
C00883,New,35-44
C00884,New,25-34
C00885,Regular,45-54
C00886,New,35-44
C00887,Regular,25-34
C00888,New,35-44
C00889,New,55+
C00890,New,18-24
C00891,Regular,25-34
C00892,Loyal,25-34
C00893,Loyal,25-34
C00894,Regular,25-34
C00895,Regular,25-34
C00896,New,35-44
C00897,New,35-44
C00898,Loyal,25-34
C00899,New,18-24
C00900,New,25-34
C00901,New,25-34
C00902,New,25-34
C00903,New,45-54
C00904,Regular,25-34
C00905,Regular,18-24
C00906,Loyal,25-34
C00907,Loyal,45-54
C00908,Regular,35-44
C00909,New,25-34
C00910,Regular,25-34
C00911,Regular,25-34
C00912,New,25-34
C00913,Regular,55+
C00914,Regular,35-44
C00915,Regular,35-44
C00916,Regular,25-34
C00917,New,25-34
C00918,Loyal,45-54
C00919,Regular,25-34
C00920,New,55+
C00921,Loyal,25-34
C00922,Regular,18-24
C00923,Loyal,35-44
C00924,Regular,18-24
C00925,Regular,25-34
C00926,New,25-34
C00927,New,35-44
C00928,Regular,25-34
C00929,Regular,18-24
C00930,New,35-44
C00931,New,25-34
C00932,Loyal,45-54
C00933,Loyal,25-34
C00934,Regular,35-44
C00935,New,25-34
C00936,New,35-44
C00937,New,35-44
C00938,Loyal,45-54
C00939,New,18-24
C00940,Regular,25-34
C00941,New,35-44
C00942,Regular,18-24
C00943,Regular,25-34
C00944,Loyal,55+
C00945,New,25-34
C00946,New,55+
C00947,New,18-24
C00948,Loyal,35-44
C00949,Loyal,35-44
C00950,Regular,25-34
C00951,Regular,55+
C00952,Regular,18-24
C00953,New,45-54
C00954,Loyal,35-44
C00955,Regular,25-34
C00956,Regular,45-54
C00957,Regular,25-34
C00958,New,45-54
C00959,New,25-34
C00960,Regular,45-54
C00961,New,35-44
C00962,Regular,18-24
C00963,New,35-44
C00964,Regular,18-24
C00965,New,25-34
C00966,Regular,18-24
C00967,Regular,18-24
C00968,New,25-34
C00969,Regular,25-34
C00970,Regular,25-34
C00971,Regular,25-34
C00972,Loyal,25-34
C00973,Regular,35-44
C00974,New,35-44
C00975,New,25-34
C00976,New,45-54
C00977,Regular,35-44
C00978,New,35-44
C00979,Regular,25-34
C00980,Regular,18-24
C00981,Regular,45-54
C00982,Regular,45-54
C00983,New,18-24
C00984,New,25-34
C00985,Regular,35-44
C00986,Regular,35-44
C00987,Regular,45-54
C00988,Regular,18-24
C00989,New,25-34
C00990,Loyal,18-24
C00991,Regular,25-34
C00992,Regular,18-24
C00993,New,45-54
C00994,Regular,25-34
C00995,Regular,45-54
C00996,New,18-24
C00997,Loyal,25-34
C00998,New,25-34
C00999,Loyal,25-34
C01000,Regular,45-54
C01001,New,25-34
C01002,Regular,25-34
C01003,Loyal,18-24
C01004,Regular,18-24
C01005,Loyal,35-44
C01006,Regular,25-34
C01007,Regular,35-44
C01008,Loyal,35-44
C01009,New,18-24
C01010,Regular,18-24
C01011,New,35-44
C01012,Loyal,35-44
C01013,Loyal,25-34
C01014,New,18-24
C01015,Regular,18-24
C01016,Loyal,25-34
C01017,New,18-24
C01018,Regular,25-34
C01019,Loyal,25-34
C01020,New,18-24
C01021,Regular,18-24
C01022,New,45-54
C01023,Loyal,35-44
C01024,Loyal,55+
C01025,Loyal,25-34
C01026,Regular,35-44
C01027,Loyal,25-34
C01028,Loyal,35-44
C01029,New,18-24
C01030,Loyal,18-24
C01031,New,55+
C01032,Regular,25-34
C01033,New,45-54
C01034,New,25-34
C01035,New,25-34
C01036,Regular,25-34
C01037,Regular,35-44
C01038,Regular,25-34
C01039,New,45-54
C01040,New,18-24
C01041,Regular,35-44
C01042,Regular,25-34
C01043,New,18-24
C01044,Regular,25-34
C01045,Loyal,25-34
C01046,Regular,18-24
C01047,New,25-34
C01048,New,25-34
C01049,Loyal,25-34
C01050,New,25-34
C01051,Loyal,18-24
C01052,Regular,18-24
C01053,Loyal,55+
C01054,Regular,55+
C01055,Loyal,25-34
C01056,Regular,55+
C01057,Regular,35-44
C01058,Regular,18-24
C01059,Regular,18-24
C01060,Regular,45-54
C01061,Loyal,35-44
C01062,Loyal,45-54
C01063,Regular,45-54
C01064,Regular,25-34
C01065,Regular,18-24
C01066,Regular,18-24
C01067,New,18-24
C01068,New,18-24
C01069,Regular,25-34
C01070,New,18-24
C01071,New,18-24
C01072,New,25-34
C01073,New,25-34
C01074,New,25-34
C01075,Loyal,25-34
C01076,Regular,35-44
C01077,Regular,55+
C01078,Regular,18-24
C01079,New,18-24
C01080,Loyal,45-54
C01081,Regular,25-34
C01082,New,35-44
C01083,Regular,25-34
C01084,Loyal,45-54
C01085,Loyal,45-54
C01086,Regular,35-44
C01087,Regular,18-24
C01088,New,45-54
C01089,Loyal,35-44
C01090,New,35-44
C01091,Loyal,18-24
C01092,Regular,35-44
C01093,Regular,18-24
C01094,Regular,25-34
C01095,New,25-34
C01096,New,25-34
C01097,New,35-44
C01098,New,35-44
C01099,Regular,18-24
C01100,Regular,35-44
C01101,New,45-54
C01102,Loyal,18-24
C01103,Loyal,35-44
C01104,Loyal,25-34
C01105,Loyal,25-34
C01106,New,25-34
C01107,Regular,25-34
C01108,Regular,18-24
C01109,Regular,55+
C01110,New,35-44
C01111,Loyal,25-34
C01112,New,25-34
C01113,New,25-34
C01114,Regular,25-34
C01115,Regular,25-34
C01116,Regular,25-34
C01117,New,25-34
C01118,Loyal,18-24
C01119,New,25-34
C01120,New,45-54
C01121,Loyal,18-24
C01122,Loyal,18-24
C01123,Loyal,25-34
C01124,Loyal,55+
C01125,Regular,45-54
C01126,Regular,35-44
C01127,New,45-54
C01128,Regular,25-34
C01129,Regular,55+
C01130,New,25-34
C01131,Regular,25-34
C01132,Regular,35-44
C01133,New,25-34
C01134,New,35-44
C01135,Regular,25-34
C01136,New,35-44
C01137,Loyal,25-34
C01138,Regular,18-24
C01139,Regular,45-54
C01140,Regular,45-54
C01141,Loyal,55+
C01142,Regular,35-44
C01143,Regular,35-44
C01144,Regular,25-34
C01145,New,18-24
C01146,Loyal,18-24
C01147,Regular,25-34
C01148,Regular,45-54
C01149,Loyal,18-24
C01150,Loyal,45-54
C01151,Regular,25-34
C01152,Loyal,35-44
C01153,Regular,18-24
C01154,Regular,25-34
C01155,Regular,55+
C01156,Regular,25-34
C01157,New,25-34
C01158,Loyal,18-24
C01159,Loyal,18-24
C01160,New,25-34
C01161,Loyal,35-44
C01162,New,25-34
C01163,Regular,25-34
C01164,Regular,18-24
C01165,New,45-54
C01166,Loyal,35-44
C01167,Loyal,18-24
C01168,Regular,25-34
C01169,New,18-24
C01170,New,35-44
C01171,Regular,35-44
C01172,Loyal,45-54
C01173,Regular,25-34
C01174,New,25-34
C01175,Regular,18-24
C01176,Regular,25-34
C01177,Regular,25-34
C01178,New,18-24
C01179,Regular,35-44
C01180,Regular,25-34
C01181,Loyal,45-54
C01182,Regular,25-34
C01183,Regular,45-54
C01184,Loyal,55+
C01185,New,45-54
C01186,Loyal,35-44
C01187,Regular,45-54
C01188,New,25-34
C01189,New,18-24
C01190,Regular,35-44
C01191,New,35-44
C01192,Regular,55+
C01193,Regular,25-34
C01194,Regular,25-34
C01195,New,35-44
C01196,Loyal,55+
C01197,Loyal,18-24
C01198,Loyal,25-34
C01199,Regular,25-34
C01200,New,18-24
C01201,Regular,18-24
C01202,New,25-34
C01203,New,45-54
C01204,Regular,18-24
C01205,Regular,25-34
C01206,Regular,35-44
C01207,Regular,55+
C01208,Regular,55+
C01209,New,25-34
C01210,Loyal,55+
C01211,Regular,18-24
C01212,Regular,35-44
C01213,New,35-44
C01214,Regular,25-34
C01215,Regular,25-34
C01216,New,18-24
C01217,New,45-54
C01218,Regular,25-34
C01219,Regular,35-44
C01220,New,18-24
C01221,Loyal,25-34
C01222,New,55+
C01223,Regular,35-44
C01224,Loyal,55+
C01225,Regular,25-34
C01226,Regular,18-24
C01227,Regular,25-34
C01228,New,25-34
C01229,Loyal,18-24
C01230,Regular,35-44
C01231,Loyal,25-34
C01232,New,18-24
C01233,New,25-34
C01234,New,25-34
C01235,Regular,35-44
C01236,Regular,25-34
C01237,Loyal,25-34
C01238,Regular,18-24
C01239,Loyal,45-54
C01240,New,45-54
C01241,Loyal,35-44
C01242,Regular,18-24
C01243,Regular,25-34
C01244,Loyal,35-44
C01245,Regular,55+
C01246,Regular,55+
C01247,New,45-54
C01248,New,18-24
C01249,Loyal,55+
C01250,Regular,35-44
C01251,Regular,45-54
C01252,Regular,25-34
C01253,New,25-34
C01254,New,25-34
C01255,Regular,18-24
C01256,Regular,25-34
C01257,New,45-54
C01258,Regular,18-24
C01259,New,18-24
C01260,Regular,18-24
C01261,New,25-34
C01262,Regular,55+
C01263,New,18-24
C01264,Regular,18-24
C01265,New,45-54
C01266,New,45-54
C01267,Regular,18-24
C01268,Regular,35-44
C01269,Regular,35-44
C01270,New,35-44
C01271,Regular,25-34
C01272,Loyal,55+
C01273,Regular,18-24
C01274,New,25-34
C01275,Regular,25-34
C01276,New,25-34
C01277,New,45-54
C01278,Loyal,25-34
C01279,New,18-24
C01280,Regular,25-34
C01281,Regular,25-34
C01282,Regular,55+
C01283,Regular,35-44
C01284,New,35-44
C01285,Regular,35-44
C01286,Regular,35-44
C01287,New,35-44
C01288,Regular,25-34
C01289,New,45-54
C01290,New,35-44
C01291,Regular,35-44
C01292,New,55+
C01293,Regular,45-54
C01294,Regular,45-54
C01295,Loyal,55+
C01296,New,18-24
C01297,New,25-34
C01298,New,35-44
C01299,Regular,25-34
C01300,Regular,45-54
C01301,New,35-44
C01302,Loyal,35-44
C01303,New,55+
C01304,Regular,25-34
C01305,Regular,35-44
C01306,Loyal,25-34
C01307,Regular,25-34
C01308,Loyal,18-24
C01309,Regular,45-54
C01310,Loyal,35-44
C01311,New,45-54
C01312,Loyal,25-34
C01313,Regular,25-34
C01314,Loyal,25-34
C01315,Regular,25-34
C01316,Regular,55+
C01317,Regular,18-24
C01318,Regular,55+
C01319,New,55+
C01320,New,55+
C01321,New,25-34
C01322,New,55+
C01323,Loyal,25-34
C01324,New,18-24
C01325,Loyal,25-34
C01326,Regular,55+
C01327,New,18-24
C01328,Regular,25-34
C01329,Regular,18-24
C01330,Regular,25-34
C01331,Regular,18-24
C01332,Regular,45-54
C01333,New,35-44
C01334,Loyal,45-54
C01335,Loyal,35-44
C01336,Regular,55+
C01337,New,25-34
C01338,Regular,35-44
C01339,New,25-34
C01340,New,25-34
C01341,New,45-54
C01342,Regular,35-44
C01343,Loyal,45-54
C01344,Regular,35-44
C01345,Regular,18-24
C01346,Regular,35-44
C01347,Regular,18-24
C01348,Regular,35-44
C01349,Loyal,35-44
C01350,New,55+
C01351,Loyal,18-24
C01352,Regular,18-24
C01353,Regular,18-24
C01354,Regular,25-34
C01355,Regular,45-54
C01356,Loyal,45-54
C01357,Loyal,35-44
C01358,Regular,45-54
C01359,New,25-34
C01360,Regular,18-24
C01361,Loyal,18-24
C01362,New,45-54
C01363,Regular,35-44
C01364,Regular,35-44
C01365,Regular,25-34
C01366,New,25-34
C01367,Regular,55+
C01368,Loyal,18-24
C01369,New,35-44
C01370,New,25-34
C01371,Loyal,18-24
C01372,New,35-44
C01373,Loyal,25-34
C01374,Regular,35-44
C01375,New,35-44
C01376,Loyal,25-34
C01377,Regular,35-44
C01378,Regular,35-44
C01379,Regular,25-34
C01380,Regular,35-44
C01381,New,35-44
C01382,Regular,18-24
C01383,Loyal,45-54
C01384,New,25-34
C01385,Regular,45-54
C01386,Regular,45-54
C01387,Regular,25-34
C01388,New,25-34
C01389,Loyal,25-34
C01390,Regular,25-34
C01391,New,45-54
C01392,New,35-44
C01393,New,18-24
C01394,Regular,35-44
C01395,Regular,55+
C01396,Loyal,35-44
C01397,Regular,35-44
C01398,New,35-44
C01399,Regular,25-34
C01400,Regular,25-34
C01401,New,35-44
C01402,New,25-34
C01403,New,25-34
C01404,Regular,35-44
C01405,Regular,35-44
C01406,Regular,25-34
C01407,Loyal,18-24
C01408,Loyal,25-34
C01409,Regular,25-34
C01410,Loyal,25-34
C01411,New,25-34
C01412,New,18-24
C01413,New,25-34
C01414,New,25-34
C01415,Regular,25-34
C01416,Loyal,25-34
C01417,New,25-34
C01418,New,45-54
C01419,Regular,18-24
C01420,Loyal,35-44
C01421,New,45-54
C01422,Regular,25-34
C01423,New,45-54
C01424,New,18-24
C01425,Loyal,25-34
C01426,Loyal,25-34
C01427,New,18-24
C01428,Loyal,25-34
C01429,Regular,25-34
C01430,Loyal,35-44
C01431,Regular,55+
C01432,Regular,18-24
C01433,Regular,25-34
C01434,Regular,25-34
C01435,New,25-34
C01436,New,35-44
C01437,New,25-34
C01438,Regular,18-24
C01439,New,35-44
C01440,Regular,45-54
C01441,Loyal,25-34
C01442,New,35-44
C01443,Regular,18-24
C01444,Regular,25-34
C01445,Loyal,25-34
C01446,New,25-34
C01447,Regular,45-54
C01448,Loyal,25-34
C01449,Loyal,18-24
C01450,Regular,25-34
C01451,Regular,25-34
C01452,Regular,35-44
C01453,Loyal,25-34
C01454,Regular,25-34
C01455,New,25-34
C01456,Loyal,25-34
C01457,Regular,18-24
C01458,Regular,18-24
C01459,New,25-34
C01460,Regular,18-24
C01461,Regular,25-34
C01462,Regular,35-44
C01463,New,35-44
C01464,Regular,35-44
C01465,Loyal,45-54
C01466,New,25-34
C01467,Loyal,45-54
C01468,Regular,25-34
C01469,Loyal,25-34
C01470,Regular,25-34
C01471,Regular,18-24
C01472,Regular,55+
C01473,Loyal,18-24
C01474,Regular,25-34
C01475,Regular,25-34
C01476,Regular,18-24
C01477,Loyal,18-24
C01478,Regular,18-24
C01479,Regular,25-34
C01480,Regular,45-54
C01481,Loyal,25-34
C01482,New,18-24
C01483,Regular,35-44
C01484,New,55+
C01485,Regular,25-34
C01486,Regular,25-34
C01487,Regular,55+
C01488,Regular,18-24
C01489,Regular,25-34
C01490,Regular,25-34
C01491,New,55+
C01492,Regular,55+
C01493,New,45-54
C01494,New,25-34
C01495,Regular,25-34
C01496,Regular,25-34
C01497,Regular,45-54
C01498,Regular,45-54
C01499,Regular,25-34
C01500,Loyal,35-44
C01501,Regular,18-24
C01502,Regular,25-34
C01503,New,35-44
C01504,Regular,25-34
C01505,Regular,25-34
C01506,Regular,18-24
C01507,Regular,45-54
C01508,Regular,45-54
C01509,Regular,55+
C01510,Regular,35-44
C01511,Loyal,25-34
C01512,Regular,25-34
C01513,Loyal,55+
C01514,New,35-44
C01515,New,35-44
C01516,New,35-44
C01517,Regular,45-54
C01518,Loyal,18-24
C01519,New,25-34
C01520,Loyal,35-44
C01521,New,45-54
C01522,Loyal,35-44
C01523,Regular,25-34
C01524,New,25-34
C01525,Regular,35-44
C01526,New,35-44
C01527,New,35-44
C01528,New,25-34
C01529,Loyal,45-54
C01530,Regular,25-34
C01531,New,35-44
C01532,Regular,25-34
C01533,Regular,25-34
C01534,New,45-54
C01535,Regular,18-24
C01536,New,25-34
C01537,New,25-34
C01538,Regular,35-44
C01539,New,25-34
C01540,Regular,25-34
C01541,Regular,45-54
C01542,New,25-34
C01543,Regular,18-24
C01544,New,18-24
C01545,Loyal,55+
C01546,Regular,18-24
C01547,Loyal,35-44
C01548,Regular,25-34
C01549,New,45-54
C01550,Regular,35-44
C01551,Loyal,35-44
C01552,Regular,18-24
C01553,Loyal,45-54
C01554,Loyal,25-34
C01555,New,55+
C01556,New,25-34
C01557,Regular,35-44
C01558,Regular,18-24
C01559,Loyal,35-44
C01560,Loyal,25-34
C01561,Regular,25-34
C01562,New,18-24
C01563,Regular,18-24
C01564,New,18-24
C01565,Loyal,25-34
C01566,Regular,45-54
C01567,Regular,25-34
C01568,New,35-44
C01569,Regular,18-24
C01570,Regular,35-44
C01571,Regular,25-34
C01572,New,55+
C01573,Regular,45-54
C01574,Loyal,25-34
C01575,New,35-44
C01576,New,18-24
C01577,New,25-34
C01578,Regular,18-24
C01579,Regular,25-34
C01580,Regular,25-34
C01581,New,35-44
C01582,Regular,25-34
C01583,Regular,35-44
C01584,Regular,25-34
C01585,Loyal,18-24
C01586,New,35-44
C01587,Regular,45-54
C01588,Regular,45-54
C01589,Regular,25-34
C01590,Regular,35-44
C01591,Regular,35-44
C01592,Loyal,18-24
C01593,New,18-24
C01594,New,18-24
C01595,Regular,25-34
C01596,Regular,25-34
C01597,New,55+
C01598,New,25-34
C01599,New,35-44
C01600,Loyal,35-44
C01601,New,25-34
C01602,Regular,18-24
C01603,New,25-34
C01604,Regular,35-44
C01605,New,55+
C01606,Regular,25-34
C01607,New,45-54
C01608,Loyal,25-34
C01609,New,35-44
C01610,Regular,35-44
C01611,Loyal,18-24
C01612,Regular,18-24
C01613,Regular,18-24
C01614,Regular,25-34
C01615,Regular,35-44
C01616,Regular,18-24
C01617,Loyal,35-44
C01618,Regular,25-34
C01619,Regular,35-44
C01620,Regular,35-44
C01621,Regular,35-44
C01622,New,25-34
C01623,Regular,25-34
C01624,Loyal,45-54
C01625,New,18-24
C01626,Regular,25-34
C01627,New,18-24
C01628,Regular,35-44
C01629,New,35-44
C01630,Regular,35-44
C01631,Regular,25-34
C01632,Regular,18-24
C01633,Regular,45-54
C01634,Regular,25-34
C01635,Loyal,25-34
C01636,New,35-44
C01637,Regular,18-24
C01638,New,18-24
C01639,Loyal,25-34
C01640,Loyal,25-34
C01641,Regular,25-34
C01642,Loyal,45-54
C01643,Regular,25-34
C01644,Regular,25-34
C01645,New,35-44
C01646,Regular,55+
C01647,New,18-24
C01648,Loyal,45-54
C01649,Regular,35-44
C01650,Regular,18-24
C01651,New,25-34
C01652,New,25-34
C01653,New,35-44
C01654,Regular,25-34
C01655,New,25-34
C01656,Loyal,35-44
C01657,Regular,25-34
C01658,New,45-54
C01659,Regular,45-54
C01660,Regular,25-34
C01661,Regular,55+
C01662,Regular,18-24
C01663,Loyal,18-24
C01664,Regular,25-34
C01665,Loyal,35-44
C01666,Loyal,35-44
C01667,New,25-34
C01668,Loyal,18-24
C01669,New,18-24
C01670,Loyal,45-54
C01671,Regular,45-54
C01672,Loyal,35-44
C01673,Loyal,35-44
C01674,Loyal,35-44
C01675,Regular,25-34
C01676,New,25-34
C01677,New,35-44
C01678,Regular,25-34
C01679,New,18-24
C01680,Regular,55+
C01681,Regular,45-54
C01682,Loyal,25-34
C01683,Regular,35-44
C01684,Loyal,45-54
C01685,New,18-24
C01686,Loyal,25-34
C01687,Loyal,25-34
C01688,Regular,25-34
C01689,Regular,45-54
C01690,Regular,25-34
C01691,New,18-24
C01692,Regular,18-24
C01693,Regular,18-24
C01694,New,25-34
C01695,Regular,35-44
C01696,New,25-34
C01697,New,35-44
C01698,New,35-44
C01699,Loyal,25-34
C01700,Regular,35-44
C01701,Loyal,35-44
C01702,Regular,25-34
C01703,New,25-34
C01704,Regular,35-44
C01705,Regular,55+
C01706,New,25-34
C01707,Regular,25-34
C01708,New,25-34
C01709,Regular,18-24
C01710,Regular,25-34
C01711,New,25-34
C01712,New,18-24
C01713,Regular,25-34
C01714,Regular,18-24
C01715,New,25-34
C01716,Loyal,18-24
C01717,New,18-24
C01718,Regular,45-54
C01719,Loyal,45-54
C01720,New,25-34
C01721,New,25-34
C01722,New,25-34
C01723,New,25-34
C01724,New,25-34
C01725,Regular,25-34
C01726,New,35-44
C01727,Regular,18-24
C01728,Loyal,18-24
C01729,Loyal,35-44
C01730,Regular,35-44
C01731,New,25-34
C01732,Regular,25-34
C01733,Regular,25-34
C01734,Regular,25-34
C01735,New,25-34
C01736,Loyal,25-34
C01737,Regular,25-34
C01738,New,35-44
C01739,Regular,35-44
C01740,Regular,25-34
C01741,Loyal,25-34
C01742,Regular,25-34
C01743,Regular,25-34
C01744,New,25-34
C01745,Regular,45-54
C01746,Regular,35-44
C01747,New,45-54
C01748,New,35-44
C01749,Regular,55+
C01750,New,35-44
C01751,Regular,55+
C01752,New,18-24
C01753,New,18-24
C01754,New,25-34
C01755,Loyal,55+
C01756,Loyal,25-34
C01757,Loyal,25-34
C01758,Regular,25-34
C01759,New,35-44
C01760,Regular,25-34
C01761,Regular,35-44
C01762,Loyal,55+
C01763,New,45-54
C01764,Regular,25-34
C01765,New,25-34
C01766,Regular,25-34
C01767,Regular,25-34
C01768,Regular,18-24
C01769,Regular,35-44
C01770,Regular,25-34
C01771,Regular,45-54
C01772,Regular,45-54
C01773,Loyal,18-24
C01774,Loyal,55+
C01775,Regular,35-44
C01776,New,25-34
C01777,Regular,25-34
C01778,Regular,25-34
C01779,New,25-34
C01780,Loyal,35-44
C01781,New,18-24
C01782,Loyal,35-44
C01783,Regular,25-34
C01784,Regular,18-24
C01785,Regular,25-34
C01786,Loyal,25-34
C01787,Regular,25-34
C01788,Regular,18-24
C01789,New,45-54
C01790,Regular,35-44
C01791,New,18-24
C01792,Regular,25-34
C01793,Regular,25-34
C01794,Regular,18-24
C01795,New,35-44
C01796,New,45-54
C01797,Regular,35-44
C01798,New,25-34
C01799,New,45-54
C01800,New,25-34
C01801,Loyal,55+
C01802,Regular,18-24
C01803,Regular,25-34
C01804,New,35-44
C01805,Regular,25-34
C01806,Regular,35-44
C01807,Regular,35-44
C01808,New,18-24
C01809,New,35-44
C01810,New,25-34
C01811,Regular,18-24
C01812,Regular,55+
C01813,New,45-54
C01814,New,25-34
C01815,New,25-34
C01816,Loyal,25-34
C01817,New,35-44
C01818,Regular,55+
C01819,Regular,25-34
C01820,Regular,45-54
C01821,New,25-34
C01822,New,25-34
C01823,Regular,55+
C01824,Regular,25-34
C01825,Regular,25-34
C01826,Regular,35-44
C01827,New,25-34
C01828,Loyal,25-34
C01829,Regular,55+
C01830,New,35-44
C01831,Loyal,45-54
C01832,Regular,25-34
C01833,Regular,25-34
C01834,Regular,55+
C01835,Loyal,25-34
C01836,Regular,18-24
C01837,New,25-34
C01838,Regular,25-34
C01839,Loyal,18-24
C01840,New,45-54
C01841,Regular,55+
C01842,Regular,25-34
C01843,Regular,35-44
C01844,Regular,45-54
C01845,Loyal,35-44
C01846,New,18-24
C01847,New,18-24
C01848,New,18-24
C01849,Loyal,18-24
C01850,Regular,25-34
C01851,New,25-34
C01852,Loyal,25-34
C01853,Loyal,18-24
C01854,Loyal,25-34
C01855,Loyal,25-34
C01856,New,35-44
C01857,Regular,18-24
C01858,Regular,45-54
C01859,Loyal,55+
C01860,Regular,35-44
C01861,Regular,35-44
C01862,Regular,55+
C01863,New,25-34
C01864,Regular,55+
C01865,Loyal,35-44
C01866,Loyal,35-44
C01867,New,25-34
C01868,New,25-34
C01869,New,35-44
C01870,Regular,35-44
C01871,Loyal,35-44
C01872,New,18-24
C01873,Regular,25-34
C01874,Loyal,25-34
C01875,Regular,25-34
C01876,Regular,18-24
C01877,Regular,18-24
C01878,Regular,25-34
C01879,New,25-34
C01880,Regular,18-24
C01881,Regular,55+
C01882,Loyal,35-44
C01883,Regular,35-44
C01884,Regular,18-24
C01885,New,35-44
C01886,Regular,25-34
C01887,New,55+
C01888,New,35-44
C01889,Regular,25-34
C01890,Loyal,45-54
C01891,New,18-24
C01892,Regular,18-24
C01893,Loyal,35-44
C01894,New,18-24
C01895,Regular,18-24
C01896,Regular,35-44
C01897,Regular,25-34
C01898,New,35-44
C01899,Regular,45-54
C01900,Regular,25-34
C01901,Regular,25-34
C01902,New,18-24
C01903,Regular,18-24
C01904,New,18-24
C01905,Regular,18-24
C01906,New,25-34
C01907,Loyal,25-34
C01908,Regular,35-44
C01909,Regular,45-54
C01910,New,35-44
C01911,New,25-34
C01912,Loyal,18-24
C01913,Loyal,35-44
C01914,Regular,25-34
C01915,Regular,18-24
C01916,Regular,45-54
C01917,Loyal,25-34
C01918,Regular,25-34
C01919,Regular,45-54
C01920,Regular,45-54
C01921,Regular,25-34
C01922,New,25-34
C01923,Regular,25-34
C01924,Regular,35-44
C01925,Regular,18-24
C01926,New,35-44
C01927,Regular,55+
C01928,Regular,25-34
C01929,Regular,45-54
C01930,New,55+
C01931,Regular,25-34
C01932,Regular,35-44
C01933,Regular,25-34
C01934,Regular,35-44
C01935,Regular,35-44
C01936,Loyal,25-34
C01937,New,35-44
C01938,Loyal,45-54
C01939,Regular,25-34
C01940,New,18-24
C01941,New,18-24
C01942,Regular,25-34
C01943,Regular,55+
C01944,Regular,45-54
C01945,Regular,25-34
C01946,Regular,25-34
C01947,Regular,25-34
C01948,New,18-24
C01949,Regular,25-34
C01950,Regular,25-34
C01951,New,25-34
C01952,New,55+
C01953,Regular,35-44
C01954,Regular,35-44
C01955,Loyal,18-24
C01956,Loyal,55+
C01957,Regular,35-44
C01958,Regular,45-54
C01959,Regular,25-34
C01960,Regular,25-34
C01961,New,25-34
C01962,Regular,18-24
C01963,Loyal,35-44
C01964,Regular,45-54
C01965,Regular,18-24
C01966,Regular,18-24
C01967,New,35-44
C01968,Regular,25-34
C01969,Regular,35-44
C01970,New,35-44
C01971,New,25-34
C01972,Loyal,45-54
C01973,New,25-34
C01974,Regular,45-54
C01975,New,35-44
C01976,Loyal,45-54
C01977,New,18-24
C01978,Regular,25-34
C01979,Loyal,18-24
C01980,Loyal,25-34
C01981,New,45-54
C01982,Loyal,25-34
C01983,Regular,45-54
C01984,Regular,25-34
C01985,New,25-34
C01986,New,45-54
C01987,Regular,25-34
C01988,Regular,35-44
C01989,Regular,25-34
C01990,Regular,55+
C01991,Regular,25-34
C01992,New,35-44
C01993,Regular,18-24
C01994,New,25-34
C01995,Regular,45-54
C01996,Regular,45-54
C01997,Loyal,18-24
C01998,New,25-34
C01999,New,25-34
C02000,New,18-24
C02001,New,35-44
C02002,New,18-24
C02003,Loyal,25-34
C02004,New,35-44
C02005,New,25-34
C02006,Regular,35-44
C02007,Regular,55+
C02008,Regular,18-24
C02009,New,35-44
C02010,Regular,25-34
C02011,New,25-34
C02012,New,18-24
C02013,Loyal,18-24
C02014,New,25-34
C02015,Regular,25-34
C02016,Regular,45-54
C02017,Regular,35-44
C02018,Loyal,55+
C02019,New,35-44
C02020,Regular,25-34
C02021,Loyal,25-34
C02022,Regular,25-34
C02023,Loyal,25-34
C02024,New,35-44
C02025,Regular,25-34
C02026,New,25-34
C02027,Regular,18-24
C02028,Loyal,18-24
C02029,New,25-34
C02030,Regular,18-24
C02031,New,35-44
C02032,Regular,18-24
C02033,Regular,35-44
C02034,Loyal,25-34
C02035,Regular,18-24
C02036,Regular,45-54
C02037,New,25-34
C02038,New,25-34
C02039,New,45-54
C02040,New,18-24
C02041,Loyal,25-34
C02042,Regular,35-44
C02043,Regular,35-44
C02044,New,25-34
C02045,Loyal,18-24
C02046,Regular,45-54
C02047,New,25-34
C02048,Regular,18-24
C02049,Regular,25-34
C02050,New,45-54
C02051,Regular,18-24
C02052,Regular,35-44
C02053,New,25-34
C02054,Loyal,25-34
C02055,Loyal,35-44
C02056,Regular,55+
C02057,Regular,25-34
C02058,Regular,18-24
C02059,Regular,45-54
C02060,Regular,35-44
C02061,New,25-34
C02062,Regular,25-34
C02063,Loyal,35-44
C02064,Regular,35-44
C02065,New,45-54
C02066,Regular,25-34
C02067,New,25-34
C02068,New,35-44
C02069,New,25-34
C02070,Regular,35-44
C02071,Regular,25-34
C02072,Regular,18-24
C02073,New,25-34
C02074,Loyal,35-44
C02075,Loyal,35-44
C02076,Loyal,25-34
C02077,New,18-24
C02078,Regular,25-34
C02079,Loyal,35-44
C02080,Regular,25-34
C02081,New,35-44
C02082,New,25-34
C02083,Regular,25-34
C02084,Loyal,35-44
C02085,Regular,18-24
C02086,Regular,25-34
C02087,New,25-34
C02088,Regular,18-24
C02089,Loyal,25-34
C02090,Regular,25-34
C02091,Regular,35-44
C02092,Loyal,35-44
C02093,New,35-44
C02094,Regular,25-34
C02095,New,35-44
C02096,Regular,25-34
C02097,Regular,25-34
C02098,Regular,35-44
C02099,Regular,55+
C02100,Regular,18-24
C02101,Loyal,45-54
C02102,Regular,18-24
C02103,New,25-34
C02104,Regular,25-34
C02105,Regular,35-44
C02106,New,18-24
C02107,Loyal,45-54
C02108,Loyal,45-54
C02109,New,35-44
C02110,Loyal,25-34
C02111,New,55+
C02112,New,45-54
C02113,New,25-34
C02114,Loyal,35-44
C02115,Regular,25-34
C02116,New,35-44
C02117,Regular,25-34
C02118,Regular,25-34
C02119,New,18-24
C02120,Loyal,25-34
C02121,Loyal,35-44
C02122,Regular,55+
C02123,Loyal,55+
C02124,Regular,25-34
C02125,Loyal,35-44
C02126,Regular,18-24
C02127,Regular,35-44
C02128,New,18-24
C02129,Loyal,25-34
C02130,Regular,35-44
C02131,New,25-34
C02132,New,18-24
C02133,Regular,45-54
C02134,Regular,25-34
C02135,Regular,18-24
C02136,Loyal,18-24
C02137,New,25-34
C02138,Regular,18-24
C02139,New,35-44
C02140,Loyal,25-34
C02141,Loyal,45-54
C02142,Regular,18-24
C02143,Regular,25-34
C02144,New,35-44
C02145,Regular,35-44
C02146,Loyal,35-44
C02147,Regular,45-54
C02148,Regular,25-34
C02149,Regular,25-34
C02150,Loyal,45-54
C02151,Regular,18-24
C02152,New,18-24
C02153,Regular,25-34
C02154,Loyal,35-44
C02155,New,25-34
C02156,New,18-24
C02157,New,25-34
C02158,Regular,35-44
C02159,Regular,25-34
C02160,Regular,25-34
C02161,Regular,35-44
C02162,Regular,55+
C02163,Regular,35-44
C02164,Loyal,35-44
C02165,Regular,25-34
C02166,Loyal,25-34
C02167,Regular,25-34
C02168,New,45-54
C02169,Regular,25-34
C02170,Regular,45-54
C02171,Regular,55+
C02172,New,18-24
C02173,New,18-24
C02174,Loyal,18-24
C02175,New,25-34
C02176,Loyal,18-24
C02177,New,45-54
C02178,Regular,18-24
C02179,Regular,25-34
C02180,Regular,18-24
C02181,New,55+
C02182,New,35-44
C02183,New,45-54
C02184,New,55+
C02185,Regular,25-34
C02186,Loyal,25-34
C02187,Loyal,18-24
C02188,Regular,25-34
C02189,Regular,35-44
C02190,Regular,18-24
C02191,New,18-24
C02192,Loyal,35-44
C02193,Regular,35-44
C02194,Regular,35-44
C02195,New,25-34
C02196,Regular,45-54
C02197,Regular,25-34
C02198,Loyal,18-24
C02199,Regular,35-44
C02200,Regular,55+
C02201,Loyal,18-24
C02202,New,25-34
C02203,Regular,25-34
C02204,New,18-24
C02205,Regular,45-54
C02206,Loyal,25-34
C02207,New,35-44
C02208,Loyal,35-44
C02209,New,35-44
C02210,Loyal,18-24
C02211,Regular,25-34
C02212,Loyal,18-24
C02213,New,25-34
C02214,Loyal,25-34
C02215,Regular,45-54
C02216,New,25-34
C02217,Loyal,35-44
C02218,New,25-34
C02219,Loyal,35-44
C02220,New,55+
C02221,Regular,25-34
C02222,Regular,45-54
C02223,New,35-44
C02224,New,45-54
C02225,New,35-44
C02226,Regular,25-34
C02227,New,25-34
C02228,Regular,18-24
C02229,New,25-34
C02230,New,55+
C02231,Regular,35-44
C02232,New,25-34
C02233,Loyal,45-54
C02234,Loyal,35-44
C02235,Regular,25-34
C02236,Regular,18-24
C02237,Loyal,18-24
C02238,New,45-54
C02239,New,45-54
C02240,New,25-34
C02241,Regular,25-34
C02242,New,35-44
C02243,Regular,55+
C02244,Loyal,35-44
C02245,Loyal,35-44
C02246,Regular,25-34
C02247,New,25-34
C02248,Loyal,25-34
C02249,Regular,45-54
C02250,New,25-34
C02251,New,45-54
C02252,Loyal,25-34
C02253,Regular,45-54
C02254,Loyal,25-34
C02255,Loyal,25-34
C02256,Regular,35-44
C02257,Regular,18-24
C02258,Regular,55+
C02259,New,25-34
C02260,Regular,25-34
C02261,Regular,45-54
C02262,Regular,45-54
C02263,Loyal,25-34
C02264,Regular,45-54
C02265,Regular,18-24
C02266,Regular,18-24
C02267,Regular,35-44
C02268,Regular,25-34
C02269,New,25-34
C02270,Regular,25-34
C02271,New,25-34
C02272,Regular,45-54
C02273,Regular,35-44
C02274,Regular,55+
C02275,Loyal,35-44
C02276,Regular,25-34
C02277,Regular,25-34
C02278,Regular,25-34
C02279,Regular,45-54
C02280,New,18-24
C02281,New,25-34
C02282,Regular,45-54
C02283,Regular,35-44
C02284,New,25-34
C02285,New,25-34
C02286,New,45-54
C02287,Loyal,45-54
C02288,Regular,25-34
C02289,Regular,25-34
C02290,New,45-54
C02291,Regular,35-44
C02292,New,45-54
C02293,New,25-34
C02294,Regular,45-54
C02295,New,25-34
C02296,New,18-24
C02297,New,35-44
C02298,New,25-34
C02299,New,45-54
C02300,Regular,18-24
C02301,Loyal,45-54
C02302,Regular,25-34
C02303,Regular,35-44
C02304,New,18-24
C02305,Loyal,35-44
C02306,Regular,35-44
C02307,New,25-34
C02308,Regular,25-34
C02309,New,25-34
C02310,Regular,45-54
C02311,Regular,25-34
C02312,Loyal,25-34
C02313,Regular,25-34
C02314,Regular,55+
C02315,Loyal,25-34
C02316,New,18-24
C02317,New,35-44
C02318,Regular,35-44
C02319,Regular,18-24
C02320,Regular,55+
C02321,Loyal,35-44
C02322,Regular,25-34
C02323,Regular,25-34
C02324,New,45-54
C02325,Loyal,25-34
C02326,Loyal,25-34
C02327,Loyal,18-24
C02328,New,35-44
C02329,Regular,35-44
C02330,New,35-44
C02331,New,25-34
C02332,New,35-44
C02333,Regular,35-44
C02334,Regular,25-34
C02335,New,45-54
C02336,Regular,25-34
C02337,Regular,35-44
C02338,Regular,18-24
C02339,New,25-34
C02340,Regular,55+
C02341,Regular,55+
C02342,New,25-34
C02343,New,25-34
C02344,Regular,18-24
C02345,Loyal,45-54
C02346,Regular,25-34
C02347,Regular,25-34
C02348,Regular,18-24
C02349,Regular,55+
C02350,New,25-34
C02351,Regular,25-34
C02352,Loyal,25-34
C02353,Regular,25-34
C02354,Loyal,35-44
C02355,Regular,45-54
C02356,New,45-54
C02357,Loyal,25-34
C02358,New,45-54
C02359,Regular,25-34
C02360,New,25-34
C02361,New,55+
C02362,Regular,25-34
C02363,New,25-34
C02364,Regular,55+
C02365,Regular,18-24
C02366,New,35-44
C02367,New,55+
C02368,Regular,25-34
C02369,Regular,18-24
C02370,Regular,25-34
C02371,Regular,18-24
C02372,Loyal,25-34
C02373,Regular,35-44
C02374,Regular,25-34
C02375,Regular,25-34
C02376,New,25-34
C02377,New,35-44
C02378,Regular,45-54
C02379,Regular,25-34
C02380,Regular,45-54
C02381,Loyal,25-34
C02382,Loyal,25-34
C02383,Loyal,25-34
C02384,Regular,25-34
C02385,New,35-44
C02386,Regular,25-34
C02387,Regular,45-54
C02388,Regular,25-34
C02389,Regular,45-54
C02390,Regular,18-24
C02391,Regular,25-34
C02392,New,18-24
C02393,Regular,25-34
C02394,New,45-54
C02395,Loyal,18-24
C02396,Regular,25-34
C02397,New,18-24
C02398,New,25-34
C02399,Regular,45-54
C02400,Regular,35-44
C02401,Regular,35-44
C02402,New,25-34
C02403,Regular,55+
C02404,New,35-44
C02405,Regular,25-34
C02406,Regular,25-34
C02407,Regular,45-54
C02408,New,25-34
C02409,Loyal,35-44
C02410,Regular,25-34
C02411,Regular,25-34
C02412,New,35-44
C02413,Regular,35-44
C02414,New,25-34
C02415,Regular,35-44
C02416,Loyal,25-34
C02417,Regular,35-44
C02418,New,55+
C02419,New,45-54
C02420,Regular,25-34
C02421,New,25-34
C02422,New,45-54
C02423,Regular,35-44
C02424,Regular,25-34
C02425,New,45-54
C02426,Loyal,25-34
C02427,New,25-34
C02428,Loyal,18-24
C02429,New,18-24
C02430,Loyal,18-24
C02431,Regular,45-54
C02432,Loyal,25-34
C02433,Loyal,25-34
C02434,New,45-54
C02435,Loyal,35-44
C02436,Regular,35-44
C02437,Regular,25-34
C02438,Regular,45-54
C02439,Regular,18-24
C02440,New,18-24
C02441,Regular,18-24
C02442,Regular,25-34
C02443,Regular,25-34
C02444,Loyal,35-44
C02445,Regular,25-34
C02446,New,35-44
C02447,New,18-24
C02448,New,18-24
C02449,New,25-34
C02450,Regular,45-54
C02451,New,45-54
C02452,Loyal,55+
C02453,Regular,35-44
C02454,Regular,35-44
C02455,Regular,35-44
C02456,New,35-44
C02457,Regular,18-24
C02458,Regular,25-34
C02459,Regular,25-34
C02460,Regular,25-34
C02461,Loyal,25-34
C02462,Loyal,18-24
C02463,Regular,25-34
C02464,Regular,18-24
C02465,Regular,55+
C02466,New,18-24
C02467,Regular,25-34
C02468,New,45-54
C02469,Regular,25-34
C02470,Regular,18-24
C02471,New,25-34
C02472,Loyal,18-24
C02473,Loyal,25-34
C02474,Regular,18-24
C02475,Regular,25-34
C02476,Loyal,45-54
C02477,New,35-44
C02478,Regular,35-44
C02479,New,25-34
C02480,Regular,25-34
C02481,New,45-54
C02482,Loyal,18-24
C02483,Loyal,45-54
C02484,New,25-34
C02485,Regular,45-54
C02486,Loyal,25-34
C02487,Regular,25-34
C02488,Loyal,35-44
C02489,Regular,35-44
C02490,Regular,25-34
C02491,New,55+
C02492,New,18-24
C02493,Regular,18-24
C02494,Regular,35-44
C02495,Regular,35-44
C02496,Regular,55+
C02497,Regular,25-34
C02498,Loyal,18-24
C02499,Loyal,35-44
C02500,Regular,25-34
C02501,Loyal,25-34
C02502,Regular,25-34
C02503,Regular,18-24
C02504,Loyal,25-34
C02505,New,25-34
C02506,New,35-44
C02507,Loyal,35-44
C02508,Regular,18-24
C02509,Loyal,25-34
C02510,Loyal,25-34
C02511,New,18-24
C02512,Loyal,35-44
C02513,Regular,55+
C02514,Regular,35-44
C02515,Regular,35-44
C02516,Loyal,25-34
C02517,New,25-34
C02518,Regular,45-54
C02519,Regular,55+
C02520,Regular,25-34
C02521,Regular,25-34
C02522,New,35-44
C02523,New,18-24
C02524,Regular,35-44
C02525,Loyal,45-54
C02526,New,18-24
C02527,New,55+
C02528,Loyal,55+
C02529,New,55+
C02530,Loyal,25-34
C02531,Regular,25-34
C02532,Loyal,35-44
C02533,New,25-34
C02534,New,25-34
C02535,Regular,25-34
C02536,Loyal,35-44
C02537,Regular,18-24
C02538,New,25-34
C02539,Regular,18-24
C02540,Regular,35-44
C02541,Regular,35-44
C02542,Regular,18-24
C02543,Loyal,55+
C02544,Regular,18-24
C02545,New,35-44
C02546,Regular,35-44
C02547,New,35-44
C02548,Regular,18-24
C02549,Regular,45-54
C02550,New,45-54
C02551,Regular,25-34
C02552,New,25-34
C02553,Loyal,18-24
C02554,Loyal,25-34
C02555,New,25-34
C02556,Loyal,35-44
C02557,Regular,25-34
C02558,New,35-44
C02559,New,18-24
C02560,Regular,18-24
C02561,Regular,18-24
C02562,Regular,18-24
C02563,New,25-34
C02564,New,35-44
C02565,Regular,35-44
C02566,New,25-34
C02567,New,35-44
C02568,New,25-34
C02569,Loyal,25-34
C02570,Loyal,25-34
C02571,Regular,35-44
C02572,Loyal,18-24
C02573,Regular,18-24
C02574,Regular,35-44
C02575,New,55+
C02576,Regular,35-44
C02577,Loyal,35-44
C02578,Regular,35-44
C02579,Regular,25-34
C02580,Regular,35-44
C02581,New,45-54
C02582,Loyal,25-34
C02583,Regular,25-34
C02584,Regular,25-34
C02585,Regular,25-34
C02586,Regular,45-54
C02587,New,25-34
C02588,Regular,25-34
C02589,New,45-54
C02590,Regular,25-34
C02591,Loyal,25-34
C02592,Loyal,45-54
C02593,Regular,25-34
C02594,Regular,35-44
C02595,New,18-24
C02596,Regular,18-24
C02597,New,25-34
C02598,Regular,25-34
C02599,New,55+
C02600,New,55+
C02601,Regular,45-54
C02602,New,25-34
C02603,Regular,55+
C02604,New,35-44
C02605,New,25-34
C02606,Regular,35-44
C02607,New,18-24
C02608,New,18-24
C02609,Regular,45-54
C02610,New,35-44
C02611,Loyal,25-34
C02612,New,25-34
C02613,New,45-54
C02614,Regular,35-44
C02615,New,25-34
C02616,New,18-24
C02617,Regular,25-34
C02618,New,55+
C02619,Loyal,25-34
C02620,New,25-34
C02621,Regular,25-34
C02622,Loyal,45-54
C02623,Regular,35-44
C02624,Loyal,35-44
C02625,Regular,25-34
C02626,Loyal,18-24
C02627,New,55+
C02628,Regular,55+
C02629,Regular,55+
C02630,Regular,55+
C02631,Regular,45-54
C02632,Regular,35-44
C02633,New,45-54
C02634,New,35-44
C02635,Regular,18-24
C02636,Regular,25-34
C02637,Loyal,55+
C02638,Regular,25-34
C02639,Loyal,45-54
C02640,Regular,18-24
C02641,New,25-34
C02642,New,25-34
C02643,Regular,18-24
C02644,Regular,18-24
C02645,New,18-24
C02646,Regular,45-54
C02647,Loyal,18-24
C02648,Regular,25-34
C02649,Regular,18-24
C02650,Regular,35-44
C02651,New,35-44
C02652,Regular,35-44
C02653,Regular,25-34
C02654,New,25-34
C02655,Regular,35-44
C02656,Regular,45-54
C02657,Loyal,18-24
C02658,Loyal,25-34
C02659,New,25-34
C02660,Regular,18-24
C02661,Regular,35-44
C02662,Loyal,25-34
C02663,New,25-34
C02664,Regular,25-34
C02665,Regular,55+
C02666,New,45-54
C02667,New,45-54
C02668,Regular,25-34
C02669,Regular,35-44
C02670,New,25-34
C02671,Regular,18-24
C02672,Regular,25-34
C02673,Regular,35-44
C02674,New,25-34
C02675,Loyal,45-54
C02676,New,18-24
C02677,Regular,25-34
C02678,New,18-24
C02679,New,25-34
C02680,Regular,18-24
C02681,New,25-34
C02682,Loyal,25-34
C02683,New,25-34
C02684,Regular,25-34
C02685,Regular,25-34
C02686,New,25-34
C02687,New,25-34
C02688,Regular,25-34
C02689,Regular,45-54
C02690,Regular,25-34
C02691,Regular,25-34
C02692,Regular,55+
C02693,New,45-54
C02694,Regular,55+
C02695,Loyal,35-44
C02696,Regular,25-34
C02697,Regular,25-34
C02698,New,35-44
C02699,Regular,55+
C02700,Regular,35-44
C02701,Regular,45-54
C02702,Loyal,25-34
C02703,New,25-34
C02704,New,45-54
C02705,Regular,35-44
C02706,Loyal,55+
C02707,New,35-44
C02708,New,25-34
C02709,New,25-34
C02710,New,45-54
C02711,Regular,25-34
C02712,Regular,25-34
C02713,Regular,25-34
C02714,Regular,25-34
C02715,New,18-24
C02716,New,35-44
C02717,Regular,18-24
C02718,Loyal,25-34
C02719,Loyal,45-54
C02720,New,25-34
C02721,Loyal,45-54
C02722,Regular,25-34
C02723,Regular,55+
C02724,Regular,25-34
C02725,Regular,18-24
C02726,New,45-54
C02727,New,35-44
C02728,New,25-34
C02729,New,55+
C02730,Regular,25-34
C02731,Regular,55+
C02732,Regular,25-34
C02733,New,25-34
C02734,Loyal,25-34
C02735,Loyal,25-34
C02736,Regular,25-34
C02737,Loyal,25-34
C02738,Regular,18-24
C02739,Loyal,25-34
C02740,New,25-34
C02741,Regular,45-54
C02742,New,35-44
C02743,New,35-44
C02744,New,55+
C02745,Regular,35-44
C02746,Regular,55+
C02747,Regular,25-34
C02748,New,18-24
C02749,Loyal,25-34
C02750,Regular,25-34
C02751,Regular,45-54
C02752,Regular,25-34
C02753,New,25-34
C02754,Regular,35-44
C02755,Loyal,25-34
C02756,New,18-24
C02757,Regular,25-34
C02758,Loyal,45-54
C02759,Regular,45-54
C02760,New,35-44
C02761,New,25-34
C02762,New,18-24
C02763,Regular,25-34
C02764,Regular,35-44
C02765,New,25-34
C02766,Loyal,25-34
C02767,Regular,55+
C02768,New,45-54
C02769,Regular,35-44
C02770,Regular,18-24
C02771,New,18-24
C02772,New,18-24
C02773,Loyal,35-44
C02774,Regular,18-24
C02775,Regular,45-54
C02776,Regular,55+
C02777,New,25-34
C02778,New,25-34
C02779,Regular,35-44
C02780,New,55+
C02781,New,45-54
C02782,Loyal,18-24
C02783,Loyal,18-24
C02784,Regular,35-44
C02785,Loyal,35-44
C02786,New,18-24
C02787,Loyal,25-34
C02788,New,35-44
C02789,Loyal,25-34
C02790,Loyal,45-54
C02791,Regular,18-24
C02792,Loyal,35-44
C02793,Regular,35-44
C02794,New,25-34
C02795,Regular,35-44
C02796,Regular,35-44
C02797,New,55+
C02798,Regular,25-34
C02799,Loyal,35-44
C02800,New,35-44
C02801,Regular,25-34
C02802,Loyal,45-54
C02803,Loyal,18-24
C02804,Loyal,25-34
C02805,Regular,25-34
C02806,Loyal,18-24
C02807,Regular,45-54
C02808,New,35-44
C02809,Regular,25-34
C02810,Regular,45-54
C02811,New,25-34
C02812,Regular,25-34
C02813,Regular,18-24
C02814,New,25-34
C02815,Regular,18-24
C02816,Regular,35-44
C02817,Regular,25-34
C02818,New,25-34
C02819,New,25-34
C02820,Regular,25-34
C02821,Loyal,45-54
C02822,New,18-24
C02823,Regular,45-54
C02824,New,25-34
C02825,Regular,35-44
C02826,Loyal,25-34
C02827,Regular,55+
C02828,New,25-34
C02829,Regular,35-44
C02830,New,55+
C02831,Regular,45-54
C02832,Regular,25-34
C02833,New,55+
C02834,New,35-44
C02835,Regular,25-34
C02836,Loyal,25-34
C02837,Loyal,25-34
C02838,New,25-34
C02839,Regular,35-44
C02840,Regular,35-44
C02841,Regular,18-24
C02842,Regular,45-54
C02843,Loyal,25-34
C02844,Loyal,55+
C02845,Regular,55+
C02846,Regular,55+
C02847,Regular,45-54
C02848,New,25-34
C02849,Regular,25-34
C02850,Regular,25-34
C02851,Regular,25-34
C02852,New,35-44
C02853,New,18-24
C02854,Loyal,55+
C02855,New,45-54
C02856,Regular,25-34
C02857,New,25-34
C02858,New,25-34
C02859,New,45-54
C02860,New,35-44
C02861,Loyal,25-34
C02862,New,25-34
C02863,Loyal,25-34
C02864,Regular,55+
C02865,Regular,18-24
C02866,Regular,18-24
C02867,Regular,45-54
C02868,Regular,45-54
C02869,New,45-54
C02870,Regular,25-34
C02871,Loyal,35-44
C02872,Loyal,25-34
C02873,Loyal,18-24
C02874,Regular,35-44
C02875,Regular,18-24
C02876,Regular,25-34
C02877,Regular,55+
C02878,New,25-34
C02879,Regular,55+
C02880,New,25-34
C02881,Regular,25-34
C02882,Loyal,35-44
C02883,New,35-44
C02884,New,25-34
C02885,New,45-54
C02886,Loyal,18-24
C02887,Regular,45-54
C02888,Regular,18-24
C02889,Loyal,45-54
C02890,Loyal,25-34
C02891,Regular,45-54
C02892,Regular,35-44
C02893,Regular,18-24
C02894,Regular,45-54
C02895,New,25-34
C02896,Loyal,25-34
C02897,Regular,45-54
C02898,New,18-24
C02899,Regular,25-34
C02900,New,25-34
C02901,New,45-54
C02902,Regular,18-24
C02903,New,25-34
C02904,Regular,35-44
C02905,Regular,45-54
C02906,New,55+
C02907,Loyal,35-44
C02908,New,35-44
C02909,New,25-34
C02910,New,18-24
C02911,New,35-44
C02912,New,55+
C02913,Regular,35-44
C02914,Loyal,18-24
C02915,New,25-34
C02916,Regular,35-44
C02917,Regular,35-44
C02918,Loyal,35-44
C02919,Regular,25-34
C02920,New,25-34
C02921,Regular,55+
C02922,Regular,35-44
C02923,Loyal,25-34
C02924,New,25-34
C02925,Regular,45-54
C02926,Loyal,45-54
C02927,Loyal,25-34
C02928,Loyal,18-24
C02929,Regular,18-24
C02930,Regular,25-34
C02931,Regular,35-44
C02932,Regular,35-44
C02933,New,35-44
C02934,Regular,35-44
C02935,Regular,18-24
C02936,New,18-24
C02937,Regular,25-34
C02938,Regular,18-24
C02939,Loyal,18-24
C02940,New,35-44
C02941,New,45-54
C02942,Regular,35-44
C02943,New,45-54
C02944,Regular,35-44
C02945,Regular,35-44
C02946,New,25-34
C02947,Regular,55+
C02948,Regular,18-24
C02949,Regular,25-34
C02950,Loyal,25-34
C02951,Loyal,55+
C02952,Regular,55+
C02953,Regular,35-44
C02954,Regular,35-44
C02955,Loyal,25-34
C02956,Regular,55+
C02957,Regular,35-44
C02958,Loyal,55+
C02959,New,25-34
C02960,Loyal,25-34
C02961,New,45-54
C02962,Regular,18-24
C02963,Regular,55+
C02964,Loyal,25-34
C02965,Loyal,45-54
C02966,Regular,25-34
C02967,Regular,35-44
C02968,Regular,25-34
C02969,Loyal,35-44
C02970,Regular,25-34
C02971,Regular,55+
C02972,New,35-44
C02973,Regular,25-34
C02974,Regular,45-54
C02975,Regular,25-34
C02976,New,25-34
C02977,Loyal,18-24
C02978,New,45-54
C02979,Regular,25-34
C02980,Loyal,25-34
C02981,Regular,45-54
C02982,New,45-54
C02983,Regular,18-24
C02984,Loyal,35-44
C02985,Regular,45-54
C02986,Loyal,18-24
C02987,New,45-54
C02988,Regular,25-34
C02989,Regular,35-44
C02990,Loyal,25-34
C02991,New,35-44
C02992,Loyal,18-24
C02993,Regular,35-44
C02994,Regular,18-24
C02995,New,25-34
C02996,Loyal,18-24
C02997,New,45-54
C02998,New,25-34
C02999,New,25-34
C03000,Loyal,25-34
C03001,Regular,35-44
C03002,Regular,25-34
C03003,New,35-44
C03004,Regular,18-24
C03005,Regular,18-24
C03006,Loyal,25-34
C03007,Loyal,55+
C03008,New,18-24
C03009,Regular,18-24
C03010,New,18-24
C03011,Regular,35-44
C03012,New,25-34
C03013,New,45-54
C03014,Regular,18-24
C03015,Regular,18-24
C03016,Regular,25-34
C03017,Regular,35-44
C03018,Regular,35-44
C03019,New,18-24
C03020,Regular,55+
C03021,New,25-34
C03022,Regular,35-44
C03023,Regular,25-34
C03024,Regular,25-34
C03025,New,45-54
C03026,Regular,45-54
C03027,Loyal,25-34
C03028,Regular,35-44
C03029,Regular,25-34
C03030,Regular,35-44
C03031,New,25-34
C03032,Regular,45-54
C03033,Regular,25-34
C03034,New,18-24
C03035,New,25-34
C03036,New,18-24
C03037,Regular,25-34
C03038,Loyal,25-34
C03039,New,35-44
C03040,Regular,25-34
C03041,New,35-44
C03042,Loyal,25-34
C03043,New,55+
C03044,Regular,55+
C03045,Regular,45-54
C03046,Regular,35-44
C03047,Regular,25-34
C03048,Regular,35-44
C03049,Regular,55+
C03050,New,18-24
C03051,New,25-34
C03052,Regular,25-34
C03053,New,25-34
C03054,New,25-34
C03055,Regular,25-34
C03056,Loyal,25-34
C03057,Regular,55+
C03058,New,25-34
C03059,New,45-54
C03060,Loyal,25-34
C03061,New,25-34
C03062,New,25-34
C03063,Regular,25-34
C03064,Regular,25-34
C03065,Regular,35-44
C03066,New,35-44
C03067,New,35-44
C03068,Loyal,25-34
C03069,New,25-34
C03070,Regular,35-44
C03071,Regular,18-24
C03072,Regular,25-34
C03073,New,18-24
C03074,New,18-24
C03075,Regular,25-34
C03076,Loyal,18-24
C03077,Loyal,25-34
C03078,New,35-44
C03079,New,18-24
C03080,Loyal,25-34
C03081,Regular,45-54
C03082,Loyal,35-44
C03083,New,25-34
C03084,Regular,45-54
C03085,Regular,25-34
C03086,Regular,18-24
C03087,Regular,55+
C03088,New,45-54
C03089,Regular,25-34
C03090,New,35-44
C03091,Regular,35-44
C03092,Loyal,18-24
C03093,Regular,25-34
C03094,Loyal,25-34
C03095,New,45-54
C03096,Regular,18-24
C03097,Loyal,35-44
C03098,New,18-24
C03099,New,25-34
C03100,Regular,35-44
C03101,New,35-44
C03102,Regular,18-24
C03103,Loyal,25-34
C03104,Regular,35-44
C03105,New,18-24
C03106,Regular,18-24
C03107,Regular,35-44
C03108,New,25-34
C03109,Regular,18-24
C03110,Regular,25-34
C03111,Regular,45-54
C03112,New,18-24
C03113,Regular,35-44
C03114,New,18-24
C03115,New,18-24
C03116,Loyal,18-24
C03117,Regular,25-34
C03118,New,45-54
C03119,New,25-34
C03120,New,35-44
C03121,New,25-34
C03122,New,25-34
C03123,New,25-34
C03124,Regular,35-44
C03125,Regular,45-54
C03126,Regular,45-54
C03127,Regular,25-34
C03128,New,35-44
C03129,Loyal,25-34
C03130,Loyal,35-44
C03131,Loyal,55+
C03132,Loyal,18-24
C03133,Loyal,25-34
C03134,Regular,35-44
C03135,New,35-44
C03136,Regular,18-24
C03137,Regular,55+
C03138,Regular,35-44
C03139,Regular,18-24
C03140,New,18-24
C03141,Regular,35-44
C03142,Loyal,18-24
C03143,Regular,18-24
C03144,Regular,25-34
C03145,New,35-44
C03146,Regular,35-44
C03147,Loyal,25-34
C03148,Regular,35-44
C03149,Regular,55+
C03150,Regular,25-34
C03151,Regular,35-44
C03152,New,45-54
C03153,Regular,35-44
C03154,Regular,35-44
C03155,Regular,25-34
C03156,Regular,25-34
C03157,Loyal,25-34
C03158,New,35-44
C03159,Loyal,55+
C03160,New,18-24
C03161,Regular,18-24
C03162,New,18-24
C03163,New,35-44
C03164,Regular,18-24
C03165,New,35-44
C03166,Regular,25-34
C03167,Loyal,25-34
C03168,New,25-34
C03169,Regular,45-54
C03170,Regular,35-44
C03171,Regular,55+
C03172,New,25-34
C03173,New,18-24
C03174,New,18-24
C03175,New,55+
C03176,New,35-44
C03177,Regular,18-24
C03178,Loyal,35-44
C03179,Loyal,25-34
C03180,Regular,25-34
C03181,New,18-24
C03182,New,45-54
C03183,New,18-24
C03184,New,25-34
C03185,Regular,25-34
C03186,Regular,18-24
C03187,Regular,25-34
C03188,Regular,18-24
C03189,Loyal,25-34
C03190,Regular,55+
C03191,New,25-34
C03192,Loyal,25-34
C03193,Loyal,25-34
C03194,Regular,25-34
C03195,Regular,45-54
C03196,Regular,18-24
C03197,Loyal,45-54
C03198,Loyal,35-44
C03199,New,35-44
C03200,Regular,18-24
C03201,Regular,18-24
C03202,Regular,35-44
C03203,New,45-54
C03204,Loyal,35-44
C03205,Regular,25-34
C03206,Loyal,18-24
C03207,Loyal,35-44
C03208,Regular,35-44
C03209,Regular,18-24
C03210,Regular,18-24
C03211,New,25-34
C03212,Regular,35-44
C03213,New,35-44
C03214,Regular,45-54
C03215,New,35-44
C03216,New,18-24
C03217,New,35-44
C03218,New,55+
C03219,Regular,45-54
C03220,Regular,45-54
C03221,Regular,25-34
C03222,New,35-44
C03223,New,45-54
C03224,New,35-44
C03225,New,25-34
C03226,Loyal,55+
C03227,New,25-34
C03228,Regular,18-24
C03229,New,18-24
C03230,New,35-44
C03231,Regular,25-34
C03232,Regular,18-24
C03233,New,35-44
C03234,New,35-44
C03235,Regular,35-44
C03236,New,25-34
C03237,New,35-44
C03238,Loyal,18-24
C03239,Regular,25-34
C03240,Regular,25-34
C03241,Regular,45-54
C03242,Regular,25-34
C03243,Regular,18-24
C03244,Regular,25-34
C03245,Regular,25-34
C03246,New,55+
C03247,Regular,55+
C03248,Regular,18-24
C03249,Loyal,18-24
C03250,Regular,18-24
C03251,Regular,35-44
C03252,New,18-24
C03253,Regular,18-24
C03254,New,25-34
C03255,Regular,25-34
C03256,New,18-24
C03257,Regular,25-34
C03258,New,25-34
C03259,Regular,25-34
C03260,Loyal,55+
C03261,New,18-24
C03262,Regular,25-34
C03263,Regular,55+
C03264,New,45-54
C03265,Regular,25-34
C03266,New,35-44
C03267,Regular,18-24
C03268,Regular,35-44
C03269,Regular,55+
C03270,Regular,25-34
C03271,New,25-34
C03272,New,18-24
C03273,Regular,35-44
C03274,Regular,35-44
C03275,Loyal,35-44
C03276,Loyal,18-24
C03277,Loyal,25-34
C03278,Regular,35-44
C03279,Regular,25-34
C03280,Regular,25-34
C03281,Regular,25-34
C03282,New,35-44
C03283,Loyal,35-44
C03284,Loyal,45-54
C03285,Regular,25-34
C03286,New,45-54
C03287,Regular,35-44
C03288,Loyal,25-34
C03289,Loyal,18-24
C03290,New,25-34
C03291,New,55+
C03292,Loyal,25-34
C03293,Regular,25-34
C03294,Regular,18-24
C03295,Loyal,45-54
C03296,New,25-34
C03297,Regular,25-34
C03298,New,25-34
C03299,Regular,25-34
C03300,Loyal,25-34
C03301,Regular,25-34
C03302,Loyal,45-54
C03303,Regular,45-54
C03304,Regular,35-44
C03305,New,18-24
C03306,Regular,35-44
C03307,Regular,18-24
C03308,New,18-24
C03309,Regular,55+
C03310,Regular,45-54
C03311,Regular,25-34
C03312,Regular,45-54
C03313,Regular,55+
C03314,New,35-44
C03315,New,35-44
C03316,Regular,35-44
C03317,Regular,25-34
C03318,New,18-24
C03319,Loyal,35-44
C03320,Regular,25-34
C03321,Regular,18-24
C03322,New,25-34
C03323,Regular,25-34
C03324,Regular,55+
C03325,Regular,35-44
C03326,Regular,25-34
C03327,Loyal,55+
C03328,Regular,45-54
C03329,New,25-34
C03330,Regular,45-54
C03331,Regular,25-34
C03332,Regular,25-34
C03333,New,25-34
C03334,New,35-44
C03335,Loyal,25-34
C03336,Regular,35-44
C03337,Loyal,35-44
C03338,Regular,18-24
C03339,Regular,18-24
C03340,Regular,25-34
C03341,Loyal,18-24
C03342,Regular,35-44
C03343,Regular,25-34
C03344,New,35-44
C03345,Regular,25-34
C03346,Regular,35-44
C03347,New,45-54
C03348,New,55+
C03349,New,45-54
C03350,New,25-34
C03351,New,18-24
C03352,Regular,35-44
C03353,Loyal,55+
C03354,Regular,25-34
C03355,New,25-34
C03356,New,18-24
C03357,Regular,35-44
C03358,Regular,25-34
C03359,Loyal,18-24
C03360,Regular,45-54
C03361,Regular,25-34
C03362,New,25-34
C03363,Regular,25-34
C03364,New,25-34
C03365,Loyal,25-34
C03366,Regular,25-34
C03367,Regular,25-34
C03368,New,35-44
C03369,New,35-44
C03370,Regular,25-34
C03371,New,25-34
C03372,Regular,45-54
C03373,New,18-24
C03374,Regular,18-24
C03375,Loyal,25-34
C03376,Regular,35-44
C03377,Regular,25-34
C03378,New,35-44
C03379,New,35-44
C03380,Regular,45-54
C03381,Regular,18-24
C03382,Regular,35-44
C03383,New,18-24
C03384,New,25-34
C03385,New,25-34
C03386,Loyal,25-34
C03387,New,45-54
C03388,Regular,18-24
C03389,New,25-34
C03390,Regular,25-34
C03391,Regular,35-44
C03392,Loyal,18-24
C03393,Loyal,45-54
C03394,Regular,45-54
C03395,Loyal,45-54
C03396,Loyal,18-24
C03397,Loyal,35-44
C03398,Loyal,18-24
C03399,New,45-54
C03400,Regular,35-44
C03401,New,25-34
C03402,New,35-44
C03403,Loyal,18-24
C03404,Regular,25-34
C03405,Regular,25-34
C03406,Loyal,55+
C03407,Loyal,45-54
C03408,Loyal,35-44
C03409,New,55+
C03410,New,25-34
C03411,Regular,45-54
C03412,New,25-34
C03413,New,35-44
C03414,Regular,35-44
C03415,Regular,18-24
C03416,Regular,25-34
C03417,New,18-24
C03418,Regular,55+
C03419,New,18-24
C03420,New,25-34
C03421,Regular,35-44
C03422,Regular,25-34
C03423,Regular,25-34
C03424,New,35-44
C03425,Loyal,18-24
C03426,Regular,35-44
C03427,Regular,25-34
C03428,Regular,25-34
C03429,Loyal,25-34
C03430,Regular,25-34
C03431,Regular,45-54
C03432,Loyal,45-54
C03433,Regular,25-34
C03434,Regular,25-34
C03435,Regular,25-34
C03436,Regular,25-34
C03437,New,25-34
C03438,Regular,45-54
C03439,Loyal,25-34
C03440,Loyal,18-24
C03441,Regular,25-34
C03442,Regular,18-24
C03443,New,35-44
C03444,Loyal,25-34
C03445,Loyal,25-34
C03446,Regular,25-34
C03447,Loyal,45-54
C03448,Regular,18-24
C03449,Regular,45-54
C03450,New,25-34
C03451,Regular,45-54
C03452,Regular,35-44
C03453,Regular,18-24
C03454,Regular,45-54
C03455,Loyal,35-44
C03456,New,18-24
C03457,Regular,18-24
C03458,Regular,35-44
C03459,Regular,35-44
C03460,Regular,35-44
C03461,New,35-44
C03462,New,35-44
C03463,Regular,35-44
C03464,Regular,25-34
C03465,New,25-34
C03466,Regular,45-54
C03467,Regular,18-24
C03468,Regular,25-34
C03469,Loyal,35-44
C03470,New,25-34
C03471,New,18-24
C03472,Regular,18-24
C03473,Regular,35-44
C03474,Regular,55+
C03475,Loyal,25-34
C03476,Loyal,25-34
C03477,Loyal,25-34
C03478,Regular,25-34
C03479,Regular,18-24
C03480,Regular,25-34
C03481,New,25-34
C03482,Regular,18-24
C03483,New,18-24
C03484,Loyal,35-44
C03485,Regular,45-54
C03486,Regular,55+
C03487,Regular,35-44
C03488,New,18-24
C03489,New,35-44
C03490,Regular,18-24
C03491,New,35-44
C03492,Regular,35-44
C03493,Loyal,35-44
C03494,Loyal,55+
C03495,Regular,35-44
C03496,New,35-44
C03497,Loyal,25-34
C03498,Loyal,45-54
C03499,New,18-24
C03500,Regular,45-54
C03501,New,25-34
C03502,Loyal,18-24
C03503,Loyal,45-54
C03504,New,18-24
C03505,Loyal,45-54
C03506,Regular,25-34
C03507,Loyal,45-54
C03508,Regular,35-44
C03509,Loyal,35-44
C03510,New,25-34
C03511,Regular,18-24
C03512,New,45-54
C03513,Loyal,18-24
C03514,Loyal,25-34
C03515,Loyal,35-44
C03516,Loyal,25-34
C03517,New,18-24
C03518,Regular,18-24
C03519,New,18-24
C03520,New,45-54
C03521,New,18-24
C03522,Regular,55+
C03523,New,18-24
C03524,New,18-24
C03525,New,25-34
C03526,New,18-24
C03527,Loyal,35-44
C03528,Regular,45-54
C03529,Loyal,18-24
C03530,Regular,35-44
C03531,New,25-34
C03532,Regular,18-24
C03533,Regular,18-24
C03534,New,45-54
C03535,New,18-24
C03536,New,45-54
C03537,New,25-34
C03538,Regular,18-24
C03539,Regular,25-34
C03540,New,45-54
C03541,New,35-44
C03542,Loyal,25-34
C03543,New,45-54
C03544,Regular,18-24
C03545,Loyal,45-54
C03546,New,45-54
C03547,New,35-44
C03548,Regular,45-54
C03549,New,25-34
C03550,Regular,35-44
C03551,Loyal,25-34
C03552,New,25-34
C03553,Regular,25-34
C03554,Regular,25-34
C03555,New,25-34
C03556,Regular,25-34
C03557,New,18-24
C03558,Regular,25-34
C03559,New,45-54
C03560,Regular,25-34
C03561,New,35-44
C03562,Loyal,18-24
C03563,New,25-34
C03564,Regular,18-24
C03565,Regular,18-24
C03566,Regular,35-44
C03567,Regular,35-44
C03568,Regular,25-34
C03569,Regular,25-34
C03570,Loyal,45-54
C03571,New,18-24
C03572,Regular,18-24
C03573,Loyal,35-44
C03574,Loyal,18-24
C03575,Loyal,55+
C03576,Regular,35-44
C03577,New,25-34
C03578,Regular,25-34
C03579,Regular,25-34
C03580,Regular,18-24
C03581,Regular,55+
C03582,Loyal,35-44
C03583,Regular,18-24
C03584,Loyal,25-34
C03585,Regular,18-24
C03586,Regular,18-24
C03587,Regular,35-44
C03588,Regular,35-44
C03589,New,35-44
C03590,New,18-24
C03591,Loyal,35-44
C03592,New,18-24
C03593,Regular,35-44
C03594,Regular,25-34
C03595,Regular,35-44
C03596,Regular,45-54
C03597,New,45-54
C03598,Regular,55+
C03599,Regular,55+
C03600,Regular,35-44
C03601,New,55+
C03602,Regular,45-54
C03603,New,35-44
C03604,New,18-24
C03605,New,18-24
C03606,New,45-54
C03607,Loyal,25-34
C03608,New,45-54
C03609,Loyal,25-34
C03610,Loyal,25-34
C03611,Regular,35-44
C03612,New,45-54
C03613,Regular,18-24
C03614,Regular,45-54
C03615,Regular,35-44
C03616,New,25-34
C03617,Regular,25-34
C03618,Loyal,18-24
C03619,Regular,18-24
C03620,New,25-34
C03621,Regular,18-24
C03622,New,18-24
C03623,New,45-54
C03624,Loyal,25-34
C03625,New,35-44
C03626,New,18-24
C03627,New,45-54
C03628,Loyal,45-54
C03629,Regular,25-34
C03630,Regular,45-54
C03631,Regular,45-54
C03632,New,35-44
C03633,Regular,35-44
C03634,Regular,18-24
C03635,New,25-34
C03636,Regular,18-24
C03637,Loyal,18-24
C03638,New,18-24
C03639,New,45-54
C03640,New,25-34
C03641,New,55+
C03642,Loyal,35-44
C03643,Regular,25-34
C03644,Regular,25-34
C03645,Regular,25-34
C03646,New,55+
C03647,Regular,45-54
C03648,Regular,18-24
C03649,Regular,55+
C03650,Loyal,35-44
C03651,Regular,18-24
C03652,Regular,35-44
C03653,Loyal,35-44
C03654,New,25-34
C03655,New,35-44
C03656,New,18-24
C03657,Regular,25-34
C03658,Regular,18-24
C03659,Regular,55+
C03660,Loyal,35-44
C03661,Regular,18-24
C03662,Regular,25-34
C03663,New,18-24
C03664,New,35-44
C03665,Regular,18-24
C03666,Regular,45-54
C03667,Loyal,55+
C03668,New,35-44
C03669,New,25-34
C03670,Regular,25-34
C03671,New,25-34
C03672,New,35-44
C03673,Regular,35-44
C03674,New,25-34
C03675,Regular,25-34
C03676,New,45-54
C03677,New,18-24
C03678,Regular,25-34
C03679,Loyal,35-44
C03680,Regular,18-24
C03681,Regular,35-44
C03682,New,45-54
C03683,Regular,35-44
C03684,New,18-24
C03685,Regular,18-24
C03686,Regular,25-34
C03687,Loyal,25-34
C03688,Regular,55+
C03689,New,35-44
C03690,New,25-34
C03691,Loyal,45-54
C03692,Regular,35-44
C03693,Regular,25-34
C03694,New,25-34
C03695,Regular,18-24
C03696,New,55+
C03697,Loyal,25-34
C03698,Regular,45-54
C03699,Loyal,25-34
C03700,New,45-54
C03701,Regular,18-24
C03702,Regular,55+
C03703,New,45-54
C03704,Loyal,25-34
C03705,Loyal,35-44
C03706,Loyal,35-44
C03707,Regular,45-54
C03708,New,25-34
C03709,New,25-34
C03710,Loyal,45-54
C03711,New,35-44
C03712,Regular,25-34
C03713,Regular,45-54
C03714,Regular,18-24
C03715,Loyal,35-44
C03716,New,25-34
C03717,Regular,25-34
C03718,New,25-34
C03719,Regular,25-34
C03720,New,25-34
C03721,Regular,25-34
C03722,Loyal,25-34
C03723,Loyal,18-24
C03724,New,35-44
C03725,Regular,25-34
C03726,Loyal,25-34
C03727,New,35-44
C03728,New,45-54
C03729,New,35-44
C03730,Regular,18-24
C03731,New,45-54
C03732,Loyal,55+
C03733,Regular,25-34
C03734,Regular,55+
C03735,New,25-34
C03736,Regular,25-34
C03737,Regular,25-34
C03738,Regular,35-44
C03739,Regular,25-34
C03740,Regular,18-24
C03741,Loyal,18-24
C03742,Loyal,25-34
C03743,Regular,25-34
C03744,New,25-34
C03745,New,25-34
C03746,New,55+
C03747,Regular,25-34
C03748,Regular,25-34
C03749,Regular,18-24
C03750,Loyal,25-34
C03751,Loyal,18-24
C03752,Loyal,25-34
C03753,New,35-44
C03754,Regular,18-24
C03755,New,25-34
C03756,New,18-24
C03757,New,45-54
C03758,Regular,35-44
C03759,Regular,18-24
C03760,Loyal,25-34
C03761,New,55+
C03762,Regular,25-34
C03763,Regular,25-34
C03764,New,25-34
C03765,Regular,35-44
C03766,New,55+
C03767,Regular,55+
C03768,Regular,35-44
C03769,New,25-34
C03770,New,25-34
C03771,Regular,25-34
C03772,Loyal,55+
C03773,Regular,35-44
C03774,Regular,25-34
C03775,Regular,18-24
C03776,Loyal,25-34
C03777,Loyal,55+
C03778,Regular,25-34
C03779,Regular,18-24
C03780,Loyal,18-24
C03781,Regular,25-34
C03782,Regular,45-54
C03783,New,55+
C03784,Loyal,55+
C03785,Loyal,35-44
C03786,New,25-34
C03787,Regular,35-44
C03788,Regular,25-34
C03789,New,35-44
C03790,Loyal,25-34
C03791,New,35-44
C03792,New,18-24
C03793,Regular,25-34
C03794,Regular,45-54
C03795,New,45-54
C03796,Regular,25-34
C03797,Regular,18-24
C03798,New,45-54
C03799,New,35-44
C03800,Regular,25-34
C03801,New,35-44
C03802,Loyal,25-34
C03803,Loyal,25-34
C03804,Loyal,45-54
C03805,New,18-24
C03806,Loyal,18-24
C03807,Regular,18-24
C03808,Regular,25-34
C03809,New,18-24
C03810,New,25-34
C03811,Regular,18-24
C03812,Regular,25-34
C03813,New,25-34
C03814,Regular,18-24
C03815,New,35-44
C03816,Regular,25-34
C03817,Regular,18-24
C03818,Loyal,35-44
C03819,Loyal,55+
C03820,Regular,55+
C03821,Regular,18-24
C03822,Regular,35-44
C03823,Loyal,25-34
C03824,Regular,18-24
C03825,New,25-34
C03826,New,25-34
C03827,Regular,25-34
C03828,Regular,35-44
C03829,Loyal,35-44
C03830,New,25-34
C03831,Regular,25-34
C03832,Loyal,25-34
C03833,Loyal,25-34
C03834,Regular,55+
C03835,Regular,35-44
C03836,New,55+
C03837,Loyal,35-44
C03838,New,25-34
C03839,Loyal,25-34
C03840,Regular,25-34
C03841,Regular,25-34
C03842,New,45-54
C03843,Regular,25-34
C03844,Regular,25-34
C03845,New,35-44
C03846,Regular,45-54
C03847,Loyal,25-34
C03848,Regular,35-44
C03849,Regular,18-24
C03850,New,25-34
C03851,Regular,18-24
C03852,New,18-24
C03853,Regular,35-44
C03854,Loyal,25-34
C03855,Regular,35-44
C03856,New,45-54
C03857,Regular,18-24
C03858,Regular,35-44
C03859,Regular,25-34
C03860,Loyal,18-24
C03861,Loyal,35-44
C03862,Regular,35-44
C03863,Regular,25-34
C03864,New,45-54
C03865,New,25-34
C03866,Regular,55+
C03867,Regular,25-34
C03868,Regular,18-24
C03869,Regular,25-34
C03870,New,18-24
C03871,Regular,35-44
C03872,New,35-44
C03873,New,25-34
C03874,Loyal,18-24
C03875,New,25-34
C03876,Regular,18-24
C03877,New,35-44
C03878,Loyal,35-44
C03879,Regular,55+
C03880,New,18-24
C03881,Regular,25-34
C03882,Regular,25-34
C03883,Loyal,45-54
C03884,New,35-44
C03885,Loyal,18-24
C03886,Loyal,25-34
C03887,Loyal,35-44
C03888,Regular,35-44
C03889,Regular,45-54
C03890,Regular,18-24
C03891,Regular,55+
C03892,Regular,18-24
C03893,Regular,55+
C03894,Regular,45-54
C03895,Regular,35-44
C03896,Loyal,35-44
C03897,New,18-24
C03898,Loyal,18-24
C03899,Regular,18-24
C03900,Loyal,18-24
C03901,Regular,25-34
C03902,Regular,25-34
C03903,Loyal,45-54
C03904,New,25-34
C03905,Loyal,35-44
C03906,Regular,35-44
C03907,Regular,25-34
C03908,New,25-34
C03909,Regular,25-34
C03910,Regular,35-44
C03911,New,35-44
C03912,New,25-34
C03913,New,45-54
C03914,Loyal,18-24
C03915,Loyal,35-44
C03916,Regular,25-34
C03917,Regular,35-44
C03918,Regular,45-54
C03919,Regular,35-44
C03920,Loyal,25-34
C03921,Loyal,18-24
C03922,Regular,45-54
C03923,Regular,25-34
C03924,New,18-24
C03925,Loyal,35-44
C03926,New,25-34
C03927,Regular,18-24
C03928,Regular,45-54
C03929,Regular,25-34
C03930,New,25-34
C03931,Loyal,35-44
C03932,New,45-54
C03933,Regular,18-24
C03934,New,35-44
C03935,New,35-44
C03936,Regular,25-34
C03937,Regular,25-34
C03938,New,18-24
C03939,New,35-44
C03940,Regular,45-54
C03941,Regular,18-24
C03942,Loyal,45-54
C03943,New,35-44
C03944,Regular,25-34
C03945,New,35-44
C03946,New,18-24
C03947,Regular,55+
C03948,Regular,25-34
C03949,New,35-44
C03950,New,35-44
C03951,New,25-34
C03952,Loyal,45-54
C03953,Loyal,35-44
C03954,New,45-54
C03955,New,35-44
C03956,Loyal,18-24
C03957,Loyal,45-54
C03958,Regular,35-44
C03959,New,35-44
C03960,New,55+
C03961,Regular,18-24
C03962,Regular,25-34
C03963,New,25-34
C03964,Regular,35-44
C03965,New,45-54
C03966,Regular,55+
C03967,New,25-34
C03968,New,35-44
C03969,Regular,45-54
C03970,Regular,35-44
C03971,Loyal,25-34
C03972,Regular,35-44
C03973,New,55+
C03974,Regular,55+
C03975,New,35-44
C03976,Loyal,45-54
C03977,Regular,25-34
C03978,Regular,25-34
C03979,New,55+
C03980,Regular,18-24
C03981,Loyal,18-24
C03982,Loyal,25-34
C03983,New,35-44
C03984,New,35-44
C03985,Loyal,25-34
C03986,Loyal,45-54
C03987,New,45-54
C03988,Regular,25-34
C03989,Regular,25-34
C03990,Loyal,35-44
C03991,New,35-44
C03992,New,25-34
C03993,Regular,25-34
C03994,New,25-34
C03995,Regular,25-34
C03996,Regular,25-34
C03997,Regular,35-44
C03998,Regular,35-44
C03999,Regular,35-44
C04000,New,25-34
C04001,Regular,35-44
C04002,Loyal,18-24
C04003,Regular,25-34
C04004,New,35-44
C04005,New,35-44
C04006,New,25-34
C04007,Regular,35-44
C04008,Regular,45-54
C04009,Regular,25-34
C04010,New,35-44
C04011,New,55+
C04012,Regular,35-44
C04013,Regular,25-34
C04014,New,18-24
C04015,Regular,25-34
C04016,New,25-34
C04017,Loyal,35-44
C04018,Loyal,25-34
C04019,New,55+
C04020,New,25-34
C04021,Regular,35-44
C04022,New,25-34
C04023,Regular,25-34
C04024,Loyal,45-54
C04025,Regular,25-34
C04026,Loyal,18-24
C04027,Regular,25-34
C04028,New,25-34
C04029,Regular,35-44
C04030,Regular,55+
C04031,Regular,18-24
C04032,New,35-44
C04033,New,35-44
C04034,Loyal,55+
C04035,New,55+
C04036,Loyal,35-44
C04037,Loyal,25-34
C04038,Regular,18-24
C04039,Regular,25-34
C04040,Regular,35-44
C04041,Loyal,35-44
C04042,New,35-44
C04043,Regular,35-44
C04044,Regular,25-34
C04045,Regular,35-44
C04046,Regular,18-24
C04047,Regular,18-24
C04048,Regular,18-24
C04049,Loyal,45-54
C04050,New,18-24
C04051,Loyal,45-54
C04052,Regular,25-34
C04053,Loyal,25-34
C04054,Regular,45-54
C04055,Regular,35-44
C04056,New,25-34
C04057,Loyal,25-34
C04058,New,45-54
C04059,Loyal,25-34
C04060,Loyal,35-44
C04061,New,25-34
C04062,New,25-34
C04063,Regular,25-34
C04064,New,35-44
C04065,Loyal,35-44
C04066,New,25-34
C04067,New,35-44
C04068,Loyal,45-54
C04069,Regular,45-54
C04070,Loyal,18-24
C04071,Regular,25-34
C04072,Regular,45-54
C04073,Regular,18-24
C04074,Regular,18-24
C04075,Regular,45-54
C04076,Regular,25-34
C04077,Regular,25-34
C04078,New,25-34
C04079,Regular,45-54
C04080,New,25-34
C04081,Regular,45-54
C04082,New,35-44
C04083,Regular,25-34
C04084,Regular,25-34
C04085,New,25-34
C04086,New,35-44
C04087,New,25-34
C04088,Regular,45-54
C04089,Loyal,25-34
C04090,New,25-34
C04091,Regular,25-34
C04092,Regular,35-44
C04093,Regular,25-34
C04094,Loyal,25-34
C04095,Regular,45-54
C04096,Regular,35-44
C04097,New,35-44
C04098,New,35-44
C04099,New,35-44
C04100,New,25-34
C04101,Regular,18-24
C04102,Regular,45-54
C04103,Regular,18-24
C04104,New,35-44
C04105,New,18-24
C04106,Regular,25-34
C04107,Loyal,18-24
C04108,New,25-34
C04109,Loyal,35-44
C04110,Regular,18-24
C04111,Regular,25-34
C04112,Regular,55+
C04113,New,25-34
C04114,New,45-54
C04115,Regular,45-54
C04116,Regular,55+
C04117,Loyal,45-54
C04118,Regular,25-34
C04119,New,55+
C04120,Regular,45-54
C04121,New,45-54
C04122,Regular,18-24
C04123,Regular,55+
C04124,Loyal,35-44
C04125,Regular,35-44
C04126,Regular,18-24
C04127,Regular,25-34
C04128,Loyal,55+
C04129,New,25-34
C04130,New,25-34
C04131,New,45-54
C04132,New,18-24
C04133,Regular,25-34
C04134,Regular,25-34
C04135,Regular,25-34
C04136,New,25-34
C04137,Regular,25-34
C04138,Regular,18-24
C04139,Regular,35-44
C04140,Regular,45-54
C04141,Regular,25-34
C04142,New,25-34
C04143,New,18-24
C04144,Loyal,45-54
C04145,Loyal,55+
C04146,Regular,25-34
C04147,New,25-34
C04148,Regular,35-44
C04149,Regular,35-44
C04150,Regular,25-34
C04151,New,35-44
C04152,New,35-44
C04153,Regular,55+
C04154,Regular,18-24
C04155,New,55+
C04156,New,25-34
C04157,Regular,35-44
C04158,Loyal,25-34
C04159,Loyal,25-34
C04160,Regular,35-44
C04161,Regular,25-34
C04162,New,18-24
C04163,Regular,25-34
C04164,Regular,25-34
C04165,Regular,25-34
C04166,Regular,55+
C04167,New,25-34
C04168,New,25-34
C04169,New,18-24
C04170,New,25-34
C04171,New,25-34
C04172,Loyal,25-34
C04173,Regular,25-34
C04174,Regular,18-24
C04175,Loyal,35-44
C04176,Loyal,35-44
C04177,Regular,25-34
C04178,Loyal,18-24
C04179,Regular,45-54
C04180,New,18-24
C04181,Regular,55+
C04182,Regular,25-34
C04183,Regular,25-34
C04184,New,35-44
C04185,New,45-54
C04186,Regular,25-34
C04187,New,25-34
C04188,Regular,25-34
C04189,Regular,45-54
C04190,Regular,35-44
C04191,Regular,25-34
C04192,Loyal,18-24
C04193,Regular,25-34
C04194,Regular,25-34
C04195,Regular,25-34
C04196,New,35-44
C04197,New,18-24
C04198,New,25-34
C04199,Regular,35-44
C04200,Regular,25-34
C04201,Loyal,18-24
C04202,New,18-24
C04203,New,18-24
C04204,Loyal,45-54
C04205,New,35-44
C04206,Regular,18-24
C04207,Regular,25-34
C04208,Regular,25-34
C04209,New,25-34
C04210,New,25-34
C04211,New,25-34
C04212,Regular,25-34
C04213,Regular,18-24
C04214,New,35-44
C04215,Regular,45-54
C04216,Loyal,55+
C04217,New,18-24
C04218,Regular,35-44
C04219,Regular,35-44
C04220,New,55+
C04221,New,25-34
C04222,Regular,35-44
C04223,Loyal,18-24
C04224,Loyal,35-44
C04225,Regular,25-34
C04226,Regular,35-44
C04227,Regular,45-54
C04228,Regular,25-34
C04229,Regular,25-34
C04230,New,18-24
C04231,Regular,25-34
C04232,Regular,25-34
C04233,Regular,18-24
C04234,Loyal,45-54
C04235,New,18-24
C04236,New,35-44
C04237,New,45-54
C04238,Regular,45-54
C04239,Regular,35-44
C04240,Regular,18-24
C04241,Regular,45-54
C04242,Regular,25-34
C04243,Regular,45-54
C04244,Regular,35-44
C04245,Regular,35-44
C04246,Loyal,18-24
C04247,New,35-44
C04248,New,45-54
C04249,Regular,45-54
C04250,Loyal,18-24
C04251,Regular,55+
C04252,New,18-24
C04253,Regular,35-44
C04254,Regular,35-44
C04255,New,18-24
C04256,Regular,18-24
C04257,Loyal,35-44
C04258,Regular,25-34
C04259,Regular,18-24
C04260,Regular,35-44
C04261,New,45-54
C04262,Loyal,35-44
C04263,Regular,18-24
C04264,Regular,18-24
C04265,Regular,35-44
C04266,Regular,25-34
C04267,Regular,35-44
C04268,New,45-54
C04269,Loyal,25-34
C04270,Loyal,18-24
C04271,Regular,55+
C04272,Loyal,25-34
C04273,New,35-44
C04274,Regular,55+
C04275,Regular,55+
C04276,Regular,25-34
C04277,Regular,25-34
C04278,Regular,55+
C04279,New,35-44
C04280,Regular,25-34
C04281,New,25-34
C04282,Regular,25-34
C04283,New,45-54
C04284,New,25-34
C04285,Regular,45-54
C04286,Regular,45-54
C04287,Loyal,45-54
C04288,Regular,35-44
C04289,Regular,45-54
C04290,Loyal,25-34
C04291,Regular,18-24
C04292,New,45-54
C04293,Regular,25-34
C04294,Loyal,18-24
C04295,Regular,18-24
C04296,New,18-24
C04297,New,35-44
C04298,New,35-44
C04299,Regular,25-34
C04300,Regular,45-54
C04301,New,25-34
C04302,Loyal,35-44
C04303,Regular,25-34
C04304,Regular,35-44
C04305,Loyal,25-34
C04306,New,25-34
C04307,Regular,45-54
C04308,Regular,18-24
C04309,Loyal,55+
C04310,Regular,35-44
C04311,New,25-34
C04312,Loyal,35-44
C04313,New,18-24
C04314,Loyal,25-34
C04315,Loyal,55+
C04316,New,25-34
C04317,Regular,35-44
C04318,New,25-34
C04319,Regular,35-44
C04320,Regular,25-34
C04321,Regular,25-34
C04322,Loyal,55+
C04323,Regular,18-24
C04324,Regular,35-44
C04325,Loyal,25-34
C04326,Loyal,25-34
C04327,New,35-44
C04328,Loyal,25-34
C04329,New,18-24
C04330,Loyal,45-54
C04331,New,45-54
C04332,New,18-24
C04333,Regular,25-34
C04334,Regular,35-44
C04335,Regular,55+
C04336,New,55+
C04337,Regular,45-54
C04338,Loyal,18-24
C04339,Regular,45-54
C04340,New,45-54
C04341,Regular,25-34
C04342,New,25-34
C04343,Loyal,25-34
C04344,Loyal,35-44
C04345,Regular,25-34
C04346,Regular,18-24
C04347,Regular,18-24
C04348,Regular,25-34
C04349,Loyal,25-34
C04350,Regular,35-44
C04351,Regular,18-24
C04352,Regular,45-54
C04353,Regular,45-54
C04354,Loyal,45-54
C04355,Regular,35-44
C04356,Regular,18-24
C04357,New,25-34
C04358,Regular,18-24
C04359,Regular,55+
C04360,New,25-34
C04361,New,35-44
C04362,Regular,35-44
C04363,Regular,45-54
C04364,Regular,35-44
C04365,New,35-44
C04366,Regular,25-34
C04367,New,35-44
C04368,Regular,18-24
C04369,New,45-54
C04370,New,25-34
C04371,New,18-24
C04372,Regular,45-54
C04373,New,25-34
C04374,Regular,45-54
C04375,Regular,45-54
C04376,Regular,45-54
C04377,Regular,18-24
C04378,Loyal,25-34
C04379,New,45-54
C04380,Regular,45-54
C04381,New,25-34
C04382,New,25-34
C04383,Regular,18-24
C04384,Regular,55+
C04385,Loyal,25-34
C04386,Regular,18-24
C04387,Loyal,35-44
C04388,New,25-34
C04389,New,55+
C04390,New,18-24
C04391,New,18-24
C04392,Regular,25-34
C04393,Regular,25-34
C04394,New,18-24
C04395,Loyal,25-34
C04396,Loyal,25-34
C04397,New,45-54
C04398,New,18-24
C04399,New,55+
C04400,New,35-44
C04401,New,18-24
C04402,Regular,18-24
C04403,New,25-34
C04404,Regular,25-34
C04405,Loyal,25-34
C04406,Regular,25-34
C04407,Loyal,35-44
C04408,New,25-34
C04409,Regular,18-24
C04410,Regular,25-34
C04411,New,35-44
C04412,New,18-24
C04413,Regular,45-54
C04414,Regular,25-34
C04415,Regular,55+
C04416,Regular,18-24
C04417,Regular,55+
C04418,New,35-44
C04419,Regular,25-34
C04420,New,25-34
C04421,New,18-24
C04422,Loyal,55+
C04423,Regular,35-44
C04424,Regular,18-24
C04425,New,18-24
C04426,Regular,18-24
C04427,New,35-44
C04428,New,35-44
C04429,New,25-34
C04430,Regular,25-34
C04431,Regular,25-34
C04432,Regular,25-34
C04433,Regular,18-24
C04434,Loyal,25-34
C04435,New,18-24
C04436,New,45-54
C04437,Regular,35-44
C04438,Regular,55+
C04439,Loyal,25-34
C04440,New,45-54
C04441,Loyal,35-44
C04442,Loyal,25-34
C04443,New,25-34
C04444,Regular,35-44
C04445,Regular,45-54
C04446,Loyal,25-34
C04447,New,18-24
C04448,Regular,35-44
C04449,Regular,55+
C04450,Regular,35-44
C04451,Regular,25-34
C04452,Regular,25-34
C04453,Loyal,25-34
C04454,Loyal,45-54
C04455,Loyal,35-44
C04456,New,35-44
C04457,Regular,25-34
C04458,New,55+
C04459,Regular,35-44
C04460,Regular,55+
C04461,Regular,35-44
C04462,Regular,45-54
C04463,Loyal,45-54
C04464,New,25-34
C04465,Regular,55+
C04466,Regular,18-24
C04467,New,35-44
C04468,New,55+
C04469,Loyal,25-34
C04470,Loyal,35-44
C04471,Loyal,25-34
C04472,Loyal,35-44
C04473,New,45-54
C04474,Regular,35-44
C04475,Regular,45-54
C04476,Regular,25-34
C04477,Regular,25-34
C04478,Regular,25-34
C04479,Regular,35-44
C04480,Regular,18-24
C04481,New,35-44
C04482,Regular,25-34
C04483,Regular,35-44
C04484,Regular,18-24
C04485,New,35-44
C04486,Regular,35-44
C04487,New,55+
C04488,Regular,35-44
C04489,Regular,35-44
C04490,Regular,45-54
C04491,New,35-44
C04492,Regular,25-34
C04493,Regular,45-54
C04494,Regular,35-44
C04495,Regular,25-34
C04496,Regular,35-44
C04497,Regular,45-54
C04498,New,55+
C04499,New,55+
C04500,Regular,25-34
C04501,Regular,25-34
C04502,Regular,18-24
C04503,New,25-34
C04504,New,45-54
C04505,Regular,25-34
C04506,New,35-44
C04507,Regular,35-44
C04508,New,35-44
C04509,Regular,18-24
C04510,Loyal,25-34
C04511,New,25-34
C04512,Regular,25-34
C04513,New,55+
C04514,Regular,45-54
C04515,Regular,25-34
C04516,Regular,45-54
C04517,Regular,25-34
C04518,Loyal,35-44
C04519,New,25-34
C04520,New,35-44
C04521,Loyal,25-34
C04522,Regular,18-24
C04523,Loyal,25-34
C04524,Regular,25-34
C04525,Loyal,35-44
C04526,Regular,18-24
C04527,Regular,35-44
C04528,Loyal,35-44
C04529,Regular,35-44
C04530,New,35-44
C04531,New,18-24
C04532,New,35-44
C04533,New,55+
C04534,New,35-44
C04535,Regular,35-44
C04536,Regular,35-44
C04537,Regular,25-34
C04538,Regular,35-44
C04539,New,45-54
C04540,New,18-24
C04541,New,45-54
C04542,Regular,25-34
C04543,New,25-34
C04544,New,45-54
C04545,Regular,45-54
C04546,Loyal,45-54
C04547,New,55+
C04548,Regular,25-34
C04549,Regular,35-44
C04550,Regular,25-34
C04551,Loyal,25-34
C04552,New,25-34
C04553,New,35-44
C04554,Loyal,25-34
C04555,Regular,45-54
C04556,Regular,35-44
C04557,Regular,18-24
C04558,Regular,35-44
C04559,Loyal,25-34
C04560,Loyal,25-34
C04561,Regular,45-54
C04562,New,25-34
C04563,Loyal,45-54
C04564,New,35-44
C04565,New,25-34
C04566,Loyal,35-44
C04567,New,18-24
C04568,New,18-24
C04569,New,18-24
C04570,Loyal,25-34
C04571,Regular,25-34
C04572,Regular,55+
C04573,New,25-34
C04574,Regular,35-44
C04575,Regular,25-34
C04576,New,25-34
C04577,Regular,25-34
C04578,New,35-44
C04579,Loyal,25-34
C04580,Regular,25-34
C04581,Loyal,35-44
C04582,New,35-44
C04583,Regular,18-24
C04584,Regular,35-44
C04585,Regular,25-34
C04586,Loyal,35-44
C04587,Regular,25-34
C04588,New,25-34
C04589,Regular,25-34
C04590,Regular,55+
C04591,Regular,25-34
C04592,New,55+
C04593,Regular,25-34
C04594,New,25-34
C04595,Regular,25-34
C04596,Regular,18-24
C04597,Regular,45-54
C04598,New,45-54
C04599,Regular,35-44
C04600,New,35-44
C04601,New,25-34
C04602,Regular,55+
C04603,Loyal,25-34
C04604,Regular,35-44
C04605,Regular,35-44
C04606,Loyal,55+
C04607,Loyal,45-54
C04608,New,55+
C04609,Loyal,35-44
C04610,Regular,25-34
C04611,Regular,25-34
C04612,New,35-44
C04613,Regular,35-44
C04614,New,18-24
C04615,New,25-34
C04616,New,25-34
C04617,Loyal,45-54
C04618,Loyal,18-24
C04619,New,35-44
C04620,Loyal,25-34
C04621,Loyal,25-34
C04622,Regular,55+
C04623,New,25-34
C04624,Regular,18-24
C04625,Loyal,18-24
C04626,Regular,25-34
C04627,Regular,35-44
C04628,Regular,25-34
C04629,Regular,35-44
C04630,Regular,18-24
C04631,New,45-54
C04632,New,45-54
C04633,Loyal,55+
C04634,Loyal,55+
C04635,New,25-34
C04636,Loyal,25-34
C04637,Regular,35-44
C04638,Regular,18-24
C04639,Regular,25-34
C04640,Loyal,18-24
C04641,Loyal,25-34
C04642,New,25-34
C04643,Loyal,25-34
C04644,New,18-24
C04645,Regular,35-44
C04646,Regular,18-24
C04647,Regular,55+
C04648,New,25-34
C04649,Loyal,35-44
C04650,New,25-34
C04651,New,18-24
C04652,Regular,25-34
C04653,Regular,25-34
C04654,Loyal,45-54
C04655,Regular,35-44
C04656,New,18-24
C04657,Loyal,25-34
C04658,Regular,25-34
C04659,New,18-24
C04660,Regular,25-34
C04661,Regular,55+
C04662,Regular,25-34
C04663,Regular,35-44
C04664,Loyal,35-44
C04665,Loyal,45-54
C04666,Regular,25-34
C04667,New,35-44
C04668,Loyal,45-54
C04669,Regular,18-24
C04670,Regular,25-34
C04671,Regular,55+
C04672,Loyal,35-44
C04673,Regular,25-34
C04674,New,25-34
C04675,Regular,25-34
C04676,Loyal,25-34
C04677,New,25-34
C04678,Loyal,25-34
C04679,Regular,35-44
C04680,Regular,35-44
C04681,New,45-54
C04682,New,18-24
C04683,Loyal,45-54
C04684,New,25-34
C04685,Regular,25-34
C04686,Regular,45-54
C04687,New,25-34
C04688,New,18-24
C04689,Regular,18-24
C04690,Loyal,25-34
C04691,Regular,35-44
C04692,Regular,55+
C04693,Regular,35-44
C04694,Regular,45-54
C04695,Regular,35-44
C04696,Loyal,45-54
C04697,Regular,18-24
C04698,Regular,45-54
C04699,New,25-34
C04700,Loyal,45-54
C04701,New,18-24
C04702,New,35-44
C04703,Regular,35-44
C04704,Regular,55+
C04705,Regular,35-44
C04706,Regular,25-34
C04707,Regular,25-34
C04708,New,25-34
C04709,Loyal,18-24
C04710,Regular,25-34
C04711,Regular,25-34
C04712,Regular,25-34
C04713,New,45-54
C04714,Regular,45-54
C04715,Regular,18-24
C04716,Regular,18-24
C04717,Regular,25-34
C04718,Loyal,25-34
C04719,Regular,18-24
C04720,Loyal,25-34
C04721,Regular,35-44
C04722,New,25-34
C04723,New,25-34
C04724,Regular,25-34
C04725,New,35-44
C04726,New,45-54
C04727,Loyal,25-34
C04728,Loyal,18-24
C04729,Regular,25-34
C04730,New,18-24
C04731,New,25-34
C04732,New,18-24
C04733,Regular,25-34
C04734,Loyal,25-34
C04735,Regular,35-44
C04736,New,18-24
C04737,Regular,25-34
C04738,Regular,18-24
C04739,Regular,18-24
C04740,Regular,45-54
C04741,Regular,35-44
C04742,New,18-24
C04743,New,35-44
C04744,Loyal,35-44
C04745,New,25-34
C04746,New,25-34
C04747,New,45-54
C04748,New,25-34
C04749,Regular,25-34
C04750,Loyal,25-34
C04751,Regular,35-44
C04752,Regular,45-54
C04753,Regular,45-54
C04754,Regular,35-44
C04755,Loyal,55+
C04756,Loyal,35-44
C04757,New,35-44
C04758,Regular,55+
C04759,Regular,18-24
C04760,Loyal,35-44
C04761,Regular,35-44
C04762,Loyal,45-54
C04763,Regular,45-54
C04764,New,45-54
C04765,Regular,55+
C04766,Loyal,25-34
C04767,Loyal,18-24
C04768,New,18-24
C04769,Regular,25-34
C04770,Regular,25-34
C04771,New,25-34
C04772,Regular,25-34
C04773,New,45-54
C04774,Loyal,25-34
C04775,Regular,45-54
C04776,Loyal,45-54
C04777,New,25-34
C04778,New,25-34
C04779,New,35-44
C04780,New,35-44
C04781,New,25-34
C04782,New,18-24
C04783,Regular,25-34
C04784,New,18-24
C04785,Regular,25-34
C04786,Regular,25-34
C04787,Loyal,35-44
C04788,Loyal,55+
C04789,Regular,35-44
C04790,Regular,45-54
C04791,New,35-44
C04792,Loyal,35-44
C04793,New,25-34
C04794,New,25-34
C04795,New,45-54
C04796,Regular,45-54
C04797,New,25-34
C04798,Regular,18-24
C04799,New,35-44
C04800,Regular,25-34
C04801,New,18-24
C04802,New,45-54
C04803,Loyal,25-34
C04804,New,35-44
C04805,Loyal,45-54
C04806,Regular,25-34
C04807,New,25-34
C04808,Loyal,25-34
C04809,New,25-34
C04810,Loyal,35-44
C04811,New,25-34
C04812,Loyal,18-24
C04813,New,18-24
C04814,Regular,25-34
C04815,Regular,25-34
C04816,Loyal,35-44
C04817,Loyal,25-34
C04818,Loyal,18-24
C04819,Loyal,25-34
C04820,New,45-54
C04821,New,18-24
C04822,New,35-44
C04823,Regular,35-44
C04824,Regular,35-44
C04825,Regular,18-24
C04826,New,55+
C04827,Regular,35-44
C04828,New,45-54
C04829,New,25-34
C04830,Regular,35-44
C04831,Regular,35-44
C04832,Regular,25-34
C04833,Regular,25-34
C04834,New,35-44
C04835,Regular,18-24
C04836,New,35-44
C04837,Regular,18-24
C04838,Regular,18-24
C04839,New,35-44
C04840,New,18-24
C04841,Loyal,55+
C04842,Loyal,45-54
C04843,Regular,35-44
C04844,New,45-54
C04845,New,45-54
C04846,Regular,25-34
C04847,Loyal,45-54
C04848,New,18-24
C04849,Regular,25-34
C04850,New,25-34
C04851,Loyal,35-44
C04852,Regular,18-24
C04853,Regular,25-34
C04854,Regular,35-44
C04855,Regular,25-34
C04856,New,35-44
C04857,New,35-44
C04858,Loyal,25-34
C04859,Loyal,18-24
C04860,Loyal,35-44
C04861,Regular,25-34
C04862,Loyal,18-24
C04863,New,25-34
C04864,Regular,25-34
C04865,New,18-24
C04866,Regular,25-34
C04867,Regular,35-44
C04868,New,25-34
C04869,Regular,45-54
C04870,Loyal,18-24
C04871,Regular,25-34
C04872,New,35-44
C04873,New,35-44
C04874,New,35-44
C04875,New,35-44
C04876,Regular,35-44
C04877,Regular,18-24
C04878,Regular,35-44
C04879,Regular,35-44
C04880,Loyal,55+
C04881,New,35-44
C04882,Regular,35-44
C04883,Loyal,25-34
C04884,New,45-54
C04885,New,55+
C04886,Loyal,35-44
C04887,Regular,35-44
C04888,Regular,18-24
C04889,New,35-44
C04890,Regular,35-44
C04891,New,35-44
C04892,New,18-24
C04893,Regular,35-44
C04894,New,25-34
C04895,Regular,35-44
C04896,New,25-34
C04897,New,35-44
C04898,New,25-34
C04899,New,18-24
C04900,Loyal,35-44
C04901,New,18-24
C04902,Regular,35-44
C04903,New,45-54
C04904,New,55+
C04905,Loyal,25-34
C04906,New,45-54
C04907,Loyal,25-34
C04908,New,45-54
C04909,Regular,35-44
C04910,Regular,18-24
C04911,Loyal,25-34
C04912,Regular,25-34
C04913,Regular,35-44
C04914,New,25-34
C04915,New,35-44
C04916,Loyal,35-44
C04917,Regular,55+
C04918,Regular,55+
C04919,Regular,25-34
C04920,Regular,35-44
C04921,Loyal,45-54
C04922,Regular,45-54
C04923,Regular,18-24
C04924,Loyal,25-34
C04925,New,25-34
C04926,New,25-34
C04927,Regular,18-24
C04928,New,25-34
C04929,Regular,35-44
C04930,Loyal,25-34
C04931,Regular,35-44
C04932,Regular,18-24
C04933,Loyal,45-54
C04934,Regular,55+
C04935,Regular,35-44
C04936,Regular,45-54
C04937,Loyal,18-24
C04938,Regular,35-44
C04939,Regular,18-24
C04940,Loyal,25-34
C04941,Regular,25-34
C04942,Regular,35-44
C04943,Loyal,25-34
C04944,Regular,35-44
C04945,Regular,25-34
C04946,Loyal,45-54
C04947,Regular,35-44
C04948,Regular,25-34
C04949,Loyal,25-34
C04950,Loyal,45-54
C04951,Regular,25-34
C04952,New,25-34
C04953,Regular,35-44
C04954,Regular,25-34
C04955,Regular,25-34
C04956,Regular,25-34
C04957,Regular,25-34
C04958,Regular,25-34
C04959,New,18-24
C04960,Regular,25-34
C04961,Regular,25-34
C04962,New,55+
C04963,New,35-44
C04964,Regular,35-44
C04965,Regular,18-24
C04966,New,18-24
C04967,Loyal,45-54
C04968,Regular,35-44
C04969,Loyal,18-24
C04970,Regular,25-34
C04971,Regular,25-34
C04972,Loyal,45-54
C04973,Regular,18-24
C04974,Regular,35-44
C04975,New,35-44
C04976,Regular,55+
C04977,New,45-54
C04978,New,25-34
C04979,New,35-44
C04980,New,35-44
C04981,Loyal,35-44
C04982,New,45-54
C04983,Regular,45-54
C04984,Loyal,18-24
C04985,Regular,18-24
C04986,New,35-44
C04987,Regular,25-34
C04988,Regular,18-24
C04989,Regular,25-34
C04990,Regular,45-54
C04991,Loyal,18-24
C04992,Regular,35-44
C04993,Regular,18-24
C04994,Regular,18-24
C04995,New,25-34
C04996,Loyal,18-24
C04997,New,45-54
C04998,Regular,45-54
C04999,Loyal,35-44
C05000,Regular,25-34
C05001,Regular,25-34
C05002,Regular,18-24
C05003,Loyal,25-34
C05004,Regular,25-34
C05005,Loyal,35-44
C05006,New,18-24
C05007,Regular,25-34
C05008,Loyal,45-54
C05009,New,25-34
C05010,Regular,55+
C05011,New,55+
C05012,Regular,25-34
C05013,Regular,25-34
C05014,Regular,35-44
C05015,New,18-24
C05016,New,25-34
C05017,New,35-44
C05018,Regular,25-34
C05019,Regular,25-34
C05020,Loyal,35-44
C05021,Regular,35-44
C05022,Regular,18-24
C05023,Loyal,25-34
C05024,Regular,25-34
C05025,Loyal,25-34
C05026,Regular,35-44
C05027,New,35-44
C05028,New,35-44
C05029,Regular,18-24
C05030,New,18-24
C05031,New,25-34
C05032,Regular,25-34
C05033,Regular,18-24
C05034,Regular,25-34
C05035,New,18-24
C05036,Regular,35-44
C05037,Regular,35-44
C05038,Loyal,25-34
C05039,Regular,18-24
C05040,Loyal,45-54
C05041,Regular,55+
C05042,Regular,25-34
C05043,New,35-44
C05044,Regular,45-54
C05045,Regular,25-34
C05046,Regular,25-34
C05047,Regular,25-34
C05048,Regular,25-34
C05049,Regular,25-34
C05050,Regular,45-54
C05051,New,35-44
C05052,Loyal,25-34
C05053,New,35-44
C05054,New,35-44
C05055,Regular,18-24
C05056,Regular,25-34
C05057,Regular,45-54
C05058,New,25-34
C05059,Regular,25-34
C05060,Regular,18-24
C05061,Loyal,25-34
C05062,Loyal,25-34
C05063,Regular,25-34
C05064,Regular,35-44
C05065,Regular,18-24
C05066,New,18-24
C05067,Regular,25-34
C05068,Regular,18-24
C05069,Loyal,45-54
C05070,New,18-24
C05071,Regular,35-44
C05072,Regular,25-34
C05073,Regular,25-34
C05074,New,35-44
C05075,Loyal,25-34
C05076,Regular,35-44
C05077,Regular,25-34
C05078,New,35-44
C05079,Regular,35-44
C05080,Regular,35-44
C05081,New,35-44
C05082,New,35-44
C05083,Loyal,55+
C05084,New,25-34
C05085,New,25-34
C05086,Regular,18-24
C05087,Regular,25-34
C05088,New,25-34
C05089,Regular,45-54
C05090,New,25-34
C05091,New,35-44
C05092,New,18-24
C05093,Loyal,25-34
C05094,New,45-54
C05095,New,25-34
C05096,Regular,18-24
C05097,Loyal,25-34
C05098,New,35-44
C05099,Regular,25-34
C05100,New,25-34
C05101,Regular,35-44
C05102,Regular,25-34
C05103,Regular,35-44
C05104,Regular,18-24
C05105,New,25-34
C05106,New,35-44
C05107,Regular,45-54
C05108,New,35-44
C05109,Regular,35-44
C05110,Loyal,25-34
C05111,Loyal,18-24
C05112,Loyal,25-34
C05113,Regular,45-54
C05114,Regular,45-54
C05115,New,55+
C05116,Regular,18-24
C05117,Regular,25-34
C05118,Regular,35-44
C05119,Regular,35-44
C05120,New,35-44
C05121,New,35-44
C05122,Loyal,25-34
C05123,New,18-24
C05124,Regular,25-34
C05125,Loyal,18-24
C05126,Regular,25-34
C05127,Regular,18-24
C05128,New,25-34
C05129,Regular,35-44
C05130,Loyal,45-54
C05131,Regular,45-54
C05132,Regular,25-34
C05133,New,18-24
C05134,New,18-24
C05135,Loyal,55+
C05136,Regular,25-34
C05137,Regular,18-24
C05138,New,45-54
C05139,Regular,25-34
C05140,Loyal,45-54
C05141,Regular,25-34
C05142,New,25-34
C05143,Regular,25-34
C05144,Regular,45-54
C05145,Regular,45-54
C05146,Loyal,25-34
C05147,Regular,25-34
C05148,Loyal,25-34
C05149,Regular,55+
C05150,New,35-44
C05151,New,35-44
C05152,New,25-34
C05153,Loyal,25-34
C05154,Regular,25-34
C05155,Regular,35-44
C05156,New,45-54
C05157,New,25-34
C05158,Regular,25-34
C05159,Regular,25-34
C05160,New,18-24
C05161,Regular,55+
C05162,New,25-34
C05163,Regular,45-54
C05164,Regular,35-44
C05165,New,35-44
C05166,Loyal,55+
C05167,New,35-44
C05168,New,45-54
C05169,New,18-24
C05170,Regular,35-44
C05171,Regular,35-44
C05172,Regular,25-34
C05173,New,35-44
C05174,New,35-44
C05175,Regular,45-54
C05176,Loyal,25-34
C05177,Loyal,35-44
C05178,New,25-34
C05179,Regular,35-44
C05180,Loyal,25-34
C05181,Regular,35-44
C05182,Loyal,25-34
C05183,New,18-24
C05184,Loyal,18-24
C05185,Regular,18-24
C05186,Loyal,35-44
C05187,Regular,45-54
C05188,Regular,18-24
C05189,Loyal,18-24
C05190,New,25-34
C05191,Regular,35-44
C05192,Regular,18-24
C05193,Regular,25-34
C05194,Loyal,25-34
C05195,New,25-34
C05196,Regular,25-34
C05197,Regular,25-34
C05198,New,35-44
C05199,Regular,35-44
C05200,New,18-24
C05201,New,35-44
C05202,Loyal,25-34
C05203,Regular,55+
C05204,Regular,25-34
C05205,Loyal,35-44
C05206,Regular,35-44
C05207,Loyal,25-34
C05208,Regular,45-54
C05209,Loyal,25-34
C05210,New,35-44
C05211,Loyal,18-24
C05212,New,25-34
C05213,Regular,35-44
C05214,Regular,25-34
C05215,Regular,25-34
C05216,Regular,25-34
C05217,Regular,35-44
C05218,Regular,25-34
C05219,New,18-24
C05220,New,35-44
C05221,New,25-34
C05222,Regular,25-34
C05223,New,18-24
C05224,Regular,25-34
C05225,Regular,25-34
C05226,New,55+
C05227,Regular,25-34
C05228,Loyal,18-24
C05229,New,18-24
C05230,Regular,18-24
C05231,Regular,35-44
C05232,Regular,18-24
C05233,Regular,25-34
C05234,Regular,25-34
C05235,Regular,45-54
C05236,New,25-34
C05237,Regular,25-34
C05238,Regular,35-44
C05239,New,25-34
C05240,Regular,35-44
C05241,Loyal,35-44
C05242,Regular,25-34
C05243,Regular,25-34
C05244,Loyal,55+
C05245,Regular,35-44
C05246,Regular,45-54
C05247,Regular,18-24
C05248,Loyal,25-34
C05249,Regular,45-54
C05250,Regular,25-34
C05251,Regular,55+
C05252,Loyal,18-24
C05253,Regular,45-54
C05254,New,25-34
C05255,Loyal,18-24
C05256,Regular,45-54
C05257,New,25-34
C05258,Regular,18-24
C05259,Regular,18-24
C05260,Loyal,35-44
C05261,New,55+
C05262,Loyal,18-24
C05263,Regular,25-34
C05264,New,18-24
C05265,Loyal,35-44
C05266,Regular,18-24
C05267,New,25-34
C05268,Regular,18-24
C05269,Loyal,25-34
C05270,New,45-54
C05271,New,25-34
C05272,New,18-24
C05273,New,25-34
C05274,Regular,35-44
C05275,Regular,18-24
C05276,New,18-24
C05277,New,18-24
C05278,Regular,35-44
C05279,Loyal,35-44
C05280,Regular,25-34
C05281,Loyal,25-34
C05282,Regular,25-34
C05283,New,55+
C05284,Loyal,25-34
C05285,Regular,45-54
C05286,Regular,35-44
C05287,Loyal,18-24
C05288,New,25-34
C05289,New,55+
C05290,Regular,25-34
C05291,New,45-54
C05292,New,25-34
C05293,New,25-34
C05294,New,45-54
C05295,Regular,45-54
C05296,New,25-34
C05297,Regular,35-44
C05298,Regular,18-24
C05299,Regular,25-34
C05300,New,25-34
C05301,Regular,18-24
C05302,New,25-34
C05303,Regular,25-34
C05304,Loyal,55+
C05305,Regular,35-44
C05306,Regular,25-34
C05307,Regular,55+
C05308,Regular,18-24
C05309,Loyal,25-34
C05310,Loyal,35-44
C05311,Regular,18-24
C05312,Regular,35-44
C05313,Loyal,18-24
C05314,Loyal,18-24
C05315,Regular,18-24
C05316,Regular,45-54
C05317,New,35-44
C05318,Loyal,35-44
C05319,New,25-34
C05320,Regular,25-34
C05321,New,35-44
C05322,New,25-34
C05323,Regular,18-24
C05324,Loyal,35-44
C05325,New,18-24
C05326,Regular,18-24
C05327,New,45-54
C05328,New,35-44
C05329,Regular,35-44
C05330,Regular,25-34
C05331,New,25-34
C05332,New,35-44
C05333,New,35-44
C05334,New,25-34
C05335,Loyal,55+
C05336,Loyal,55+
C05337,Regular,25-34
C05338,Regular,45-54
C05339,Loyal,25-34
C05340,New,25-34
C05341,Loyal,18-24
C05342,Loyal,25-34
C05343,New,45-54
C05344,New,35-44
C05345,Loyal,35-44
C05346,Regular,18-24
C05347,New,25-34
C05348,New,25-34
C05349,Regular,25-34
C05350,Regular,25-34
C05351,Regular,25-34
C05352,Loyal,25-34
C05353,New,25-34
C05354,Regular,25-34
C05355,Regular,18-24
C05356,Regular,45-54
C05357,New,18-24
C05358,Loyal,18-24
C05359,Loyal,45-54
C05360,Regular,55+
C05361,Regular,35-44
C05362,New,18-24
C05363,Regular,25-34
C05364,Regular,55+
C05365,Regular,45-54
C05366,Loyal,25-34
C05367,Regular,25-34
C05368,Regular,18-24
C05369,Regular,18-24
C05370,New,35-44
C05371,Regular,18-24
C05372,Regular,55+
C05373,Regular,18-24
C05374,Regular,35-44
C05375,Regular,18-24
C05376,Regular,25-34
C05377,Regular,18-24
C05378,Regular,35-44
C05379,Loyal,35-44
C05380,New,18-24
C05381,New,45-54
C05382,Regular,25-34
C05383,New,45-54
C05384,New,45-54
C05385,Regular,45-54
C05386,Regular,18-24
C05387,Regular,18-24
C05388,Loyal,55+
C05389,Regular,25-34
C05390,Loyal,25-34
C05391,New,35-44
C05392,Regular,25-34
C05393,Loyal,35-44
C05394,Regular,45-54
C05395,Regular,35-44
C05396,Regular,25-34
C05397,New,25-34
C05398,Regular,25-34
C05399,Regular,25-34
C05400,Loyal,18-24
C05401,New,25-34
C05402,Loyal,25-34
C05403,Loyal,25-34
C05404,New,45-54
C05405,Regular,25-34
C05406,Loyal,25-34
C05407,Loyal,35-44
C05408,Regular,35-44
C05409,Regular,25-34
C05410,Regular,35-44
C05411,Regular,18-24
C05412,New,25-34
C05413,Regular,45-54
C05414,New,45-54
C05415,New,25-34
C05416,Regular,35-44
C05417,Regular,45-54
C05418,New,55+
C05419,Regular,25-34
C05420,Regular,25-34
C05421,New,25-34
C05422,New,18-24
C05423,Loyal,25-34
C05424,Regular,35-44
C05425,Regular,45-54
C05426,Regular,45-54
C05427,Loyal,18-24
C05428,New,25-34
C05429,Regular,18-24
C05430,Regular,25-34
C05431,Regular,45-54
C05432,New,25-34
C05433,Regular,35-44
C05434,New,18-24
C05435,Regular,25-34
C05436,Regular,35-44
C05437,New,18-24
C05438,Loyal,25-34
C05439,New,18-24
C05440,Loyal,35-44
C05441,Regular,55+
C05442,New,45-54
C05443,New,55+
C05444,Loyal,45-54
C05445,New,45-54
C05446,New,25-34
C05447,Regular,25-34
C05448,Regular,25-34
C05449,Regular,45-54
C05450,New,18-24
C05451,New,18-24
C05452,New,55+
C05453,New,18-24
C05454,Regular,55+
C05455,Regular,35-44
C05456,New,25-34
C05457,Regular,35-44
C05458,Regular,45-54
C05459,Loyal,25-34
C05460,Loyal,35-44
C05461,Loyal,45-54
C05462,New,25-34
C05463,New,18-24
C05464,New,25-34
C05465,New,25-34
C05466,Regular,18-24
C05467,Regular,35-44
C05468,Loyal,25-34
C05469,Loyal,45-54
C05470,Regular,25-34
C05471,Regular,25-34
C05472,New,35-44
C05473,New,45-54
C05474,Regular,25-34
C05475,New,25-34
C05476,Regular,45-54
C05477,Regular,25-34
C05478,Regular,18-24
C05479,Regular,25-34
C05480,New,35-44
C05481,Loyal,18-24
C05482,New,35-44
C05483,Regular,35-44
C05484,Regular,45-54
C05485,Regular,25-34
C05486,Loyal,25-34
C05487,New,25-34
C05488,Regular,25-34
C05489,Regular,35-44
C05490,Loyal,35-44
C05491,New,35-44
C05492,Regular,45-54
C05493,Regular,45-54
C05494,New,25-34
C05495,Regular,55+
C05496,Regular,25-34
C05497,Regular,35-44
C05498,Loyal,25-34
C05499,Regular,45-54
C05500,Regular,25-34
C05501,Regular,35-44
C05502,New,55+
C05503,New,35-44
C05504,Regular,35-44
C05505,New,18-24
C05506,New,25-34
C05507,Regular,55+
C05508,Regular,35-44
C05509,New,25-34
C05510,Regular,25-34
C05511,New,18-24
C05512,Loyal,25-34
C05513,Loyal,25-34
C05514,Regular,25-34
C05515,New,18-24
C05516,Regular,25-34
C05517,Loyal,35-44
C05518,Regular,25-34
C05519,New,35-44
C05520,Regular,45-54
C05521,Loyal,25-34
C05522,Regular,45-54
C05523,Regular,45-54
C05524,Regular,18-24
C05525,Regular,18-24
C05526,New,25-34
C05527,Regular,35-44
C05528,New,25-34
C05529,Regular,25-34
C05530,New,35-44
C05531,Regular,18-24
C05532,New,55+
C05533,Regular,25-34
C05534,Regular,45-54
C05535,New,18-24
C05536,New,25-34
C05537,New,25-34
C05538,Loyal,55+
C05539,Regular,18-24
C05540,Regular,35-44
C05541,New,45-54
C05542,Regular,35-44
C05543,Loyal,25-34
C05544,Loyal,55+
C05545,Regular,45-54
C05546,New,25-34
C05547,New,25-34
C05548,New,55+
C05549,New,55+
C05550,New,25-34
C05551,New,45-54
C05552,Regular,25-34
C05553,Loyal,25-34
C05554,Regular,18-24
C05555,Loyal,25-34
C05556,Regular,35-44
C05557,New,25-34
C05558,Regular,25-34
C05559,New,25-34
C05560,Regular,25-34
C05561,Regular,55+
C05562,Loyal,45-54
C05563,New,25-34
C05564,New,45-54
C05565,Loyal,25-34
C05566,New,35-44
C05567,Regular,55+
C05568,Regular,25-34
C05569,Loyal,35-44
C05570,Loyal,25-34
C05571,Loyal,25-34
C05572,New,25-34
C05573,Loyal,55+
C05574,Regular,25-34
C05575,Regular,55+
C05576,New,45-54
C05577,Regular,25-34
C05578,Loyal,25-34
C05579,Loyal,35-44
C05580,Regular,25-34
C05581,New,18-24
C05582,Regular,55+
C05583,Loyal,35-44
C05584,Regular,25-34
C05585,Regular,35-44
C05586,New,18-24
C05587,Regular,25-34
C05588,Regular,55+
C05589,Loyal,45-54
C05590,Regular,25-34
C05591,New,25-34
C05592,Regular,35-44
C05593,New,25-34
C05594,Loyal,18-24
C05595,Regular,25-34
C05596,Regular,35-44
C05597,Regular,18-24
C05598,Regular,18-24
C05599,Regular,25-34
C05600,Regular,25-34
C05601,New,25-34
C05602,New,25-34
C05603,New,25-34
C05604,Regular,45-54
C05605,New,18-24
C05606,Regular,25-34
C05607,Loyal,55+
C05608,Loyal,35-44
C05609,Regular,35-44
C05610,Regular,25-34
C05611,New,18-24
C05612,Regular,35-44
C05613,Loyal,35-44
C05614,New,18-24
C05615,Regular,25-34
C05616,Loyal,45-54
C05617,Loyal,25-34
C05618,New,25-34
C05619,Regular,25-34
C05620,New,45-54
C05621,New,45-54
C05622,Loyal,35-44
C05623,Loyal,25-34
C05624,Regular,18-24
C05625,New,25-34
C05626,Loyal,35-44
C05627,Regular,35-44
C05628,Regular,55+
C05629,Regular,25-34
C05630,New,35-44
C05631,Regular,25-34
C05632,Regular,18-24
C05633,New,25-34
C05634,New,25-34
C05635,New,55+
C05636,New,25-34
C05637,Regular,55+
C05638,Loyal,25-34
C05639,New,25-34
C05640,New,18-24
C05641,Regular,18-24
C05642,Loyal,25-34
C05643,Regular,18-24
C05644,Regular,25-34
C05645,Regular,55+
C05646,New,35-44
C05647,New,35-44
C05648,Regular,18-24
C05649,Regular,25-34
C05650,Regular,25-34
C05651,Regular,45-54
C05652,Regular,18-24
C05653,New,25-34
C05654,Regular,35-44
C05655,New,25-34
C05656,New,45-54
C05657,Regular,25-34
C05658,Loyal,25-34
C05659,Loyal,35-44
C05660,Regular,25-34
C05661,New,25-34
C05662,New,18-24
C05663,Loyal,35-44
C05664,Regular,55+
C05665,Regular,35-44
C05666,Regular,45-54
C05667,Regular,25-34
C05668,Loyal,25-34
C05669,New,18-24
C05670,Regular,35-44
C05671,Loyal,25-34
C05672,New,35-44
C05673,Regular,35-44
C05674,New,55+
C05675,Loyal,25-34
C05676,New,25-34
C05677,Regular,25-34
C05678,New,25-34
C05679,Regular,45-54
C05680,New,18-24
C05681,New,55+
C05682,Regular,55+
C05683,Loyal,35-44
C05684,New,25-34
C05685,New,25-34
C05686,Regular,25-34
C05687,Regular,18-24
C05688,Loyal,25-34
C05689,New,18-24
C05690,Regular,35-44
C05691,New,25-34
C05692,New,18-24
C05693,Regular,25-34
C05694,Regular,55+
C05695,Regular,35-44
C05696,New,25-34
C05697,Regular,35-44
C05698,Regular,35-44
C05699,Loyal,45-54
C05700,New,25-34
C05701,New,45-54
C05702,Regular,25-34
C05703,Regular,55+
C05704,New,25-34
C05705,Loyal,45-54
C05706,New,55+
C05707,Loyal,18-24
C05708,New,55+
C05709,Regular,18-24
C05710,Loyal,25-34
C05711,New,25-34
C05712,Loyal,55+
C05713,Regular,25-34
C05714,Loyal,25-34
C05715,Regular,35-44
C05716,New,55+
C05717,New,35-44
C05718,New,25-34
C05719,New,25-34
C05720,New,18-24
C05721,New,35-44
C05722,Regular,18-24
C05723,Regular,25-34
C05724,New,45-54
C05725,New,25-34
C05726,Regular,25-34
C05727,New,25-34
C05728,New,18-24
C05729,New,25-34
C05730,Loyal,25-34
C05731,Loyal,45-54
C05732,Regular,25-34
C05733,Regular,25-34
C05734,Regular,35-44
C05735,Regular,35-44
C05736,Regular,35-44
C05737,Regular,55+
C05738,New,35-44
C05739,New,25-34
C05740,Regular,45-54
C05741,Loyal,25-34
C05742,Regular,25-34
C05743,Loyal,25-34
C05744,Loyal,25-34
C05745,New,18-24
C05746,Regular,18-24
C05747,Regular,18-24
C05748,Loyal,45-54
C05749,Loyal,55+
C05750,Regular,35-44
C05751,New,45-54
C05752,Regular,18-24
C05753,New,45-54
C05754,Regular,25-34
C05755,Loyal,18-24
C05756,Regular,18-24
C05757,Regular,25-34
C05758,Regular,18-24
C05759,Regular,25-34
C05760,New,18-24
C05761,Regular,25-34
C05762,Loyal,25-34
C05763,Loyal,55+
C05764,New,25-34
C05765,Loyal,25-34
C05766,Regular,35-44
C05767,New,45-54
C05768,New,25-34
C05769,New,45-54
C05770,Loyal,25-34
C05771,Regular,18-24
C05772,Regular,25-34
C05773,New,35-44
C05774,Regular,25-34
C05775,New,35-44
C05776,Regular,25-34
C05777,Regular,35-44
C05778,New,25-34
C05779,Loyal,25-34
C05780,New,25-34
C05781,Regular,35-44
C05782,Regular,25-34
C05783,Regular,45-54
C05784,New,35-44
C05785,New,25-34
C05786,Loyal,55+
C05787,New,35-44
C05788,Loyal,25-34
C05789,Loyal,18-24
C05790,New,25-34
C05791,New,18-24
C05792,Regular,25-34
C05793,Loyal,25-34
C05794,Loyal,35-44
C05795,Regular,18-24
C05796,Regular,45-54
C05797,New,25-34
C05798,Loyal,25-34
C05799,Loyal,35-44
C05800,New,35-44
C05801,New,25-34
C05802,New,25-34
C05803,New,25-34
C05804,Loyal,35-44
C05805,Regular,25-34
C05806,New,35-44
C05807,Regular,25-34
C05808,Loyal,18-24
C05809,Regular,25-34
C05810,Regular,25-34
C05811,New,25-34
C05812,Loyal,25-34
C05813,Loyal,25-34
C05814,New,35-44
C05815,New,18-24
C05816,New,55+
C05817,New,25-34
C05818,Regular,25-34
C05819,Loyal,35-44
C05820,Regular,45-54
C05821,Loyal,25-34
C05822,Regular,35-44
C05823,Regular,45-54
C05824,Regular,35-44
C05825,New,18-24
C05826,Regular,45-54
C05827,Regular,35-44
C05828,New,35-44
C05829,Regular,35-44
C05830,Regular,55+
C05831,Loyal,25-34
C05832,Regular,18-24
C05833,Loyal,25-34
C05834,Regular,18-24
C05835,Regular,25-34
C05836,Regular,35-44
C05837,Loyal,25-34
C05838,Regular,35-44
C05839,Regular,45-54
C05840,Regular,25-34
C05841,Regular,45-54
C05842,New,18-24
C05843,New,45-54
C05844,New,45-54
C05845,Loyal,25-34
C05846,New,25-34
C05847,New,25-34
C05848,Regular,45-54
C05849,Regular,45-54
C05850,Regular,25-34
C05851,New,35-44
C05852,Loyal,18-24
C05853,Loyal,25-34
C05854,Loyal,55+
C05855,Regular,18-24
C05856,Regular,55+
C05857,New,45-54
C05858,New,55+
C05859,New,18-24
C05860,Regular,25-34
C05861,Regular,18-24
C05862,Regular,35-44
C05863,New,35-44
C05864,Regular,18-24
C05865,Regular,35-44
C05866,Regular,25-34
C05867,Regular,18-24
C05868,New,25-34
C05869,Loyal,18-24
C05870,Regular,25-34
C05871,New,25-34
C05872,New,45-54
C05873,Regular,35-44
C05874,Loyal,25-34
C05875,Regular,35-44
C05876,New,25-34
C05877,Loyal,25-34
C05878,Regular,35-44
C05879,Regular,35-44
C05880,Regular,35-44
C05881,New,35-44
C05882,Regular,35-44
C05883,Regular,25-34
C05884,Loyal,45-54
C05885,Regular,18-24
C05886,Regular,45-54
C05887,Regular,25-34
C05888,Loyal,18-24
C05889,Loyal,35-44
C05890,Regular,25-34
C05891,Regular,45-54
C05892,Regular,25-34
C05893,Regular,35-44
C05894,New,25-34
C05895,Regular,25-34
C05896,New,25-34
C05897,Loyal,35-44
C05898,Regular,35-44
C05899,Loyal,25-34
C05900,Regular,55+
C05901,Regular,35-44
C05902,Regular,55+
C05903,New,18-24
C05904,Regular,18-24
C05905,New,25-34
C05906,Regular,18-24
C05907,Regular,25-34
C05908,Regular,25-34
C05909,New,25-34
C05910,New,35-44
C05911,Regular,55+
C05912,Loyal,45-54
C05913,Regular,18-24
C05914,Regular,25-34
C05915,Regular,25-34
C05916,New,18-24
C05917,Loyal,25-34
C05918,Regular,25-34
C05919,New,25-34
C05920,Regular,35-44
C05921,New,35-44
C05922,Loyal,18-24
C05923,New,25-34
C05924,Regular,45-54
C05925,New,25-34
C05926,Regular,25-34
C05927,Regular,25-34
C05928,Regular,25-34
C05929,Regular,18-24
C05930,Loyal,45-54
C05931,New,18-24
C05932,Regular,25-34
C05933,New,18-24
C05934,Loyal,35-44
C05935,Regular,18-24
C05936,Regular,25-34
C05937,Regular,25-34
C05938,New,25-34
C05939,New,25-34
C05940,New,25-34
C05941,Regular,35-44
C05942,New,55+
C05943,New,25-34
C05944,Loyal,18-24
C05945,Loyal,18-24
C05946,Regular,35-44
C05947,Regular,25-34
C05948,New,35-44
C05949,Regular,35-44
C05950,Loyal,45-54
C05951,New,45-54
C05952,New,35-44
C05953,Regular,25-34
C05954,Regular,25-34
C05955,New,25-34
C05956,Regular,25-34
C05957,New,35-44
C05958,Regular,18-24
C05959,Regular,35-44
C05960,Loyal,25-34
C05961,Regular,35-44
C05962,Loyal,25-34
C05963,Regular,25-34
C05964,Regular,25-34
C05965,Regular,45-54
C05966,Loyal,25-34
C05967,Loyal,25-34
C05968,New,18-24
C05969,Loyal,35-44
C05970,Loyal,25-34
C05971,Regular,55+
C05972,New,25-34
C05973,Loyal,25-34
C05974,Loyal,35-44
C05975,New,25-34
C05976,Loyal,45-54
C05977,New,25-34
C05978,New,55+
C05979,Regular,35-44
C05980,Regular,45-54
C05981,Regular,18-24
C05982,New,25-34
C05983,Loyal,35-44
C05984,New,35-44
C05985,New,18-24
C05986,New,25-34
C05987,Regular,25-34
C05988,Loyal,35-44
C05989,Regular,25-34
C05990,Loyal,25-34
C05991,New,25-34
C05992,Regular,25-34
C05993,Regular,18-24
C05994,Regular,55+
C05995,New,18-24
C05996,Regular,45-54
C05997,Regular,25-34
C05998,Regular,25-34
C05999,Regular,25-34
C06000,New,35-44
C06001,Regular,35-44
C06002,New,25-34
C06003,Loyal,18-24
C06004,Regular,45-54
C06005,New,55+
C06006,Loyal,25-34
C06007,Regular,35-44
C06008,New,25-34
C06009,Regular,25-34
C06010,New,18-24
C06011,Loyal,25-34
C06012,Loyal,45-54
C06013,Loyal,18-24
C06014,Regular,35-44
C06015,Regular,45-54
C06016,Regular,25-34
C06017,New,18-24
C06018,Regular,35-44
C06019,Regular,25-34
C06020,New,18-24
C06021,Regular,25-34
C06022,Loyal,25-34
C06023,Loyal,45-54
C06024,New,35-44
C06025,New,25-34
C06026,New,25-34
C06027,Loyal,55+
C06028,New,18-24
C06029,Regular,25-34
C06030,New,55+
C06031,Regular,55+
C06032,Regular,18-24
C06033,Regular,18-24
C06034,New,25-34
C06035,Regular,18-24
C06036,New,35-44
C06037,Regular,18-24
C06038,Loyal,18-24
C06039,New,25-34
C06040,Loyal,55+
C06041,Regular,25-34
C06042,New,25-34
C06043,Regular,55+
C06044,New,25-34
C06045,Regular,25-34
C06046,Regular,25-34
C06047,New,18-24
C06048,Regular,25-34
C06049,Loyal,25-34
C06050,Loyal,25-34
C06051,Regular,18-24
C06052,Loyal,25-34
C06053,Regular,25-34
C06054,Regular,18-24
C06055,Loyal,18-24
C06056,Regular,55+
C06057,Regular,25-34
C06058,Regular,18-24
C06059,Loyal,35-44
C06060,Loyal,18-24
C06061,Regular,35-44
C06062,Regular,35-44
C06063,Regular,35-44
C06064,Regular,35-44
C06065,New,18-24
C06066,Regular,35-44
C06067,Regular,18-24
C06068,Regular,25-34
C06069,New,55+
C06070,New,25-34
C06071,Loyal,55+
C06072,New,18-24
C06073,New,25-34
C06074,Regular,18-24
C06075,New,35-44
C06076,New,18-24
C06077,Regular,18-24
C06078,Regular,25-34
C06079,Regular,35-44
C06080,Regular,18-24
C06081,Regular,45-54
C06082,Loyal,18-24
C06083,Regular,18-24
C06084,New,25-34
C06085,New,55+
C06086,Regular,18-24
C06087,Regular,18-24
C06088,New,35-44
C06089,Regular,25-34
C06090,New,35-44
C06091,Regular,25-34
C06092,Regular,25-34
C06093,Regular,25-34
C06094,Regular,25-34
C06095,New,35-44
C06096,Regular,35-44
C06097,New,25-34
C06098,Loyal,45-54
C06099,New,25-34
C06100,Loyal,25-34
C06101,Regular,35-44
C06102,Regular,35-44
C06103,New,18-24
C06104,Loyal,35-44
C06105,New,25-34
C06106,New,35-44
C06107,Regular,45-54
C06108,New,25-34
C06109,New,18-24
C06110,Loyal,35-44
C06111,Loyal,35-44
C06112,Regular,25-34
C06113,Loyal,25-34
C06114,Regular,55+
C06115,New,25-34
C06116,Regular,25-34
C06117,Regular,25-34
C06118,Loyal,25-34
C06119,New,55+
C06120,Regular,35-44
C06121,New,25-34
C06122,New,35-44
C06123,New,35-44
C06124,Loyal,35-44
C06125,Loyal,18-24
C06126,Regular,35-44
C06127,Regular,25-34
C06128,New,18-24
C06129,New,25-34
C06130,New,55+
C06131,Regular,25-34
C06132,Regular,55+
C06133,Regular,18-24
C06134,New,35-44
C06135,New,18-24
C06136,New,25-34
C06137,Regular,25-34
C06138,Loyal,35-44
C06139,Regular,35-44
C06140,Loyal,35-44
C06141,Regular,35-44
C06142,Regular,45-54
C06143,New,25-34
C06144,Loyal,25-34
C06145,Regular,18-24
C06146,New,25-34
C06147,Regular,35-44
C06148,Regular,18-24
C06149,Regular,18-24
C06150,Loyal,18-24
C06151,Regular,35-44
C06152,Regular,25-34
C06153,New,18-24
C06154,New,35-44
C06155,New,35-44
C06156,New,25-34
C06157,Regular,25-34
C06158,Regular,18-24
C06159,New,55+
C06160,Loyal,25-34
C06161,New,55+
C06162,New,55+
C06163,New,35-44
C06164,Regular,18-24
C06165,New,25-34
C06166,Regular,18-24
C06167,Regular,45-54
C06168,Loyal,35-44
C06169,New,55+
C06170,New,35-44
C06171,New,25-34
C06172,Regular,25-34
C06173,New,25-34
C06174,Loyal,25-34
C06175,Regular,35-44
C06176,Regular,55+
C06177,Regular,35-44
C06178,New,45-54
C06179,New,45-54
C06180,New,25-34
C06181,Regular,25-34
C06182,New,35-44
C06183,New,25-34
C06184,Loyal,18-24
C06185,New,25-34
C06186,Loyal,55+
C06187,Regular,18-24
C06188,New,35-44
C06189,New,45-54
C06190,New,35-44
C06191,Regular,25-34
C06192,Regular,35-44
C06193,Regular,25-34
C06194,Loyal,18-24
C06195,Regular,55+
C06196,New,25-34
C06197,New,35-44
C06198,Loyal,25-34
C06199,New,18-24
C06200,New,55+
C06201,Regular,35-44
C06202,Regular,18-24
C06203,Loyal,55+
C06204,Regular,35-44
C06205,New,25-34
C06206,Loyal,35-44
C06207,New,18-24
C06208,Regular,25-34
C06209,Regular,18-24
C06210,New,25-34
C06211,Regular,25-34
C06212,New,45-54
C06213,Regular,35-44
C06214,Regular,25-34
C06215,Regular,45-54
C06216,Loyal,25-34
C06217,New,35-44
C06218,Regular,18-24
C06219,Regular,45-54
C06220,New,55+
C06221,Regular,35-44
C06222,Regular,55+
C06223,New,25-34
C06224,Regular,45-54
C06225,New,25-34
C06226,Regular,18-24
C06227,New,35-44
C06228,Loyal,35-44
C06229,Regular,25-34
C06230,Regular,18-24
C06231,Regular,18-24
C06232,Loyal,25-34
C06233,Regular,18-24
C06234,New,18-24
C06235,Regular,25-34
C06236,Loyal,55+
C06237,Regular,35-44
C06238,Regular,25-34
C06239,Loyal,55+
C06240,Loyal,35-44
C06241,Loyal,25-34
C06242,New,25-34
C06243,Regular,25-34
C06244,Regular,25-34
C06245,Regular,25-34
C06246,Regular,25-34
C06247,New,25-34
C06248,Regular,35-44
C06249,Regular,25-34
C06250,New,35-44
C06251,Regular,25-34
C06252,New,55+
C06253,Regular,25-34
C06254,New,45-54
C06255,Regular,45-54
C06256,Regular,35-44
C06257,Regular,35-44
C06258,Regular,18-24
C06259,Loyal,55+
C06260,New,18-24
C06261,New,25-34
C06262,Loyal,25-34
C06263,New,25-34
C06264,Loyal,35-44
C06265,Loyal,45-54
C06266,Regular,25-34
C06267,Loyal,55+
C06268,New,35-44
C06269,New,18-24
C06270,Regular,18-24
C06271,Regular,35-44
C06272,Loyal,18-24
C06273,New,25-34
C06274,Regular,18-24
C06275,Regular,25-34
C06276,Regular,35-44
C06277,New,25-34
C06278,Regular,18-24
C06279,Loyal,25-34
C06280,New,25-34
C06281,Loyal,18-24
C06282,Regular,35-44
C06283,Regular,35-44
C06284,Regular,18-24
C06285,New,25-34
C06286,Regular,25-34
C06287,Loyal,25-34
C06288,Regular,25-34
C06289,Loyal,25-34
C06290,Regular,25-34
C06291,New,35-44
C06292,Regular,18-24
C06293,Loyal,35-44
C06294,New,25-34
C06295,Loyal,25-34
C06296,Loyal,35-44
C06297,Regular,25-34
C06298,New,25-34
C06299,Regular,35-44
C06300,New,45-54
C06301,Regular,55+
C06302,Regular,35-44
C06303,Regular,45-54
C06304,Regular,18-24
C06305,Regular,25-34
C06306,Regular,25-34
C06307,Regular,18-24
C06308,Regular,25-34
C06309,Regular,35-44
C06310,Loyal,25-34
C06311,Regular,35-44
C06312,Regular,25-34
C06313,Regular,25-34
C06314,New,25-34
C06315,New,25-34
C06316,Loyal,25-34
C06317,Regular,35-44
C06318,Regular,18-24
C06319,Regular,18-24
C06320,New,35-44
C06321,Regular,25-34
C06322,Regular,25-34
C06323,Regular,18-24
C06324,Regular,25-34
C06325,New,35-44
C06326,New,45-54
C06327,Loyal,35-44
C06328,Regular,18-24
C06329,Regular,35-44
C06330,New,25-34
C06331,New,25-34
C06332,Regular,18-24
C06333,Regular,35-44
C06334,Regular,35-44
C06335,New,35-44
C06336,Regular,35-44
C06337,New,25-34
C06338,New,25-34
C06339,Regular,35-44
C06340,New,35-44
C06341,New,35-44
C06342,Regular,25-34
C06343,Regular,35-44
C06344,Loyal,25-34
C06345,Regular,35-44
C06346,New,25-34
C06347,New,55+
C06348,Loyal,18-24
C06349,Regular,35-44
C06350,Regular,25-34
C06351,New,18-24
C06352,Regular,18-24
C06353,New,35-44
C06354,Regular,18-24
C06355,Loyal,18-24
C06356,Loyal,55+
C06357,Regular,35-44
C06358,Regular,25-34
C06359,Loyal,35-44
C06360,Regular,25-34
C06361,New,45-54
C06362,Regular,35-44
C06363,New,45-54
C06364,Regular,25-34
C06365,Regular,35-44
C06366,Regular,18-24
C06367,Regular,18-24
C06368,New,35-44
C06369,Regular,18-24
C06370,Loyal,25-34
C06371,Regular,45-54
C06372,Regular,25-34
C06373,Loyal,18-24
C06374,Loyal,35-44
C06375,New,45-54
C06376,New,35-44
C06377,Regular,25-34
C06378,Loyal,25-34
C06379,Loyal,18-24
C06380,Loyal,35-44
C06381,Regular,25-34
C06382,Regular,45-54
C06383,New,25-34
C06384,New,25-34
C06385,Regular,35-44
C06386,Regular,35-44
C06387,Regular,35-44
C06388,Regular,55+
C06389,New,55+
C06390,Regular,55+
C06391,New,45-54
C06392,Regular,35-44
C06393,Regular,35-44
C06394,Regular,18-24
C06395,Loyal,25-34
C06396,New,18-24
C06397,Regular,18-24
C06398,Regular,25-34
C06399,Regular,18-24
C06400,Loyal,45-54
C06401,Regular,45-54
C06402,Loyal,18-24
C06403,New,25-34
C06404,Loyal,45-54
C06405,New,45-54
C06406,Loyal,55+
C06407,Regular,55+
C06408,New,55+
C06409,Regular,25-34
C06410,Loyal,25-34
C06411,New,35-44
C06412,Regular,25-34
C06413,Loyal,45-54
C06414,Regular,25-34
C06415,New,35-44
C06416,Regular,25-34
C06417,Regular,25-34
C06418,Loyal,25-34
C06419,Regular,55+
C06420,Regular,25-34
C06421,Loyal,55+
C06422,Regular,45-54
C06423,New,35-44
C06424,New,35-44
C06425,Regular,35-44
C06426,New,25-34
C06427,Loyal,18-24
C06428,Regular,45-54
C06429,New,35-44
C06430,Regular,25-34
C06431,Regular,35-44
C06432,Loyal,25-34
C06433,Loyal,18-24
C06434,Regular,25-34
C06435,Regular,25-34
C06436,Regular,18-24
C06437,Regular,25-34
C06438,New,35-44
C06439,New,18-24
C06440,Regular,25-34
C06441,New,25-34
C06442,New,18-24
C06443,Regular,18-24
C06444,New,18-24
C06445,Regular,18-24
C06446,Regular,45-54
C06447,Loyal,25-34
C06448,Regular,18-24
C06449,New,18-24
C06450,Regular,25-34
C06451,Loyal,35-44
C06452,Loyal,25-34
C06453,Regular,18-24
C06454,Regular,25-34
C06455,Loyal,25-34
C06456,New,18-24
C06457,Regular,35-44
C06458,Regular,25-34
C06459,New,18-24
C06460,Regular,35-44
C06461,New,35-44
C06462,Regular,35-44
C06463,Loyal,25-34
C06464,New,25-34
C06465,Loyal,25-34
C06466,New,35-44
C06467,Regular,35-44
C06468,New,18-24
C06469,Loyal,35-44
C06470,Regular,35-44
C06471,Regular,25-34
C06472,Loyal,45-54
C06473,Regular,45-54
C06474,Loyal,18-24
C06475,Regular,45-54
C06476,Loyal,25-34
C06477,Regular,35-44
C06478,New,45-54
C06479,Regular,25-34
C06480,New,25-34
C06481,Regular,45-54
C06482,Regular,25-34
C06483,Regular,25-34
C06484,New,25-34
C06485,New,45-54
C06486,Regular,55+
C06487,Loyal,25-34
C06488,Regular,45-54
C06489,Regular,25-34
C06490,Regular,55+
C06491,Regular,35-44
C06492,New,18-24
C06493,Regular,18-24
C06494,New,18-24
C06495,Loyal,18-24
C06496,New,35-44
C06497,Regular,25-34
C06498,New,55+
C06499,New,35-44
C06500,Regular,35-44
C06501,New,25-34
C06502,New,45-54
C06503,Regular,35-44
C06504,New,45-54
C06505,New,55+
C06506,Loyal,18-24
C06507,Regular,18-24
C06508,Loyal,45-54
C06509,Loyal,45-54
C06510,Regular,35-44
C06511,New,25-34
C06512,Regular,35-44
C06513,Loyal,25-34
C06514,Regular,25-34
C06515,Regular,25-34
C06516,New,25-34
C06517,Loyal,25-34
C06518,Regular,55+
C06519,Loyal,45-54
C06520,New,55+
C06521,New,45-54
C06522,New,25-34
C06523,Regular,45-54
C06524,New,45-54
C06525,New,55+
C06526,Loyal,35-44
C06527,New,25-34
C06528,Loyal,18-24
C06529,Regular,18-24
C06530,Loyal,55+
C06531,Regular,25-34
C06532,Loyal,45-54
C06533,Loyal,25-34
C06534,New,35-44
C06535,New,18-24
C06536,New,25-34
C06537,Regular,25-34
C06538,Loyal,35-44
C06539,Regular,18-24
C06540,Regular,35-44
C06541,New,25-34
C06542,Loyal,45-54
C06543,Loyal,18-24
C06544,New,35-44
C06545,Regular,25-34
C06546,New,35-44
C06547,Regular,25-34
C06548,Regular,35-44
C06549,New,55+
C06550,Regular,18-24
C06551,Regular,18-24
C06552,Regular,35-44
C06553,Regular,35-44
C06554,New,25-34
C06555,Regular,25-34
C06556,Regular,18-24
C06557,Regular,18-24
C06558,New,25-34
C06559,Regular,45-54
C06560,Loyal,25-34
C06561,New,35-44
C06562,Regular,45-54
C06563,New,25-34
C06564,Regular,35-44
C06565,New,45-54
C06566,Regular,25-34
C06567,Regular,25-34
C06568,Regular,55+
C06569,Regular,55+
C06570,Regular,25-34
C06571,Regular,18-24
C06572,New,25-34
C06573,New,25-34
C06574,Loyal,25-34
C06575,New,35-44
C06576,Regular,45-54
C06577,Loyal,25-34
C06578,New,45-54
C06579,Regular,18-24
C06580,Regular,18-24
C06581,Loyal,25-34
C06582,Loyal,18-24
C06583,Regular,25-34
C06584,New,45-54
C06585,Regular,25-34
C06586,Regular,35-44
C06587,Regular,25-34
C06588,New,18-24
C06589,New,25-34
C06590,Regular,45-54
C06591,Regular,25-34
C06592,New,35-44
C06593,Regular,45-54
C06594,Loyal,35-44
C06595,Regular,18-24
C06596,New,35-44
C06597,New,25-34
C06598,New,35-44
C06599,Loyal,25-34
C06600,Regular,18-24
C06601,Regular,25-34
C06602,Regular,25-34
C06603,Regular,25-34
C06604,Loyal,45-54
C06605,Regular,45-54
C06606,New,25-34
C06607,New,25-34
C06608,Regular,25-34
C06609,Loyal,25-34
C06610,New,55+
C06611,Loyal,35-44
C06612,Regular,25-34
C06613,New,25-34
C06614,New,35-44
C06615,New,35-44
C06616,Regular,35-44
C06617,New,18-24
C06618,Regular,18-24
C06619,Regular,25-34
C06620,Regular,25-34
C06621,New,18-24
C06622,Regular,45-54
C06623,Regular,25-34
C06624,Regular,45-54
C06625,Loyal,18-24
C06626,New,18-24
C06627,Loyal,25-34
C06628,Regular,18-24
C06629,Regular,55+
C06630,Regular,18-24
C06631,Regular,25-34
C06632,New,45-54
C06633,Regular,25-34
C06634,Regular,18-24
C06635,Regular,25-34
C06636,Regular,25-34
C06637,Loyal,18-24
C06638,Regular,25-34
C06639,New,45-54
C06640,Regular,45-54
C06641,Regular,18-24
C06642,Regular,18-24
C06643,Regular,25-34
C06644,Loyal,35-44
C06645,New,25-34
C06646,Regular,45-54
C06647,Loyal,35-44
C06648,Loyal,18-24
C06649,Regular,35-44
C06650,Loyal,18-24
C06651,New,25-34
C06652,Loyal,18-24
C06653,Regular,18-24
C06654,New,35-44
C06655,New,25-34
C06656,Regular,18-24
C06657,New,55+
C06658,Regular,25-34
C06659,New,18-24
C06660,New,18-24
C06661,Regular,35-44
C06662,Regular,55+
C06663,Regular,25-34
C06664,Regular,55+
C06665,Loyal,25-34
C06666,Regular,25-34
C06667,Regular,25-34
C06668,Regular,35-44
C06669,New,25-34
C06670,New,45-54
C06671,Regular,18-24
C06672,Loyal,25-34
C06673,New,25-34
C06674,New,35-44
C06675,New,25-34
C06676,Loyal,25-34
C06677,Regular,25-34
C06678,New,35-44
C06679,Regular,35-44
C06680,Regular,35-44
C06681,Regular,25-34
C06682,New,55+
C06683,Loyal,45-54
C06684,New,25-34
C06685,Regular,18-24
C06686,New,25-34
C06687,Regular,25-34
C06688,Regular,45-54
C06689,Regular,35-44
C06690,New,45-54
C06691,Regular,25-34
C06692,New,35-44
C06693,Regular,25-34
C06694,Loyal,18-24
C06695,Regular,35-44
C06696,Regular,18-24
C06697,Regular,35-44
C06698,Regular,35-44
C06699,Loyal,45-54
C06700,New,18-24
C06701,Regular,35-44
C06702,Regular,55+
C06703,Regular,45-54
C06704,New,35-44
C06705,Regular,35-44
C06706,Loyal,25-34
C06707,Loyal,35-44
C06708,Regular,35-44
C06709,Regular,35-44
C06710,Loyal,35-44
C06711,New,25-34
C06712,New,18-24
C06713,Regular,25-34
C06714,Loyal,25-34
C06715,Loyal,25-34
C06716,Regular,18-24
C06717,New,25-34
C06718,Regular,45-54
C06719,New,25-34
C06720,New,18-24
C06721,Regular,25-34
C06722,New,25-34
C06723,Loyal,25-34
C06724,Regular,25-34
C06725,Regular,55+
C06726,New,18-24
C06727,Regular,35-44
C06728,New,45-54
C06729,Loyal,55+
C06730,Loyal,18-24
C06731,Regular,25-34
C06732,New,18-24
C06733,Loyal,25-34
C06734,Regular,18-24
C06735,New,45-54
C06736,Regular,18-24
C06737,Loyal,25-34
C06738,New,25-34
C06739,New,55+
C06740,Loyal,35-44
C06741,New,25-34
C06742,New,25-34
C06743,Regular,18-24
C06744,Loyal,35-44
C06745,Regular,35-44
C06746,Loyal,35-44
C06747,Regular,18-24
C06748,New,35-44
C06749,Loyal,35-44
C06750,Regular,55+
C06751,New,35-44
C06752,Regular,25-34
C06753,New,25-34
C06754,New,18-24
C06755,New,35-44
C06756,Regular,35-44
C06757,Loyal,25-34
C06758,Regular,18-24
C06759,Loyal,18-24
C06760,New,45-54
C06761,New,25-34
C06762,New,25-34
C06763,New,25-34
C06764,New,25-34
C06765,Regular,35-44
C06766,Loyal,45-54
C06767,Loyal,18-24
C06768,New,35-44
C06769,Loyal,25-34
C06770,Regular,55+
C06771,New,25-34
C06772,Loyal,18-24
C06773,Regular,25-34
C06774,New,18-24
C06775,Regular,18-24
C06776,New,35-44
C06777,Regular,35-44
C06778,Regular,25-34
C06779,Loyal,35-44
C06780,New,25-34
C06781,Regular,35-44
C06782,Regular,35-44
C06783,Regular,35-44
C06784,New,18-24
C06785,Regular,25-34
C06786,Loyal,25-34
C06787,Loyal,25-34
C06788,Loyal,35-44
C06789,Loyal,25-34
C06790,Regular,18-24
C06791,Loyal,25-34
C06792,New,25-34
C06793,Regular,35-44
C06794,New,25-34
C06795,Regular,35-44
C06796,New,25-34
C06797,Loyal,45-54
C06798,New,55+
C06799,New,35-44
C06800,Regular,45-54
C06801,New,25-34
C06802,New,55+
C06803,New,45-54
C06804,Regular,55+
C06805,Regular,35-44
C06806,Regular,35-44
C06807,Regular,25-34
C06808,Regular,25-34
C06809,Regular,25-34
C06810,New,45-54
C06811,Regular,18-24
C06812,New,35-44
C06813,New,25-34
C06814,Regular,25-34
C06815,Regular,45-54
C06816,New,45-54
C06817,New,35-44
C06818,Loyal,25-34
C06819,Loyal,25-34
C06820,Regular,25-34
C06821,Regular,25-34
C06822,Regular,18-24
C06823,Loyal,25-34
C06824,Loyal,25-34
C06825,New,35-44
C06826,Loyal,25-34
C06827,New,25-34
C06828,New,18-24
C06829,Regular,55+
C06830,Regular,25-34
C06831,Loyal,18-24
C06832,New,25-34
C06833,Regular,45-54
C06834,Loyal,35-44
C06835,Loyal,35-44
C06836,New,18-24
C06837,Regular,35-44
C06838,Regular,35-44
C06839,New,25-34
C06840,Loyal,45-54
C06841,Loyal,25-34
C06842,New,25-34
C06843,New,45-54
C06844,New,35-44
C06845,Loyal,18-24
C06846,New,25-34
C06847,Regular,45-54
C06848,Regular,18-24
C06849,Regular,18-24
C06850,New,25-34
C06851,New,45-54
C06852,Loyal,45-54
C06853,Loyal,25-34
C06854,Regular,25-34
C06855,New,25-34
C06856,Regular,25-34
C06857,Regular,45-54
C06858,New,18-24
C06859,Loyal,25-34
C06860,Regular,35-44
C06861,New,18-24
C06862,Loyal,25-34
C06863,Loyal,25-34
C06864,New,35-44
C06865,Regular,25-34
C06866,New,25-34
C06867,Regular,25-34
C06868,New,55+
C06869,Regular,25-34
C06870,Loyal,55+
C06871,Regular,35-44
C06872,New,45-54
C06873,Regular,18-24
C06874,Regular,25-34
C06875,Loyal,18-24
C06876,Regular,25-34
C06877,New,55+
C06878,New,18-24
C06879,Regular,25-34
C06880,New,18-24
C06881,Regular,35-44
C06882,New,18-24
C06883,Regular,18-24
C06884,Regular,25-34
C06885,Loyal,35-44
C06886,Loyal,18-24
C06887,New,25-34
C06888,Regular,18-24
C06889,New,55+
C06890,Regular,35-44
C06891,Regular,35-44
C06892,Loyal,35-44
C06893,Loyal,18-24
C06894,Regular,35-44
C06895,Regular,18-24
C06896,Loyal,25-34
C06897,Loyal,25-34
C06898,New,25-34
C06899,Regular,18-24
C06900,Regular,18-24
C06901,New,35-44
C06902,New,35-44
C06903,New,18-24
C06904,Regular,18-24
C06905,New,45-54
C06906,New,35-44
C06907,New,55+
C06908,Loyal,25-34
C06909,Loyal,25-34
C06910,Regular,25-34
C06911,Regular,35-44
C06912,Loyal,18-24
C06913,New,18-24
C06914,New,18-24
C06915,New,35-44
C06916,New,25-34
C06917,Regular,35-44
C06918,Loyal,45-54
C06919,Regular,35-44
C06920,Regular,25-34
C06921,Loyal,55+
C06922,New,25-34
C06923,New,18-24
C06924,Regular,55+
C06925,Regular,18-24
C06926,New,25-34
C06927,Regular,25-34
C06928,Regular,25-34
C06929,Regular,25-34
C06930,Regular,25-34
C06931,Regular,25-34
C06932,New,35-44
C06933,Regular,25-34
C06934,New,25-34
C06935,Loyal,25-34
C06936,Regular,45-54
C06937,New,35-44
C06938,Regular,45-54
C06939,Regular,18-24
C06940,New,18-24
C06941,Loyal,18-24
C06942,Loyal,18-24
C06943,Regular,25-34
C06944,New,55+
C06945,Regular,25-34
C06946,Regular,55+
C06947,New,18-24
C06948,New,45-54
C06949,Loyal,18-24
C06950,New,45-54
C06951,Regular,18-24
C06952,Regular,55+
C06953,Regular,25-34
C06954,New,25-34
C06955,Loyal,25-34
C06956,Regular,25-34
C06957,Regular,35-44
C06958,Regular,55+
C06959,Regular,35-44
C06960,Loyal,35-44
C06961,Regular,18-24
C06962,Regular,35-44
C06963,Loyal,25-34
C06964,Regular,45-54
C06965,New,25-34
C06966,New,35-44
C06967,Loyal,25-34
C06968,Regular,25-34
C06969,Regular,25-34
C06970,Regular,25-34
C06971,New,25-34
C06972,Regular,18-24
C06973,New,45-54
C06974,Regular,18-24
C06975,Regular,45-54
C06976,Regular,18-24
C06977,Regular,18-24
C06978,Loyal,25-34
C06979,Regular,25-34
C06980,New,25-34
C06981,New,25-34
C06982,Regular,25-34
C06983,Loyal,35-44
C06984,Loyal,25-34
C06985,Loyal,25-34
C06986,New,45-54
C06987,Regular,35-44
C06988,Regular,25-34
C06989,New,45-54
C06990,New,45-54
C06991,Loyal,25-34
C06992,New,25-34
C06993,New,45-54
C06994,New,18-24
C06995,Loyal,18-24
C06996,Regular,25-34
C06997,Regular,35-44
C06998,Loyal,45-54
C06999,Regular,35-44
C07000,Regular,55+
C07001,New,18-24
C07002,New,18-24
C07003,Loyal,35-44
C07004,Regular,55+
C07005,Regular,25-34
C07006,Regular,18-24
C07007,Regular,25-34
C07008,New,25-34
C07009,New,25-34
C07010,New,18-24
C07011,New,45-54
C07012,Loyal,25-34
C07013,New,35-44
C07014,New,18-24
C07015,Regular,18-24
C07016,Loyal,35-44
C07017,New,45-54
C07018,New,25-34
C07019,Regular,45-54
C07020,Regular,45-54
C07021,Regular,18-24
C07022,Loyal,25-34
C07023,Loyal,35-44
C07024,Regular,25-34
C07025,Regular,25-34
C07026,Regular,25-34
C07027,New,25-34
C07028,Loyal,45-54
C07029,Regular,18-24
C07030,New,25-34
C07031,Regular,25-34
C07032,New,35-44
C07033,Regular,35-44
C07034,Regular,55+
C07035,Regular,35-44
C07036,Loyal,25-34
C07037,New,25-34
C07038,Regular,25-34
C07039,Regular,35-44
C07040,Regular,45-54
C07041,Regular,55+
C07042,Regular,35-44
C07043,Regular,25-34
C07044,New,18-24
C07045,Loyal,18-24
C07046,Regular,18-24
C07047,Regular,18-24
C07048,New,25-34
C07049,New,25-34
C07050,Regular,35-44
C07051,Loyal,25-34
C07052,Regular,35-44
C07053,Loyal,25-34
C07054,Regular,25-34
C07055,Regular,55+
C07056,New,18-24
C07057,Loyal,55+
C07058,New,25-34
C07059,Loyal,25-34
C07060,Loyal,18-24
C07061,Loyal,18-24
C07062,Regular,25-34
C07063,Regular,35-44
C07064,Regular,25-34
C07065,New,25-34
C07066,Regular,25-34
C07067,New,25-34
C07068,Regular,45-54
C07069,New,45-54
C07070,New,25-34
C07071,Regular,25-34
C07072,Regular,18-24
C07073,Regular,55+
C07074,New,25-34
C07075,Regular,45-54
C07076,New,25-34
C07077,Regular,55+
C07078,Regular,25-34
C07079,Regular,25-34
C07080,Regular,35-44
C07081,Regular,55+
C07082,Regular,55+
C07083,Regular,35-44
C07084,Regular,35-44
C07085,Regular,25-34
C07086,New,35-44
C07087,Regular,45-54
C07088,Regular,25-34
C07089,New,35-44
C07090,New,25-34
C07091,New,25-34
C07092,Loyal,45-54
C07093,Regular,25-34
C07094,New,25-34
C07095,Regular,25-34
C07096,Regular,25-34
C07097,Loyal,25-34
C07098,New,45-54
C07099,New,35-44
C07100,Loyal,45-54
C07101,New,18-24
C07102,New,45-54
C07103,Loyal,35-44
C07104,Regular,18-24
C07105,New,35-44
C07106,New,55+
C07107,New,18-24
C07108,New,35-44
C07109,Loyal,45-54
C07110,Regular,18-24
C07111,Regular,35-44
C07112,Loyal,25-34
C07113,Regular,25-34
C07114,New,35-44
C07115,Regular,18-24
C07116,Loyal,35-44
C07117,Loyal,18-24
C07118,New,25-34
C07119,Regular,25-34
C07120,Regular,25-34
C07121,Loyal,25-34
C07122,New,45-54
C07123,Regular,55+
C07124,Loyal,45-54
C07125,Regular,25-34
C07126,Regular,45-54
C07127,New,45-54
C07128,New,25-34
C07129,Regular,25-34
C07130,Loyal,18-24
C07131,New,25-34
C07132,Regular,55+
C07133,Regular,25-34
C07134,New,35-44
C07135,Regular,18-24
C07136,Regular,18-24
C07137,Loyal,25-34
C07138,Regular,55+
C07139,Regular,25-34
C07140,New,45-54
C07141,Loyal,18-24
C07142,New,35-44
C07143,Regular,35-44
C07144,New,45-54
C07145,Loyal,18-24
C07146,Regular,18-24
C07147,Regular,25-34
C07148,New,55+
C07149,Regular,18-24
C07150,Regular,18-24
C07151,Regular,25-34
C07152,New,25-34
C07153,Loyal,45-54
C07154,Loyal,55+
C07155,New,25-34
C07156,Loyal,45-54
C07157,Regular,35-44
C07158,Regular,25-34
C07159,New,45-54
C07160,Regular,35-44
C07161,Regular,25-34
C07162,Regular,35-44
C07163,Regular,25-34
C07164,Regular,18-24
C07165,Regular,35-44
C07166,New,45-54
C07167,Loyal,35-44
C07168,Regular,25-34
C07169,New,55+
C07170,New,18-24
C07171,Regular,25-34
C07172,Loyal,25-34
C07173,Regular,18-24
C07174,Regular,25-34
C07175,New,35-44
C07176,Regular,45-54
C07177,Loyal,55+
C07178,Regular,45-54
C07179,New,25-34
C07180,Regular,35-44
C07181,New,45-54
C07182,Regular,25-34
C07183,Regular,35-44
C07184,Regular,25-34
C07185,New,25-34
C07186,Loyal,25-34
C07187,Regular,35-44
C07188,Regular,35-44
C07189,Regular,25-34
C07190,Regular,25-34
C07191,Regular,45-54
C07192,Regular,55+
C07193,Regular,25-34
C07194,New,18-24
C07195,Loyal,35-44
C07196,Regular,25-34
C07197,New,18-24
C07198,Regular,25-34
C07199,Loyal,45-54
C07200,Loyal,35-44
C07201,Regular,25-34
C07202,New,25-34
C07203,Regular,25-34
C07204,New,25-34
C07205,Loyal,25-34
C07206,New,18-24
C07207,New,25-34
C07208,Regular,25-34
C07209,Regular,35-44
C07210,Regular,35-44
C07211,Regular,25-34
C07212,New,18-24
C07213,New,25-34
C07214,Regular,35-44
C07215,New,18-24
C07216,Regular,18-24
C07217,Regular,35-44
C07218,Regular,35-44
C07219,Loyal,25-34
C07220,Loyal,25-34
C07221,Loyal,55+
C07222,New,55+
C07223,New,25-34
C07224,New,45-54
C07225,Loyal,35-44
C07226,Loyal,55+
C07227,Loyal,25-34
C07228,New,35-44
C07229,Loyal,35-44
C07230,Regular,25-34
C07231,New,35-44
C07232,Regular,25-34
C07233,New,18-24
C07234,Regular,25-34
C07235,Regular,55+
C07236,Regular,25-34
C07237,Regular,35-44
C07238,Loyal,35-44
C07239,Regular,18-24
C07240,Regular,25-34
C07241,Loyal,35-44
C07242,Loyal,55+
C07243,New,18-24
C07244,Regular,25-34
C07245,New,18-24
C07246,New,25-34
C07247,Regular,25-34
C07248,Loyal,25-34
C07249,New,25-34
C07250,Loyal,25-34
C07251,Loyal,35-44
C07252,Loyal,55+
C07253,New,25-34
C07254,Loyal,35-44
C07255,Regular,25-34
C07256,Regular,45-54
C07257,New,35-44
C07258,New,45-54
C07259,Regular,18-24
C07260,Regular,35-44
C07261,New,25-34
C07262,New,25-34
C07263,Regular,25-34
C07264,New,35-44
C07265,Loyal,35-44
C07266,New,18-24
C07267,New,25-34
C07268,Regular,18-24
C07269,Regular,18-24
C07270,Regular,35-44
C07271,Regular,25-34
C07272,Loyal,25-34
C07273,Regular,25-34
C07274,New,35-44
C07275,Regular,25-34
C07276,Loyal,55+
C07277,New,25-34
C07278,New,35-44
C07279,Regular,25-34
C07280,Regular,25-34
C07281,Regular,25-34
C07282,New,25-34
C07283,New,25-34
C07284,Regular,25-34
C07285,New,18-24
C07286,Regular,25-34
C07287,Regular,35-44
C07288,New,35-44
C07289,Loyal,25-34
C07290,Loyal,25-34
C07291,Regular,18-24
C07292,New,25-34
C07293,New,35-44
C07294,Regular,35-44
C07295,New,25-34
C07296,Loyal,25-34
C07297,New,45-54
C07298,Regular,25-34
C07299,Regular,25-34
C07300,Regular,35-44
C07301,New,25-34
C07302,Regular,25-34
C07303,New,45-54
C07304,Loyal,25-34
C07305,New,35-44
C07306,Loyal,18-24
C07307,Loyal,35-44
C07308,New,45-54
C07309,Regular,25-34
C07310,New,35-44
C07311,Loyal,45-54
C07312,Regular,18-24
C07313,New,35-44
C07314,Regular,45-54
C07315,New,25-34
C07316,Loyal,18-24
C07317,New,18-24
C07318,Regular,25-34
C07319,Regular,18-24
C07320,Loyal,25-34
C07321,New,18-24
C07322,Regular,25-34
C07323,Regular,25-34
C07324,Regular,25-34
C07325,New,25-34
C07326,New,35-44
C07327,New,18-24
C07328,Regular,18-24
C07329,New,18-24
C07330,Regular,25-34
C07331,New,18-24
C07332,Loyal,35-44
C07333,Loyal,25-34
C07334,Regular,55+
C07335,Regular,25-34
C07336,New,25-34
C07337,New,35-44
C07338,New,35-44
C07339,Regular,35-44
C07340,Regular,55+
C07341,Loyal,25-34
C07342,Regular,45-54
C07343,Regular,25-34
C07344,Regular,45-54
C07345,Regular,25-34
C07346,New,25-34
C07347,Regular,35-44
C07348,Regular,25-34
C07349,Regular,25-34
C07350,Loyal,25-34
C07351,Regular,35-44
C07352,New,45-54
C07353,Regular,35-44
C07354,Regular,45-54
C07355,New,25-34
C07356,Regular,18-24
C07357,Loyal,18-24
C07358,Loyal,25-34
C07359,New,25-34
C07360,Loyal,25-34
C07361,Regular,25-34
C07362,Regular,35-44
C07363,Regular,25-34
C07364,Loyal,45-54
C07365,Regular,35-44
C07366,Regular,35-44
C07367,Regular,55+
C07368,Regular,25-34
C07369,New,35-44
C07370,Loyal,45-54
C07371,Regular,25-34
C07372,Regular,35-44
C07373,New,25-34
C07374,Regular,35-44
C07375,New,18-24
C07376,New,55+
C07377,Regular,45-54
C07378,Regular,45-54
C07379,Regular,35-44
C07380,New,18-24
C07381,Regular,18-24
C07382,New,45-54
C07383,Loyal,25-34
C07384,Regular,25-34
C07385,Regular,25-34
C07386,Regular,25-34
C07387,New,35-44
C07388,Loyal,25-34
C07389,New,35-44
C07390,Regular,45-54
C07391,Regular,18-24
C07392,New,25-34
C07393,Loyal,25-34
C07394,Regular,55+
C07395,New,25-34
C07396,New,25-34
C07397,New,35-44
C07398,Loyal,25-34
C07399,Regular,55+
C07400,New,45-54
C07401,New,25-34
C07402,Regular,35-44
C07403,Regular,18-24
C07404,Regular,35-44
C07405,Regular,35-44
C07406,New,25-34
C07407,Regular,25-34
C07408,Loyal,45-54
C07409,New,25-34
C07410,Regular,35-44
C07411,Regular,18-24
C07412,Regular,25-34
C07413,New,45-54
C07414,Loyal,25-34
C07415,Regular,35-44
C07416,Regular,25-34
C07417,New,25-34
C07418,New,45-54
C07419,New,25-34
C07420,Regular,45-54
C07421,New,45-54
C07422,Regular,55+
C07423,Regular,45-54
C07424,Regular,18-24
C07425,Regular,55+
C07426,Regular,18-24
C07427,New,18-24
C07428,New,18-24
C07429,Regular,25-34
C07430,Regular,35-44
C07431,New,25-34
C07432,Regular,18-24
C07433,New,25-34
C07434,New,25-34
C07435,New,35-44
C07436,Loyal,25-34
C07437,New,25-34
C07438,New,25-34
C07439,New,25-34
C07440,New,35-44
C07441,Regular,25-34
C07442,New,25-34
C07443,New,25-34
C07444,Regular,25-34
C07445,Regular,55+
C07446,Regular,25-34
C07447,Regular,45-54
C07448,New,35-44
C07449,Regular,18-24
C07450,New,55+
C07451,Regular,35-44
C07452,Regular,35-44
C07453,New,25-34
C07454,Regular,25-34
C07455,Loyal,25-34
C07456,Loyal,18-24
C07457,Regular,45-54
C07458,Regular,45-54
C07459,New,18-24
C07460,New,35-44
C07461,Regular,35-44
C07462,Regular,18-24
C07463,Loyal,25-34
C07464,Regular,25-34
C07465,Regular,35-44
C07466,Regular,45-54
C07467,Loyal,18-24
C07468,Regular,25-34
C07469,Regular,35-44
C07470,Regular,35-44
C07471,Loyal,18-24
C07472,New,25-34
C07473,Loyal,45-54
C07474,Regular,25-34
C07475,Regular,25-34
C07476,Regular,45-54
C07477,Regular,18-24
C07478,New,45-54
C07479,Loyal,25-34
C07480,Regular,18-24
C07481,Regular,25-34
C07482,New,18-24
C07483,Regular,18-24
C07484,Regular,35-44
C07485,Regular,25-34
C07486,Regular,55+
C07487,Regular,25-34
C07488,Loyal,25-34
C07489,Regular,25-34
C07490,Loyal,35-44
C07491,New,25-34
C07492,Regular,18-24
C07493,Regular,45-54
C07494,Regular,25-34
C07495,Loyal,18-24
C07496,New,25-34
C07497,New,35-44
C07498,Loyal,25-34
C07499,New,45-54
C07500,Regular,35-44
C07501,Regular,35-44
C07502,Loyal,25-34
C07503,New,55+
C07504,New,25-34
C07505,Regular,25-34
C07506,Loyal,25-34
C07507,Regular,35-44
C07508,Regular,18-24
C07509,Regular,18-24
C07510,Loyal,45-54
C07511,Loyal,25-34
C07512,Loyal,25-34
C07513,New,35-44
C07514,New,35-44
C07515,Regular,25-34
C07516,Loyal,18-24
C07517,New,55+
C07518,New,35-44
C07519,Regular,25-34
C07520,New,45-54
C07521,Regular,25-34
C07522,Regular,25-34
C07523,Regular,25-34
C07524,Regular,25-34
C07525,Regular,45-54
C07526,Regular,18-24
C07527,Regular,25-34
C07528,Regular,45-54
C07529,Regular,18-24
C07530,New,35-44
C07531,New,25-34
C07532,New,35-44
C07533,New,25-34
C07534,Regular,18-24
C07535,Loyal,35-44
C07536,Regular,35-44
C07537,Regular,35-44
C07538,Regular,35-44
C07539,Regular,25-34
C07540,Regular,25-34
C07541,New,35-44
C07542,New,35-44
C07543,Regular,35-44
C07544,Loyal,35-44
C07545,New,18-24
C07546,New,25-34
C07547,Regular,25-34
C07548,New,45-54
C07549,Loyal,35-44
C07550,Regular,25-34
C07551,Loyal,25-34
C07552,Regular,18-24
C07553,Regular,45-54
C07554,Regular,45-54
C07555,Regular,18-24
C07556,Regular,35-44
C07557,New,25-34
C07558,Regular,25-34
C07559,Regular,35-44
C07560,Loyal,35-44
C07561,Regular,35-44
C07562,Regular,18-24
C07563,New,25-34
C07564,Regular,25-34
C07565,Regular,25-34
C07566,Loyal,25-34
C07567,Loyal,25-34
C07568,New,25-34
C07569,Loyal,25-34
C07570,New,35-44
C07571,Regular,35-44
C07572,Regular,35-44
C07573,New,25-34
C07574,Regular,25-34
C07575,New,18-24
C07576,New,18-24
C07577,Regular,25-34
C07578,Regular,18-24
C07579,Loyal,35-44
C07580,Regular,55+
C07581,Regular,18-24
C07582,Regular,45-54
C07583,New,18-24
C07584,New,35-44
C07585,Regular,35-44
C07586,Regular,45-54
C07587,Regular,18-24
C07588,Regular,25-34
C07589,Regular,18-24
C07590,New,25-34
C07591,New,45-54
C07592,Loyal,35-44
C07593,Regular,35-44
C07594,Loyal,25-34
C07595,New,45-54
C07596,Loyal,25-34
C07597,New,18-24
C07598,New,45-54
C07599,Loyal,25-34
C07600,New,18-24
C07601,Regular,18-24
C07602,New,35-44
C07603,Regular,35-44
C07604,Loyal,25-34
C07605,Regular,35-44
C07606,Regular,35-44
C07607,New,45-54
C07608,Regular,35-44
C07609,Regular,35-44
C07610,New,35-44
C07611,New,25-34
C07612,New,25-34
C07613,Loyal,25-34
C07614,Regular,18-24
C07615,New,25-34
C07616,Regular,25-34
C07617,Regular,18-24
C07618,Regular,18-24
C07619,Loyal,25-34
C07620,Regular,35-44
C07621,Loyal,45-54
C07622,Regular,25-34
C07623,New,25-34
C07624,Regular,25-34
C07625,Regular,18-24
C07626,Regular,18-24
C07627,Loyal,35-44
C07628,Regular,25-34
C07629,Loyal,35-44
C07630,Regular,35-44
C07631,Regular,18-24
C07632,Regular,25-34
C07633,Regular,25-34
C07634,Loyal,25-34
C07635,Regular,25-34
C07636,New,55+
C07637,Regular,45-54
C07638,Regular,45-54
C07639,New,18-24
C07640,New,18-24
C07641,Regular,18-24
C07642,Regular,25-34
C07643,Regular,25-34
C07644,New,35-44
C07645,New,25-34
C07646,Regular,45-54
C07647,Regular,55+
C07648,New,18-24
C07649,New,45-54
C07650,Regular,25-34
C07651,New,25-34
C07652,New,35-44
C07653,New,18-24
C07654,Loyal,45-54
C07655,Regular,35-44
C07656,Regular,45-54
C07657,Regular,55+
C07658,Regular,25-34
C07659,Regular,18-24
C07660,Regular,18-24
C07661,New,25-34
C07662,Regular,18-24
C07663,Regular,45-54
C07664,Regular,25-34
C07665,Regular,55+
C07666,New,35-44
C07667,Regular,18-24
C07668,Regular,25-34
C07669,Loyal,25-34
C07670,Regular,25-34
C07671,Regular,25-34
C07672,Regular,18-24
C07673,Loyal,35-44
C07674,Regular,25-34
C07675,Regular,35-44
C07676,Regular,45-54
C07677,Regular,25-34
C07678,Loyal,18-24
C07679,New,35-44
C07680,New,55+
C07681,Loyal,25-34
C07682,Regular,25-34
C07683,Regular,18-24
C07684,Regular,25-34
C07685,New,25-34
C07686,Regular,25-34
C07687,Regular,35-44
C07688,New,25-34
C07689,New,18-24
C07690,Loyal,25-34
C07691,New,45-54
C07692,Loyal,25-34
C07693,New,55+
C07694,Regular,25-34
C07695,Loyal,25-34
C07696,Regular,18-24
C07697,Regular,35-44
C07698,Regular,25-34
C07699,Regular,35-44
C07700,New,35-44
C07701,Loyal,35-44
C07702,Regular,18-24
C07703,Regular,45-54
C07704,Regular,25-34
C07705,New,25-34
C07706,New,25-34
C07707,Regular,35-44
C07708,Regular,18-24
C07709,Regular,25-34
C07710,Loyal,25-34
C07711,New,25-34
C07712,Regular,18-24
C07713,New,18-24
C07714,Regular,18-24
C07715,New,25-34
C07716,Loyal,45-54
C07717,New,25-34
C07718,Loyal,25-34
C07719,Regular,25-34
C07720,Loyal,35-44
C07721,Regular,18-24
C07722,Loyal,18-24
C07723,New,25-34
C07724,Regular,55+
C07725,Loyal,25-34
C07726,New,18-24
C07727,New,25-34
C07728,Regular,18-24
C07729,Loyal,18-24
C07730,Regular,35-44
C07731,Regular,25-34
C07732,New,35-44
C07733,New,25-34
C07734,Loyal,25-34
C07735,New,25-34
C07736,Regular,25-34
C07737,Loyal,35-44
C07738,New,18-24
C07739,Regular,35-44
C07740,New,45-54
C07741,Regular,18-24
C07742,New,45-54
C07743,Regular,18-24
C07744,New,25-34
C07745,Regular,35-44
C07746,Regular,25-34
C07747,New,18-24
C07748,Regular,35-44
C07749,New,55+
C07750,Regular,18-24
C07751,New,45-54
C07752,Regular,25-34
C07753,New,55+
C07754,Regular,18-24
C07755,New,35-44
C07756,Regular,18-24
C07757,New,45-54
C07758,Loyal,35-44
C07759,Loyal,25-34
C07760,New,18-24
C07761,Regular,45-54
C07762,New,35-44
C07763,Regular,25-34
C07764,Regular,25-34
C07765,Regular,45-54
C07766,Regular,25-34
C07767,New,18-24
C07768,Regular,45-54
C07769,New,25-34
C07770,Regular,25-34
C07771,Regular,25-34
C07772,Regular,45-54
C07773,New,25-34
C07774,Regular,35-44
C07775,Regular,45-54
C07776,New,18-24
C07777,Regular,45-54
C07778,Loyal,25-34
C07779,Loyal,35-44
C07780,Regular,25-34
C07781,Regular,35-44
C07782,New,25-34
C07783,Loyal,18-24
C07784,New,55+
C07785,Loyal,18-24
C07786,Regular,45-54
C07787,Regular,18-24
C07788,Loyal,25-34
C07789,New,45-54
C07790,Regular,25-34
C07791,Regular,45-54
C07792,New,25-34
C07793,Regular,25-34
C07794,Regular,35-44
C07795,Regular,25-34
C07796,New,25-34
C07797,Loyal,35-44
C07798,New,25-34
C07799,New,25-34
C07800,New,45-54
C07801,New,45-54
C07802,New,25-34
C07803,Loyal,25-34
C07804,New,35-44
C07805,New,25-34
C07806,New,25-34
C07807,Regular,55+
C07808,Loyal,18-24
C07809,New,35-44
C07810,New,45-54
C07811,New,35-44
C07812,New,45-54
C07813,New,25-34
C07814,Regular,25-34
C07815,New,45-54
C07816,Regular,25-34
C07817,New,35-44
C07818,Loyal,18-24
C07819,Loyal,35-44
C07820,Regular,25-34
C07821,Regular,25-34
C07822,Regular,25-34
C07823,Regular,35-44
C07824,Regular,18-24
C07825,Regular,35-44
C07826,Loyal,25-34
C07827,Loyal,25-34
C07828,Regular,35-44
C07829,Regular,25-34
C07830,New,25-34
C07831,New,25-34
C07832,Regular,35-44
C07833,New,45-54
C07834,Loyal,18-24
C07835,New,25-34
C07836,Regular,18-24
C07837,Regular,35-44
C07838,Regular,25-34
C07839,Regular,35-44
C07840,Loyal,25-34
C07841,Regular,45-54
C07842,Regular,25-34
C07843,New,55+
C07844,Regular,18-24
C07845,Loyal,25-34
C07846,Regular,35-44
C07847,Loyal,35-44
C07848,Regular,18-24
C07849,New,55+
C07850,New,25-34
C07851,New,25-34
C07852,Regular,25-34
C07853,Regular,25-34
C07854,New,35-44
C07855,Regular,25-34
C07856,Regular,25-34
C07857,Regular,25-34
C07858,New,25-34
C07859,New,45-54
C07860,New,45-54
C07861,New,25-34
C07862,New,18-24
C07863,New,45-54
C07864,Regular,18-24
C07865,New,25-34
C07866,Loyal,18-24
C07867,New,18-24
C07868,Regular,45-54
C07869,Regular,25-34
C07870,New,55+
C07871,Loyal,25-34
C07872,New,25-34
C07873,Loyal,55+
C07874,Loyal,45-54
C07875,Regular,35-44
C07876,Regular,18-24
C07877,Regular,35-44
C07878,Regular,25-34
C07879,Regular,25-34
C07880,New,35-44
C07881,New,35-44
C07882,Regular,35-44
C07883,Regular,35-44
C07884,Loyal,18-24
C07885,New,25-34
C07886,Loyal,35-44
C07887,New,25-34
C07888,Regular,25-34
C07889,New,18-24
C07890,Regular,25-34
C07891,New,55+
C07892,Regular,25-34
C07893,Loyal,25-34
C07894,Regular,35-44
C07895,Regular,18-24
C07896,Loyal,45-54
C07897,Regular,25-34
C07898,Regular,45-54
C07899,New,18-24
C07900,Loyal,18-24
C07901,Regular,25-34
C07902,New,25-34
C07903,New,45-54
C07904,Loyal,18-24
C07905,New,35-44
C07906,Loyal,18-24
C07907,New,45-54
C07908,Regular,35-44
C07909,Regular,25-34
C07910,Regular,25-34
C07911,Loyal,35-44
C07912,Regular,18-24
C07913,Regular,18-24
C07914,New,35-44
C07915,New,55+
C07916,New,45-54
C07917,Regular,35-44
C07918,New,25-34
C07919,New,55+
C07920,Regular,25-34
C07921,Regular,25-34
C07922,Regular,45-54
C07923,New,25-34
C07924,New,18-24
C07925,Loyal,35-44
C07926,New,18-24
C07927,Loyal,25-34
C07928,Loyal,25-34
C07929,Regular,25-34
C07930,New,55+
C07931,Loyal,25-34
C07932,Regular,25-34
C07933,Regular,18-24
C07934,Regular,35-44
C07935,New,35-44
C07936,New,25-34
C07937,Regular,25-34
C07938,Regular,35-44
C07939,Regular,25-34
C07940,Regular,18-24
C07941,Regular,25-34
C07942,Regular,25-34
C07943,Loyal,55+
C07944,New,45-54
C07945,Regular,35-44
C07946,New,45-54
C07947,Regular,35-44
C07948,Regular,45-54
C07949,Loyal,18-24
C07950,New,25-34
C07951,Loyal,35-44
C07952,New,35-44
C07953,Regular,18-24
C07954,New,25-34
C07955,Loyal,25-34
C07956,Regular,25-34
C07957,Regular,25-34
C07958,Loyal,25-34
C07959,New,45-54
C07960,New,35-44
C07961,Loyal,45-54
C07962,New,45-54
C07963,New,25-34
C07964,Regular,25-34
C07965,Regular,18-24
C07966,New,55+
C07967,New,18-24
C07968,New,35-44
C07969,Regular,25-34
C07970,Loyal,55+
C07971,Loyal,25-34
C07972,Regular,45-54
C07973,New,25-34
C07974,Loyal,25-34
C07975,Regular,35-44
C07976,New,55+
C07977,Loyal,25-34
C07978,Regular,55+
C07979,Regular,35-44
C07980,Regular,35-44
C07981,New,25-34
C07982,New,25-34
C07983,Regular,18-24
C07984,New,55+
C07985,Regular,55+
C07986,Regular,35-44
C07987,Regular,25-34
C07988,Regular,25-34
C07989,Regular,55+
C07990,Loyal,18-24
C07991,Regular,45-54
C07992,New,25-34
C07993,New,25-34
C07994,New,45-54
C07995,New,18-24
C07996,New,25-34
C07997,New,55+
C07998,Regular,35-44
C07999,Loyal,35-44
C08000,New,35-44
C08001,Regular,18-24
C08002,Regular,25-34
C08003,New,25-34
C08004,Loyal,25-34
C08005,Regular,25-34
C08006,Regular,35-44
C08007,Regular,18-24
C08008,New,35-44
C08009,Regular,18-24
C08010,New,18-24
C08011,Loyal,25-34
C08012,Regular,45-54
C08013,Regular,18-24
C08014,New,25-34
C08015,Regular,35-44
C08016,Regular,25-34
C08017,Regular,25-34
C08018,Regular,45-54
C08019,Regular,25-34
C08020,Loyal,18-24
C08021,Regular,35-44
C08022,Loyal,35-44
C08023,Loyal,18-24
C08024,Regular,18-24
C08025,New,18-24
C08026,Regular,18-24
C08027,Loyal,25-34
C08028,New,25-34
C08029,Regular,25-34
C08030,Loyal,45-54
C08031,Regular,35-44
C08032,Regular,45-54
C08033,New,25-34
C08034,New,18-24
C08035,Regular,25-34
C08036,New,45-54
C08037,New,18-24
C08038,Loyal,18-24
C08039,Regular,25-34
C08040,Loyal,25-34
C08041,Loyal,25-34
C08042,New,18-24
C08043,New,25-34
C08044,Regular,35-44
C08045,Regular,25-34
C08046,New,35-44
C08047,Regular,25-34
C08048,New,25-34
C08049,Loyal,25-34
C08050,New,25-34
C08051,New,18-24
C08052,New,25-34
C08053,Loyal,25-34
C08054,Regular,18-24
C08055,Loyal,25-34
C08056,Regular,25-34
C08057,Regular,18-24
C08058,New,25-34
C08059,Regular,55+
C08060,Regular,25-34
C08061,Regular,25-34
C08062,New,35-44
C08063,Loyal,35-44
C08064,New,55+
C08065,Loyal,45-54
C08066,New,35-44
C08067,Regular,55+
C08068,Regular,25-34
C08069,Regular,35-44
C08070,Regular,45-54
C08071,Regular,35-44
C08072,Regular,55+
C08073,Regular,18-24
C08074,Regular,25-34
C08075,Loyal,55+
C08076,New,25-34
C08077,Regular,35-44
C08078,Regular,18-24
C08079,Regular,35-44
C08080,Regular,55+
C08081,New,25-34
C08082,New,18-24
C08083,New,18-24
C08084,New,45-54
C08085,Regular,35-44
C08086,Regular,18-24
C08087,Loyal,18-24
C08088,Regular,45-54
C08089,New,45-54
C08090,Loyal,18-24
C08091,Loyal,25-34
C08092,Regular,35-44
C08093,Regular,25-34
C08094,Loyal,55+
C08095,Regular,25-34
C08096,Loyal,35-44
C08097,New,25-34
C08098,New,55+
C08099,Regular,25-34
C08100,Regular,25-34
C08101,Loyal,25-34
C08102,Loyal,45-54
C08103,Regular,25-34
C08104,New,25-34
C08105,Loyal,25-34
C08106,Regular,18-24
C08107,New,18-24
C08108,Regular,25-34
C08109,Regular,35-44
C08110,Regular,35-44
C08111,Regular,45-54
C08112,New,45-54
C08113,Loyal,25-34
C08114,Regular,35-44
C08115,Regular,18-24
C08116,New,18-24
C08117,Regular,18-24
C08118,New,25-34
C08119,New,25-34
C08120,Regular,25-34
C08121,New,35-44
C08122,Regular,25-34
C08123,New,25-34
C08124,Regular,25-34
C08125,New,18-24
C08126,New,18-24
C08127,New,25-34
C08128,Loyal,18-24
C08129,Loyal,35-44
C08130,New,35-44
C08131,Regular,25-34
C08132,Regular,25-34
C08133,Loyal,45-54
C08134,Regular,25-34
C08135,Regular,18-24
C08136,New,25-34
C08137,Regular,35-44
C08138,Loyal,35-44
C08139,Regular,35-44
C08140,New,18-24
C08141,New,25-34
C08142,Regular,25-34
C08143,Regular,35-44
C08144,Regular,45-54
C08145,Loyal,25-34
C08146,New,18-24
C08147,New,25-34
C08148,Loyal,18-24
C08149,Regular,25-34
C08150,New,25-34
C08151,Regular,55+
C08152,Loyal,25-34
C08153,New,25-34
C08154,Loyal,18-24
C08155,Regular,18-24
C08156,New,18-24
C08157,Regular,35-44
C08158,Regular,18-24
C08159,Regular,55+
C08160,Regular,25-34
C08161,Loyal,25-34
C08162,New,25-34
C08163,Regular,35-44
C08164,Regular,25-34
C08165,Regular,25-34
C08166,Regular,25-34
C08167,New,45-54
C08168,Regular,25-34
C08169,Regular,25-34
C08170,New,25-34
C08171,Loyal,18-24
C08172,Loyal,18-24
C08173,Regular,18-24
C08174,New,35-44
C08175,Regular,25-34
C08176,New,35-44
C08177,New,35-44
C08178,Regular,18-24
C08179,New,25-34
C08180,New,35-44
C08181,New,35-44
C08182,New,35-44
C08183,New,35-44
C08184,Loyal,18-24
C08185,New,35-44
C08186,New,25-34
C08187,New,25-34
C08188,Loyal,25-34
C08189,Regular,45-54
C08190,Regular,25-34
C08191,Loyal,35-44
C08192,Regular,35-44
C08193,Regular,45-54
C08194,New,35-44
C08195,Regular,18-24
C08196,New,45-54
C08197,Regular,35-44
C08198,New,35-44
C08199,Regular,45-54
C08200,New,25-34
C08201,New,25-34
C08202,Regular,25-34
C08203,Loyal,35-44
C08204,Regular,25-34
C08205,Regular,35-44
C08206,New,25-34
C08207,New,35-44
C08208,New,45-54
C08209,New,18-24
C08210,New,35-44
C08211,New,35-44
C08212,Regular,25-34
C08213,New,25-34
C08214,Regular,18-24
C08215,Regular,35-44
C08216,Regular,25-34
C08217,Regular,25-34
C08218,New,25-34
C08219,New,25-34
C08220,Regular,35-44
C08221,Loyal,35-44
C08222,New,25-34
C08223,New,35-44
C08224,Loyal,35-44
C08225,Regular,25-34
C08226,Regular,18-24
C08227,Regular,45-54
C08228,New,35-44
C08229,Regular,35-44
C08230,Regular,18-24
C08231,New,45-54
C08232,Regular,25-34
C08233,Regular,45-54
C08234,Regular,55+
C08235,New,55+
C08236,Regular,45-54
C08237,Regular,18-24
C08238,Regular,45-54
C08239,Regular,18-24
C08240,New,45-54
C08241,Regular,25-34
C08242,Regular,35-44
C08243,New,18-24
C08244,Regular,35-44
C08245,Regular,18-24
C08246,Regular,25-34
C08247,New,45-54
C08248,Regular,35-44
C08249,Loyal,18-24
C08250,Regular,25-34
C08251,Loyal,18-24
C08252,Loyal,35-44
C08253,New,55+
C08254,Regular,35-44
C08255,Regular,25-34
C08256,Loyal,25-34
C08257,New,55+
C08258,Loyal,25-34
C08259,Regular,25-34
C08260,Regular,25-34
C08261,New,35-44
C08262,New,45-54
C08263,Regular,25-34
C08264,New,35-44
C08265,Loyal,25-34
C08266,New,25-34
C08267,Regular,25-34
C08268,Regular,25-34
C08269,Regular,18-24
C08270,Regular,45-54
C08271,Regular,18-24
C08272,New,18-24
C08273,New,25-34
C08274,Regular,18-24
C08275,Regular,25-34
C08276,Regular,25-34
C08277,Regular,35-44
C08278,Regular,55+
C08279,Regular,35-44
C08280,New,18-24
C08281,Regular,55+
C08282,Loyal,25-34
C08283,Loyal,25-34
C08284,Regular,25-34
C08285,Regular,25-34
C08286,Loyal,45-54
C08287,Regular,25-34
C08288,New,25-34
C08289,New,25-34
C08290,Regular,35-44
C08291,Loyal,35-44
C08292,Regular,25-34
C08293,New,35-44
C08294,New,35-44
C08295,Regular,25-34
C08296,Loyal,35-44
C08297,Regular,25-34
C08298,Regular,18-24
C08299,New,35-44
C08300,Loyal,25-34
C08301,Regular,25-34
C08302,New,45-54
C08303,Regular,18-24
C08304,New,25-34
C08305,New,18-24
C08306,New,18-24
C08307,New,25-34
C08308,Regular,55+
C08309,Regular,25-34
C08310,Regular,35-44
C08311,Regular,18-24
C08312,New,35-44
C08313,New,55+
C08314,Regular,25-34
C08315,Regular,45-54
C08316,New,55+
C08317,Loyal,35-44
C08318,Regular,25-34
C08319,Loyal,35-44
C08320,Regular,45-54
C08321,New,18-24
C08322,Regular,25-34
C08323,New,25-34
C08324,Regular,25-34
C08325,New,45-54
C08326,Loyal,25-34
C08327,New,25-34
C08328,Loyal,35-44
C08329,Loyal,25-34
C08330,Regular,25-34
C08331,Regular,25-34
C08332,Regular,25-34
C08333,Loyal,25-34
C08334,Regular,18-24
C08335,Regular,25-34
C08336,Regular,45-54
C08337,Loyal,45-54
C08338,Regular,25-34
C08339,Regular,35-44
C08340,Regular,45-54
C08341,Loyal,25-34
C08342,Regular,55+
C08343,New,45-54
C08344,Regular,25-34
C08345,Loyal,25-34
C08346,Regular,18-24
C08347,Loyal,18-24
C08348,New,45-54
C08349,Regular,55+
C08350,Regular,18-24
C08351,Loyal,35-44
C08352,New,25-34
C08353,Loyal,25-34
C08354,Regular,35-44
C08355,New,55+
C08356,New,18-24
C08357,New,18-24
C08358,Regular,18-24
C08359,New,25-34
C08360,New,25-34
C08361,Loyal,25-34
C08362,New,25-34
C08363,New,35-44
C08364,Regular,25-34
C08365,Regular,25-34
C08366,Regular,45-54
C08367,Regular,45-54
C08368,Regular,25-34
C08369,Regular,25-34
C08370,New,45-54
C08371,New,18-24
C08372,Regular,25-34
C08373,Regular,25-34
C08374,Regular,18-24
C08375,Regular,18-24
C08376,Regular,25-34
C08377,New,35-44
C08378,New,45-54
C08379,Regular,55+
C08380,Regular,18-24
C08381,Regular,25-34
C08382,New,35-44
C08383,Regular,25-34
C08384,Loyal,25-34
C08385,New,25-34
C08386,Regular,25-34
C08387,Loyal,25-34
C08388,Regular,18-24
C08389,Regular,55+
C08390,New,18-24
C08391,Regular,55+
C08392,New,45-54
C08393,Loyal,25-34
C08394,Regular,35-44
C08395,Regular,35-44
C08396,Regular,25-34
C08397,Regular,25-34
C08398,Regular,25-34
C08399,Loyal,35-44
C08400,Loyal,25-34
C08401,Regular,25-34
C08402,Loyal,25-34
C08403,Regular,25-34
C08404,Regular,25-34
C08405,Regular,25-34
C08406,New,45-54
C08407,New,35-44
C08408,New,35-44
C08409,Regular,35-44
C08410,Regular,35-44
C08411,Regular,25-34
C08412,Loyal,18-24
C08413,Regular,55+
C08414,Regular,18-24
C08415,New,25-34
C08416,New,18-24
C08417,Regular,18-24
C08418,Regular,35-44
C08419,Regular,25-34
C08420,New,45-54
C08421,Regular,25-34
C08422,New,25-34
C08423,New,25-34
C08424,New,35-44
C08425,New,45-54
C08426,New,25-34
C08427,New,25-34
C08428,Loyal,55+
C08429,New,18-24
C08430,New,25-34
C08431,New,25-34
C08432,Regular,18-24
C08433,New,25-34
C08434,Loyal,18-24
C08435,Loyal,45-54
C08436,New,35-44
C08437,Regular,45-54
C08438,New,25-34
C08439,Regular,35-44
C08440,Regular,35-44
C08441,New,45-54
C08442,New,18-24
C08443,Regular,25-34
C08444,Regular,35-44
C08445,New,55+
C08446,Regular,55+
C08447,Regular,35-44
C08448,Loyal,18-24
C08449,New,18-24
C08450,Regular,55+
C08451,Regular,25-34
C08452,New,18-24
C08453,Regular,55+
C08454,Regular,18-24
C08455,Loyal,35-44
C08456,New,35-44
C08457,Regular,18-24
C08458,Regular,25-34
C08459,Loyal,18-24
C08460,Regular,35-44
C08461,Loyal,25-34
C08462,Loyal,18-24
C08463,New,55+
C08464,Loyal,25-34
C08465,Loyal,25-34
C08466,New,25-34
C08467,Regular,18-24
C08468,Regular,55+
C08469,New,25-34
C08470,New,25-34
C08471,New,45-54
C08472,New,35-44
C08473,Regular,25-34
C08474,New,45-54
C08475,Loyal,35-44
C08476,Regular,25-34
C08477,New,35-44
C08478,Regular,45-54
C08479,Regular,25-34
C08480,Loyal,35-44
C08481,New,55+
C08482,New,35-44
C08483,Loyal,18-24
C08484,Loyal,25-34
C08485,Regular,35-44
C08486,Regular,25-34
C08487,New,55+
C08488,Regular,25-34
C08489,New,25-34
C08490,New,35-44
C08491,Loyal,25-34
C08492,New,25-34
C08493,Regular,18-24
C08494,Loyal,35-44
C08495,New,45-54
C08496,Loyal,35-44
C08497,Loyal,25-34
C08498,Regular,18-24
C08499,New,45-54
C08500,New,55+
C08501,Regular,25-34
C08502,New,35-44
C08503,New,25-34
C08504,Loyal,25-34
C08505,New,45-54
C08506,Regular,18-24
C08507,New,25-34
C08508,Regular,25-34
C08509,Loyal,25-34
C08510,New,35-44
C08511,New,18-24
C08512,Regular,35-44
C08513,Regular,25-34
C08514,Regular,35-44
C08515,New,18-24
C08516,New,35-44
C08517,Loyal,35-44
C08518,Loyal,55+
C08519,Regular,45-54
C08520,Loyal,25-34
C08521,Regular,18-24
C08522,Regular,35-44
C08523,New,35-44
C08524,Regular,18-24
C08525,Regular,18-24
C08526,New,35-44
C08527,Regular,45-54
C08528,Regular,45-54
C08529,Regular,18-24
C08530,Regular,25-34
C08531,Loyal,18-24
C08532,New,25-34
C08533,Regular,35-44
C08534,Regular,35-44
C08535,Regular,25-34
C08536,Regular,18-24
C08537,New,25-34
C08538,Loyal,55+
C08539,Regular,25-34
C08540,Loyal,25-34
C08541,Regular,35-44
C08542,Regular,35-44
C08543,Loyal,45-54
C08544,Regular,25-34
C08545,Regular,25-34
C08546,Regular,25-34
C08547,Loyal,45-54
C08548,Regular,35-44
C08549,Regular,45-54
C08550,New,18-24
C08551,Loyal,35-44
C08552,New,25-34
C08553,Regular,18-24
C08554,Regular,18-24
C08555,Regular,35-44
C08556,Regular,25-34
C08557,New,45-54
C08558,Regular,35-44
C08559,Regular,18-24
C08560,Loyal,35-44
C08561,New,18-24
C08562,Loyal,25-34
C08563,Regular,35-44
C08564,Loyal,45-54
C08565,Regular,25-34
C08566,Regular,45-54
C08567,Loyal,35-44
C08568,Loyal,25-34
C08569,Regular,25-34
C08570,New,35-44
C08571,Regular,18-24
C08572,Regular,45-54
C08573,New,35-44
C08574,New,25-34
C08575,Loyal,55+
C08576,New,18-24
C08577,Regular,45-54
C08578,New,25-34
C08579,Regular,35-44
C08580,New,25-34
C08581,New,35-44
C08582,Regular,18-24
C08583,Loyal,25-34
C08584,New,18-24
C08585,Regular,45-54
C08586,Regular,25-34
C08587,Loyal,35-44
C08588,Regular,45-54
C08589,Regular,45-54
C08590,Regular,18-24
C08591,Loyal,45-54
C08592,New,18-24
C08593,Regular,35-44
C08594,Loyal,35-44
C08595,Regular,18-24
C08596,Regular,25-34
C08597,Regular,25-34
C08598,Regular,25-34
C08599,Regular,45-54
C08600,Regular,25-34
C08601,Regular,55+
C08602,Regular,25-34
C08603,Loyal,55+
C08604,New,35-44
C08605,Regular,45-54
C08606,Regular,18-24
C08607,Regular,35-44
C08608,New,18-24
C08609,Regular,25-34
C08610,Loyal,35-44
C08611,Regular,35-44
C08612,Loyal,18-24
C08613,Loyal,25-34
C08614,New,25-34
C08615,New,18-24
C08616,Loyal,25-34
C08617,Loyal,35-44
C08618,New,18-24
C08619,New,35-44
C08620,New,25-34
C08621,Loyal,45-54
C08622,New,25-34
C08623,Regular,45-54
C08624,Loyal,18-24
C08625,New,25-34
C08626,Regular,18-24
C08627,New,45-54
C08628,Loyal,35-44
C08629,New,18-24
C08630,Regular,18-24
C08631,Regular,25-34
C08632,New,18-24
C08633,New,35-44
C08634,Regular,35-44
C08635,New,55+
C08636,Loyal,55+
C08637,Loyal,35-44
C08638,Regular,18-24
C08639,Regular,25-34
C08640,Regular,25-34
C08641,Loyal,25-34
C08642,Regular,35-44
C08643,New,55+
C08644,New,45-54
C08645,Regular,18-24
C08646,Regular,25-34
C08647,Regular,45-54
C08648,New,45-54
C08649,Regular,25-34
C08650,New,35-44
C08651,New,35-44
C08652,Regular,25-34
C08653,New,25-34
C08654,Regular,45-54
C08655,Regular,35-44
C08656,Regular,18-24
C08657,Regular,35-44
C08658,New,35-44
C08659,New,45-54
C08660,Loyal,25-34
C08661,Regular,55+
C08662,Regular,18-24
C08663,New,35-44
C08664,Regular,35-44
C08665,Regular,25-34
C08666,Regular,25-34
C08667,Regular,45-54
C08668,New,35-44
C08669,New,25-34
C08670,Loyal,18-24
C08671,Loyal,18-24
C08672,New,18-24
C08673,Regular,55+
C08674,New,35-44
C08675,New,55+
C08676,Regular,18-24
C08677,New,35-44
C08678,Regular,18-24
C08679,Regular,35-44
C08680,New,25-34
C08681,New,18-24
C08682,Loyal,25-34
C08683,New,25-34
C08684,Regular,35-44
C08685,Regular,35-44
C08686,Regular,35-44
C08687,New,55+
C08688,New,25-34
C08689,New,25-34
C08690,New,45-54
C08691,Regular,25-34
C08692,Regular,18-24
C08693,New,45-54
C08694,New,18-24
C08695,Regular,18-24
C08696,Regular,18-24
C08697,Loyal,18-24
C08698,Regular,18-24
C08699,Regular,18-24
C08700,Regular,25-34
C08701,Loyal,25-34
C08702,Loyal,18-24
C08703,Regular,35-44
C08704,New,25-34
C08705,New,18-24
C08706,Regular,25-34
C08707,Regular,25-34
C08708,Regular,25-34
C08709,New,25-34
C08710,Regular,35-44
C08711,Loyal,35-44
C08712,New,55+
C08713,Regular,25-34
C08714,Regular,25-34
C08715,Loyal,25-34
C08716,Loyal,35-44
C08717,Regular,18-24
C08718,Regular,25-34
C08719,Loyal,25-34
C08720,Regular,35-44
C08721,New,45-54
C08722,Regular,55+
C08723,New,18-24
C08724,Regular,25-34
C08725,Loyal,45-54
C08726,Regular,25-34
C08727,Regular,25-34
C08728,New,35-44
C08729,Regular,35-44
C08730,New,55+
C08731,New,35-44
C08732,Regular,25-34
C08733,New,25-34
C08734,Regular,45-54
C08735,Regular,35-44
C08736,Loyal,35-44
C08737,Regular,55+
C08738,New,35-44
C08739,New,25-34
C08740,Regular,35-44
C08741,Regular,35-44
C08742,Regular,18-24
C08743,Regular,25-34
C08744,New,35-44
C08745,Regular,25-34
C08746,Regular,35-44
C08747,New,25-34
C08748,New,55+
C08749,New,25-34
C08750,New,18-24
C08751,Regular,25-34
C08752,New,25-34
C08753,New,25-34
C08754,New,25-34
C08755,Loyal,35-44
C08756,Loyal,25-34
C08757,New,35-44
C08758,Regular,35-44
C08759,New,35-44
C08760,Regular,25-34
C08761,New,25-34
C08762,Regular,25-34
C08763,Regular,45-54
C08764,Loyal,45-54
C08765,New,25-34
C08766,Loyal,18-24
C08767,Regular,18-24
C08768,New,25-34
C08769,Regular,25-34
C08770,New,35-44
C08771,New,25-34
C08772,New,35-44
C08773,Regular,55+
C08774,Regular,35-44
C08775,Loyal,18-24
C08776,New,25-34
C08777,Loyal,25-34
C08778,New,45-54
C08779,Regular,25-34
C08780,Regular,25-34
C08781,New,35-44
C08782,Loyal,25-34
C08783,New,35-44
C08784,Regular,18-24
C08785,Regular,25-34
C08786,Regular,18-24
C08787,Regular,25-34
C08788,Regular,35-44
C08789,New,18-24
C08790,Regular,25-34
C08791,Loyal,35-44
C08792,New,35-44
C08793,New,18-24
C08794,Regular,25-34
C08795,Regular,18-24
C08796,Regular,25-34
C08797,New,25-34
C08798,Regular,18-24
C08799,New,55+
C08800,Regular,18-24
C08801,Regular,35-44
C08802,New,45-54
C08803,Regular,55+
C08804,Loyal,25-34
C08805,Regular,45-54
C08806,Loyal,55+
C08807,Regular,18-24
C08808,Regular,25-34
C08809,New,18-24
C08810,New,35-44
C08811,New,35-44
C08812,Regular,25-34
C08813,Loyal,35-44
C08814,Regular,18-24
C08815,Regular,45-54
C08816,Regular,18-24
C08817,Regular,35-44
C08818,Regular,18-24
C08819,Regular,25-34
C08820,Regular,35-44
C08821,New,25-34
C08822,Loyal,25-34
C08823,New,45-54
C08824,New,18-24
C08825,Loyal,45-54
C08826,New,18-24
C08827,Regular,18-24
C08828,Regular,18-24
C08829,Regular,55+
C08830,New,18-24
C08831,Regular,45-54
C08832,Regular,55+
C08833,Regular,25-34
C08834,Regular,35-44
C08835,Loyal,35-44
C08836,New,25-34
C08837,Regular,18-24
C08838,Regular,25-34
C08839,Loyal,35-44
C08840,New,35-44
C08841,Regular,25-34
C08842,Loyal,18-24
C08843,New,45-54
C08844,Loyal,18-24
C08845,New,35-44
C08846,Regular,18-24
C08847,Loyal,45-54
C08848,Regular,45-54
C08849,Regular,25-34
C08850,New,18-24
C08851,Loyal,25-34
C08852,Regular,25-34
C08853,New,25-34
C08854,Regular,35-44
C08855,Regular,25-34
C08856,New,25-34
C08857,New,35-44
C08858,New,35-44
C08859,Regular,25-34
C08860,Regular,35-44
C08861,Regular,35-44
C08862,Loyal,35-44
C08863,Loyal,25-34
C08864,Regular,18-24
C08865,New,45-54
C08866,Regular,45-54
C08867,Regular,35-44
C08868,Regular,18-24
C08869,Regular,35-44
C08870,Regular,45-54
C08871,Loyal,25-34
C08872,New,18-24
C08873,Regular,35-44
C08874,New,45-54
C08875,Loyal,18-24
C08876,New,35-44
C08877,New,35-44
C08878,Regular,35-44
C08879,Regular,35-44
C08880,New,35-44
C08881,Regular,18-24
C08882,Regular,25-34
C08883,New,35-44
C08884,New,18-24
C08885,Loyal,35-44
C08886,Regular,35-44
C08887,Regular,25-34
C08888,Regular,35-44
C08889,New,25-34
C08890,New,25-34
C08891,New,25-34
C08892,Loyal,45-54
C08893,Loyal,25-34
C08894,Regular,35-44
C08895,New,18-24
C08896,New,18-24
C08897,Regular,18-24
C08898,Regular,35-44
C08899,New,25-34
C08900,Loyal,25-34
C08901,Regular,35-44
C08902,Loyal,18-24
C08903,Regular,25-34
C08904,Regular,25-34
C08905,Regular,25-34
C08906,Regular,35-44
C08907,Regular,25-34
C08908,Regular,25-34
C08909,Regular,45-54
C08910,Loyal,45-54
C08911,Regular,45-54
C08912,Regular,45-54
C08913,Loyal,25-34
C08914,New,35-44
C08915,New,25-34
C08916,Regular,35-44
C08917,Regular,25-34
C08918,Loyal,18-24
C08919,Regular,45-54
C08920,Regular,35-44
C08921,Regular,45-54
C08922,New,18-24
C08923,Regular,25-34
C08924,Loyal,25-34
C08925,New,25-34
C08926,Regular,18-24
C08927,Regular,25-34
C08928,New,18-24
C08929,New,25-34
C08930,Loyal,35-44
C08931,Regular,45-54
C08932,New,18-24
C08933,New,25-34
C08934,Regular,18-24
C08935,Regular,18-24
C08936,Regular,35-44
C08937,New,35-44
C08938,Loyal,45-54
C08939,Regular,25-34
C08940,New,45-54
C08941,Regular,18-24
C08942,Regular,25-34
C08943,Loyal,18-24
C08944,Loyal,35-44
C08945,New,25-34
C08946,Loyal,18-24
C08947,Regular,35-44
C08948,Loyal,18-24
C08949,New,18-24
C08950,Regular,18-24
C08951,New,18-24
C08952,Loyal,35-44
C08953,New,25-34
C08954,Regular,25-34
C08955,Regular,25-34
C08956,Regular,45-54
C08957,Regular,25-34
C08958,Loyal,35-44
C08959,Regular,25-34
C08960,Loyal,25-34
C08961,New,55+
C08962,Regular,25-34
C08963,Regular,18-24
C08964,New,25-34
C08965,Regular,25-34
C08966,Regular,25-34
C08967,Regular,55+
C08968,Regular,45-54
C08969,Regular,18-24
C08970,New,25-34
C08971,New,35-44
C08972,Regular,25-34
C08973,New,35-44
C08974,New,35-44
C08975,Regular,35-44
C08976,Regular,35-44
C08977,Regular,35-44
C08978,Regular,55+
C08979,Regular,25-34
C08980,Regular,45-54
C08981,Regular,18-24
C08982,Regular,25-34
C08983,Regular,18-24
C08984,Regular,35-44
C08985,New,18-24
C08986,Regular,45-54
C08987,Regular,35-44
C08988,Loyal,18-24
C08989,Loyal,35-44
C08990,Regular,45-54
C08991,New,35-44
C08992,New,18-24
C08993,Regular,45-54
C08994,Regular,35-44
C08995,New,25-34
C08996,Regular,25-34
C08997,New,25-34
C08998,Loyal,45-54
C08999,New,25-34
C09000,Loyal,18-24
C09001,Loyal,45-54
C09002,Regular,18-24
C09003,Regular,45-54
C09004,Regular,25-34
C09005,Regular,25-34
C09006,Regular,18-24
C09007,New,45-54
C09008,Regular,35-44
C09009,Regular,45-54
C09010,Regular,35-44
C09011,New,18-24
C09012,Regular,25-34
C09013,New,25-34
C09014,New,35-44
C09015,New,45-54
C09016,New,25-34
C09017,New,35-44
C09018,Loyal,55+
C09019,New,18-24
C09020,Regular,45-54
C09021,New,25-34
C09022,Loyal,35-44
C09023,Regular,25-34
C09024,New,25-34
C09025,Regular,18-24
C09026,Regular,55+
C09027,Regular,45-54
C09028,New,18-24
C09029,Loyal,55+
C09030,Regular,35-44
C09031,Regular,45-54
C09032,Regular,18-24
C09033,Regular,25-34
C09034,Loyal,35-44
C09035,Regular,18-24
C09036,Regular,25-34
C09037,New,25-34
C09038,Loyal,25-34
C09039,Regular,25-34
C09040,New,55+
C09041,New,25-34
C09042,New,25-34
C09043,Loyal,25-34
C09044,New,35-44
C09045,Regular,35-44
C09046,New,35-44
C09047,Regular,18-24
C09048,Regular,25-34
C09049,Loyal,35-44
C09050,Regular,45-54
C09051,Loyal,35-44
C09052,Regular,18-24
C09053,New,25-34
C09054,New,18-24
C09055,Regular,35-44
C09056,Loyal,18-24
C09057,Loyal,18-24
C09058,New,25-34
C09059,New,25-34
C09060,New,25-34
C09061,Loyal,25-34
C09062,Loyal,35-44
C09063,Regular,25-34
C09064,Regular,25-34
C09065,Regular,25-34
C09066,Regular,25-34
C09067,New,35-44
C09068,Regular,25-34
C09069,New,35-44
C09070,New,25-34
C09071,Loyal,45-54
C09072,Regular,25-34
C09073,Regular,25-34
C09074,Regular,35-44
C09075,Regular,25-34
C09076,Regular,25-34
C09077,Regular,35-44
C09078,Regular,18-24
C09079,Regular,25-34
C09080,New,35-44
C09081,Regular,55+
C09082,Regular,45-54
C09083,Regular,25-34
C09084,Regular,25-34
C09085,Regular,18-24
C09086,New,25-34
C09087,Regular,35-44
C09088,Loyal,18-24
C09089,New,25-34
C09090,Regular,55+
C09091,Regular,45-54
C09092,New,35-44
C09093,Regular,45-54
C09094,Regular,35-44
C09095,Regular,18-24
C09096,Loyal,25-34
C09097,New,25-34
C09098,New,25-34
C09099,Loyal,45-54
C09100,Regular,25-34
C09101,Regular,18-24
C09102,Regular,25-34
C09103,Regular,25-34
C09104,Regular,45-54
C09105,New,35-44
C09106,New,25-34
C09107,New,25-34
C09108,Loyal,35-44
C09109,New,35-44
C09110,Regular,25-34
C09111,Loyal,55+
C09112,Regular,55+
C09113,Regular,55+
C09114,Regular,35-44
C09115,Regular,55+
C09116,Regular,25-34
C09117,Regular,45-54
C09118,Loyal,45-54
C09119,Loyal,45-54
C09120,Loyal,45-54
C09121,Loyal,25-34
C09122,Regular,18-24
C09123,Regular,25-34
C09124,Loyal,35-44
C09125,Regular,25-34
C09126,Loyal,25-34
C09127,Regular,25-34
C09128,Regular,35-44
C09129,Regular,55+
C09130,Loyal,35-44
C09131,New,35-44
C09132,Regular,35-44
C09133,Regular,45-54
C09134,New,25-34
C09135,Regular,25-34
C09136,Regular,45-54
C09137,Regular,35-44
C09138,Regular,35-44
C09139,Regular,25-34
C09140,Regular,25-34
C09141,Regular,25-34
C09142,New,18-24
C09143,Loyal,25-34
C09144,Regular,25-34
C09145,Regular,25-34
C09146,Regular,35-44
C09147,Regular,55+
C09148,Regular,35-44
C09149,Regular,45-54
C09150,Regular,25-34
C09151,Regular,35-44
C09152,Regular,18-24
C09153,New,18-24
C09154,Regular,25-34
C09155,New,25-34
C09156,New,35-44
C09157,Loyal,25-34
C09158,Regular,45-54
C09159,Regular,55+
C09160,Regular,18-24
C09161,Loyal,25-34
C09162,Regular,35-44
C09163,Regular,25-34
C09164,Regular,25-34
C09165,Loyal,45-54
C09166,Loyal,55+
C09167,Loyal,35-44
C09168,New,25-34
C09169,New,25-34
C09170,New,25-34
C09171,New,25-34
C09172,Loyal,25-34
C09173,New,25-34
C09174,New,45-54
C09175,New,35-44
C09176,New,35-44
C09177,New,55+
C09178,Regular,25-34
C09179,Regular,18-24
C09180,New,45-54
C09181,Regular,55+
C09182,Regular,25-34
C09183,New,18-24
C09184,Regular,35-44
C09185,Regular,18-24
C09186,Regular,25-34
C09187,Regular,25-34
C09188,New,45-54
C09189,Loyal,25-34
C09190,Loyal,45-54
C09191,Loyal,25-34
C09192,New,25-34
C09193,Loyal,55+
C09194,Loyal,25-34
C09195,Loyal,25-34
C09196,New,25-34
C09197,Regular,35-44
C09198,Loyal,18-24
C09199,Regular,25-34
C09200,Regular,35-44
C09201,Loyal,25-34
C09202,Regular,18-24
C09203,Regular,35-44
C09204,Regular,25-34
C09205,Loyal,18-24
C09206,New,35-44
C09207,Regular,45-54
C09208,Regular,18-24
C09209,Regular,35-44
C09210,Regular,35-44
C09211,Loyal,18-24
C09212,Loyal,18-24
C09213,New,25-34
C09214,Regular,35-44
C09215,New,18-24
C09216,Regular,45-54
C09217,Regular,35-44
C09218,Loyal,25-34
C09219,Loyal,25-34
C09220,New,55+
C09221,New,25-34
C09222,Regular,25-34
C09223,Regular,35-44
C09224,New,18-24
C09225,Loyal,18-24
C09226,Loyal,18-24
C09227,Regular,25-34
C09228,Loyal,18-24
C09229,Regular,45-54
C09230,Regular,55+
C09231,Regular,18-24
C09232,New,25-34
C09233,Loyal,18-24
C09234,Regular,18-24
C09235,Regular,25-34
C09236,Regular,25-34
C09237,New,55+
C09238,New,25-34
C09239,Regular,25-34
C09240,Regular,25-34
C09241,Regular,18-24
C09242,Regular,45-54
C09243,Regular,18-24
C09244,Regular,55+
C09245,Regular,18-24
C09246,Loyal,35-44
C09247,Regular,55+
C09248,Regular,18-24
C09249,New,25-34
C09250,New,35-44
C09251,New,18-24
C09252,Regular,35-44
C09253,New,18-24
C09254,New,25-34
C09255,Regular,18-24
C09256,Regular,45-54
C09257,New,18-24
C09258,New,18-24
C09259,Regular,35-44
C09260,New,25-34
C09261,Regular,25-34
C09262,Regular,18-24
C09263,Regular,35-44
C09264,Regular,35-44
C09265,Loyal,25-34
C09266,New,18-24
C09267,New,35-44
C09268,New,35-44
C09269,New,25-34
C09270,New,18-24
C09271,New,25-34
C09272,Regular,35-44
C09273,Regular,55+
C09274,Regular,18-24
C09275,Regular,25-34
C09276,Regular,18-24
C09277,New,25-34
C09278,Regular,25-34
C09279,New,45-54
C09280,New,18-24
C09281,Regular,35-44
C09282,Loyal,25-34
C09283,Regular,45-54
C09284,New,25-34
C09285,Loyal,18-24
C09286,Regular,55+
C09287,Regular,18-24
C09288,Loyal,35-44
C09289,Regular,45-54
C09290,New,18-24
C09291,Regular,25-34
C09292,Regular,45-54
C09293,Regular,55+
C09294,Regular,35-44
C09295,Loyal,25-34
C09296,Loyal,35-44
C09297,Loyal,35-44
C09298,Loyal,35-44
C09299,Loyal,45-54
C09300,New,18-24
C09301,New,18-24
C09302,Regular,35-44
C09303,Loyal,55+
C09304,Regular,25-34
C09305,Regular,55+
C09306,New,55+
C09307,New,45-54
C09308,Regular,45-54
C09309,New,45-54
C09310,Regular,45-54
C09311,New,35-44
C09312,Regular,18-24
C09313,Regular,18-24
C09314,Regular,18-24
C09315,Regular,18-24
C09316,New,18-24
C09317,Loyal,45-54
C09318,Regular,35-44
C09319,Regular,25-34
C09320,Regular,35-44
C09321,New,25-34
C09322,Loyal,18-24
C09323,Regular,45-54
C09324,Regular,25-34
C09325,New,35-44
C09326,Loyal,25-34
C09327,Regular,25-34
C09328,New,45-54
C09329,Regular,18-24
C09330,Loyal,55+
C09331,Regular,18-24
C09332,Regular,25-34
C09333,Regular,45-54
C09334,Regular,55+
C09335,Regular,25-34
C09336,New,18-24
C09337,Regular,35-44
C09338,Loyal,18-24
C09339,New,25-34
C09340,Regular,35-44
C09341,Regular,25-34
C09342,Regular,18-24
C09343,Loyal,25-34
C09344,Regular,45-54
C09345,New,35-44
C09346,Loyal,35-44
C09347,Regular,25-34
C09348,Loyal,18-24
C09349,Regular,25-34
C09350,Loyal,25-34
C09351,New,25-34
C09352,Regular,25-34
C09353,Loyal,35-44
C09354,New,35-44
C09355,New,18-24
C09356,Regular,35-44
C09357,Loyal,35-44
C09358,New,18-24
C09359,Loyal,18-24
C09360,Regular,35-44
C09361,Regular,25-34
C09362,Loyal,18-24
C09363,Regular,18-24
C09364,New,18-24
C09365,New,55+
C09366,Regular,35-44
C09367,Regular,25-34
C09368,Loyal,55+
C09369,Regular,35-44
C09370,Regular,35-44
C09371,Regular,25-34
C09372,New,35-44
C09373,New,18-24
C09374,Loyal,25-34
C09375,New,18-24
C09376,New,25-34
C09377,Regular,18-24
C09378,Regular,25-34
C09379,Loyal,45-54
C09380,New,25-34
C09381,New,45-54
C09382,New,35-44
C09383,Regular,25-34
C09384,Regular,25-34
C09385,Regular,45-54
C09386,Loyal,18-24
C09387,Loyal,35-44
C09388,New,35-44
C09389,Regular,25-34
C09390,Regular,25-34
C09391,Loyal,25-34
C09392,Loyal,45-54
C09393,New,45-54
C09394,Regular,55+
C09395,Regular,25-34
C09396,New,25-34
C09397,New,18-24
C09398,Regular,55+
C09399,Regular,25-34
C09400,New,25-34
C09401,Regular,45-54
C09402,New,25-34
C09403,Regular,25-34
C09404,New,18-24
C09405,New,25-34
C09406,Regular,45-54
C09407,New,25-34
C09408,Regular,25-34
C09409,New,18-24
C09410,Regular,25-34
C09411,New,25-34
C09412,Regular,18-24
C09413,Regular,35-44
C09414,New,25-34
C09415,Regular,35-44
C09416,New,18-24
C09417,Regular,35-44
C09418,New,25-34
C09419,Regular,25-34
C09420,Regular,55+
C09421,Loyal,18-24
C09422,Regular,25-34
C09423,Regular,25-34
C09424,Regular,25-34
C09425,Loyal,25-34
C09426,Regular,18-24
C09427,New,35-44
C09428,Loyal,35-44
C09429,Regular,35-44
C09430,Loyal,18-24
C09431,Loyal,25-34
C09432,New,35-44
C09433,Regular,18-24
C09434,New,35-44
C09435,New,18-24
C09436,New,25-34
C09437,Regular,45-54
C09438,New,35-44
C09439,New,35-44
C09440,Regular,45-54
C09441,New,35-44
C09442,New,25-34
C09443,New,55+
C09444,Regular,35-44
C09445,Regular,35-44
C09446,New,25-34
C09447,Loyal,45-54
C09448,Regular,25-34
C09449,Regular,18-24
C09450,New,18-24
C09451,Regular,18-24
C09452,Regular,25-34
C09453,New,45-54
C09454,New,35-44
C09455,Loyal,18-24
C09456,New,35-44
C09457,Regular,25-34
C09458,Loyal,25-34
C09459,Regular,25-34
C09460,Regular,45-54
C09461,Regular,25-34
C09462,New,18-24
C09463,Regular,25-34
C09464,Regular,35-44
C09465,Loyal,35-44
C09466,Loyal,18-24
C09467,Loyal,18-24
C09468,Loyal,35-44
C09469,Regular,35-44
C09470,Regular,25-34
C09471,Regular,45-54
C09472,Regular,55+
C09473,Loyal,25-34
C09474,New,25-34
C09475,Loyal,18-24
C09476,Loyal,35-44
C09477,Loyal,25-34
C09478,Loyal,18-24
C09479,New,35-44
C09480,New,45-54
C09481,New,18-24
C09482,New,18-24
C09483,Regular,25-34
C09484,Loyal,35-44
C09485,Loyal,35-44
C09486,Regular,25-34
C09487,New,35-44
C09488,New,35-44
C09489,New,25-34
C09490,Regular,35-44
C09491,Regular,25-34
C09492,New,45-54
C09493,Regular,25-34
C09494,New,25-34
C09495,Regular,18-24
C09496,Regular,45-54
C09497,Regular,25-34
C09498,Regular,25-34
C09499,Loyal,55+
C09500,New,45-54
C09501,Regular,55+
C09502,Regular,18-24
C09503,Regular,45-54
C09504,Loyal,25-34
C09505,Regular,18-24
C09506,Regular,25-34
C09507,New,25-34
C09508,Regular,18-24
C09509,New,25-34
C09510,New,45-54
C09511,Regular,25-34
C09512,Regular,25-34
C09513,New,25-34
C09514,Regular,45-54
C09515,Regular,18-24
C09516,New,25-34
C09517,Regular,25-34
C09518,Regular,45-54
C09519,Regular,18-24
C09520,Regular,25-34
C09521,Regular,25-34
C09522,Regular,45-54
C09523,Loyal,25-34
C09524,Regular,35-44
C09525,New,18-24
C09526,Regular,55+
C09527,Loyal,35-44
C09528,New,35-44
C09529,Loyal,25-34
C09530,Loyal,25-34
C09531,New,25-34
C09532,Loyal,35-44
C09533,Regular,55+
C09534,Loyal,25-34
C09535,Regular,45-54
C09536,Regular,18-24
C09537,Regular,55+
C09538,Regular,25-34
C09539,New,25-34
C09540,Regular,25-34
C09541,New,35-44
C09542,Regular,35-44
C09543,Regular,25-34
C09544,Regular,25-34
C09545,Regular,18-24
C09546,New,25-34
C09547,New,25-34
C09548,New,25-34
C09549,Regular,25-34
C09550,Loyal,35-44
C09551,New,35-44
C09552,Loyal,25-34
C09553,Regular,35-44
C09554,Regular,18-24
C09555,Regular,35-44
C09556,Loyal,18-24
C09557,New,35-44
C09558,Regular,25-34
C09559,Regular,25-34
C09560,Regular,35-44
C09561,Loyal,18-24
C09562,New,25-34
C09563,Regular,35-44
C09564,Regular,45-54
C09565,Regular,25-34
C09566,Regular,25-34
C09567,Regular,25-34
C09568,Loyal,35-44
C09569,Regular,25-34
C09570,Loyal,45-54
C09571,Regular,25-34
C09572,New,18-24
C09573,New,25-34
C09574,New,25-34
C09575,Regular,35-44
C09576,Regular,25-34
C09577,Regular,55+
C09578,Regular,25-34
C09579,New,25-34
C09580,New,18-24
C09581,New,45-54
C09582,Regular,35-44
C09583,New,18-24
C09584,New,55+
C09585,Loyal,25-34
C09586,Loyal,35-44
C09587,New,45-54
C09588,Regular,35-44
C09589,Regular,45-54
C09590,Regular,45-54
C09591,Regular,55+
C09592,New,18-24
C09593,Regular,25-34
C09594,Regular,35-44
C09595,New,35-44
C09596,Regular,25-34
C09597,Regular,18-24
C09598,Regular,45-54
C09599,New,55+
C09600,Regular,25-34
C09601,New,25-34
C09602,Regular,18-24
C09603,New,25-34
C09604,New,35-44
C09605,Regular,45-54
C09606,Regular,18-24
C09607,Loyal,25-34
C09608,Regular,35-44
C09609,New,25-34
C09610,Regular,25-34
C09611,Regular,35-44
C09612,New,45-54
C09613,Loyal,25-34
C09614,New,35-44
C09615,Loyal,25-34
C09616,Loyal,25-34
C09617,Regular,18-24
C09618,Loyal,25-34
C09619,Regular,18-24
C09620,New,25-34
C09621,Regular,35-44
C09622,New,35-44
C09623,Regular,18-24
C09624,Regular,25-34
C09625,Regular,25-34
C09626,Regular,25-34
C09627,Regular,25-34
C09628,Loyal,35-44
C09629,New,18-24
C09630,Regular,25-34
C09631,New,18-24
C09632,Regular,18-24
C09633,New,55+
C09634,Regular,25-34
C09635,New,25-34
C09636,New,35-44
C09637,Loyal,18-24
C09638,New,25-34
C09639,Regular,45-54
C09640,New,45-54
C09641,Regular,25-34
C09642,Regular,25-34
C09643,Regular,35-44
C09644,New,25-34
C09645,Regular,18-24
C09646,Regular,25-34
C09647,Regular,25-34
C09648,Regular,18-24
C09649,Regular,25-34
C09650,New,35-44
C09651,New,25-34
C09652,New,18-24
C09653,New,25-34
C09654,New,35-44
C09655,Regular,18-24
C09656,Regular,18-24
C09657,Loyal,25-34
C09658,New,18-24
C09659,Regular,55+
C09660,Loyal,35-44
C09661,Regular,25-34
C09662,New,35-44
C09663,New,25-34
C09664,New,18-24
C09665,New,25-34
C09666,Regular,35-44
C09667,New,18-24
C09668,New,25-34
C09669,Regular,25-34
C09670,Regular,25-34
C09671,Regular,35-44
C09672,Regular,45-54
C09673,Regular,35-44
C09674,New,35-44
C09675,Regular,45-54
C09676,Regular,18-24
C09677,Loyal,18-24
C09678,New,25-34
C09679,Regular,25-34
C09680,Regular,25-34
C09681,Regular,25-34
C09682,New,18-24
C09683,New,25-34
C09684,Loyal,45-54
C09685,Regular,25-34
C09686,Regular,18-24
C09687,New,35-44
C09688,New,25-34
C09689,Regular,25-34
C09690,Loyal,25-34
C09691,Loyal,35-44
C09692,Regular,45-54
C09693,Regular,35-44
C09694,Loyal,25-34
C09695,Regular,25-34
C09696,Regular,18-24
C09697,New,55+
C09698,Regular,35-44
C09699,Regular,18-24
C09700,Loyal,35-44
C09701,Regular,25-34
C09702,New,55+
C09703,Regular,45-54
C09704,Loyal,18-24
C09705,Regular,35-44
C09706,New,25-34
C09707,New,18-24
C09708,Regular,35-44
C09709,Regular,25-34
C09710,Regular,18-24
C09711,New,35-44
C09712,Loyal,35-44
C09713,New,18-24
C09714,New,25-34
C09715,Regular,35-44
C09716,Regular,18-24
C09717,New,45-54
C09718,New,18-24
C09719,New,18-24
C09720,Regular,18-24
C09721,Regular,25-34
C09722,Regular,35-44
C09723,Regular,25-34
C09724,Regular,25-34
C09725,New,45-54
C09726,Loyal,18-24
C09727,Loyal,25-34
C09728,New,18-24
C09729,New,18-24
C09730,New,25-34
C09731,New,18-24
C09732,Regular,25-34
C09733,Regular,45-54
C09734,Regular,18-24
C09735,Regular,35-44
C09736,Regular,35-44
C09737,Regular,25-34
C09738,New,25-34
C09739,New,25-34
C09740,Regular,18-24
C09741,New,45-54
C09742,New,25-34
C09743,Loyal,45-54
C09744,Regular,45-54
C09745,New,18-24
C09746,Regular,25-34
C09747,Regular,18-24
C09748,New,45-54
C09749,New,45-54
C09750,Loyal,25-34
C09751,Regular,18-24
C09752,New,18-24
C09753,Regular,45-54
C09754,Regular,45-54
C09755,New,18-24
C09756,New,18-24
C09757,New,25-34
C09758,Loyal,18-24
C09759,New,45-54
C09760,Regular,25-34
C09761,Loyal,35-44
C09762,New,25-34
C09763,Loyal,25-34
C09764,Loyal,25-34
C09765,Loyal,35-44
C09766,New,35-44
C09767,Regular,25-34
C09768,Regular,25-34
C09769,Loyal,18-24
C09770,New,18-24
C09771,Regular,35-44
C09772,Regular,25-34
C09773,New,25-34
C09774,Regular,45-54
C09775,Regular,25-34
C09776,Regular,25-34
C09777,Regular,18-24
C09778,Loyal,45-54
C09779,Regular,25-34
C09780,Regular,18-24
C09781,Regular,35-44
C09782,Regular,25-34
C09783,Regular,45-54
C09784,Loyal,45-54
C09785,Regular,35-44
C09786,Regular,35-44
C09787,New,18-24
C09788,New,25-34
C09789,Regular,35-44
C09790,New,25-34
C09791,New,35-44
C09792,Regular,45-54
C09793,New,18-24
C09794,New,18-24
C09795,Regular,35-44
C09796,Regular,45-54
C09797,Loyal,45-54
C09798,Regular,35-44
C09799,Regular,45-54
C09800,Loyal,35-44
C09801,Regular,18-24
C09802,New,35-44
C09803,New,18-24
C09804,Regular,25-34
C09805,Regular,25-34
C09806,Regular,25-34
C09807,Regular,25-34
C09808,Regular,18-24
C09809,Loyal,25-34
C09810,Regular,18-24
C09811,New,25-34
C09812,Loyal,35-44
C09813,New,45-54
C09814,Regular,45-54
C09815,Loyal,25-34
C09816,Regular,35-44
C09817,Regular,25-34
C09818,Regular,18-24
C09819,Regular,35-44
C09820,Regular,35-44
C09821,Regular,45-54
C09822,Regular,35-44
C09823,Regular,18-24
C09824,New,45-54
C09825,Regular,35-44
C09826,Regular,45-54
C09827,Regular,35-44
C09828,Regular,25-34
C09829,Regular,18-24
C09830,Regular,18-24
C09831,Regular,18-24
C09832,Loyal,25-34
C09833,New,25-34
C09834,Loyal,45-54
C09835,New,45-54
C09836,New,35-44
C09837,Loyal,18-24
C09838,New,25-34
C09839,Regular,35-44
C09840,Loyal,18-24
C09841,Loyal,45-54
C09842,Loyal,45-54
C09843,New,25-34
C09844,Regular,35-44
C09845,New,18-24
C09846,Regular,35-44
C09847,Loyal,18-24
C09848,Regular,18-24
C09849,Regular,35-44
C09850,Regular,35-44
C09851,Regular,35-44
C09852,Loyal,25-34
C09853,New,35-44
C09854,Regular,35-44
C09855,Loyal,55+
C09856,Regular,45-54
C09857,New,35-44
C09858,Regular,35-44
C09859,Regular,25-34
C09860,New,18-24
C09861,Loyal,18-24
C09862,Regular,45-54
C09863,Loyal,45-54
C09864,Loyal,35-44
C09865,Regular,25-34
C09866,New,18-24
C09867,Regular,25-34
C09868,New,25-34
C09869,Loyal,25-34
C09870,New,45-54
C09871,New,18-24
C09872,Regular,25-34
C09873,New,25-34
C09874,New,55+
C09875,Regular,45-54
C09876,New,25-34
C09877,New,55+
C09878,Regular,25-34
C09879,Regular,18-24
C09880,Regular,25-34
C09881,Regular,25-34
C09882,Regular,35-44
C09883,Regular,55+
C09884,Loyal,35-44
C09885,New,25-34
C09886,Regular,25-34
C09887,Loyal,18-24
C09888,Loyal,25-34
C09889,New,18-24
C09890,New,25-34
C09891,Regular,35-44
C09892,New,35-44
C09893,Loyal,18-24
C09894,Regular,25-34
C09895,Regular,25-34
C09896,New,18-24
C09897,Regular,25-34
C09898,Regular,25-34
C09899,Loyal,35-44
C09900,New,45-54
C09901,New,25-34
C09902,Regular,35-44
C09903,New,18-24
C09904,Regular,45-54
C09905,Loyal,18-24
C09906,Regular,18-24
C09907,Loyal,18-24
C09908,New,25-34
C09909,New,25-34
C09910,New,55+
C09911,Regular,35-44
C09912,Loyal,25-34
C09913,New,25-34
C09914,Regular,35-44
C09915,Regular,45-54
C09916,Loyal,35-44
C09917,New,25-34
C09918,New,35-44
C09919,New,35-44
C09920,Regular,18-24
C09921,New,25-34
C09922,Loyal,35-44
C09923,Regular,45-54
C09924,Regular,25-34
C09925,Regular,55+
C09926,New,25-34
C09927,Regular,25-34
C09928,Loyal,25-34
C09929,Loyal,55+
C09930,Loyal,25-34
C09931,Loyal,25-34
C09932,New,18-24
C09933,New,25-34
C09934,New,45-54
C09935,New,25-34
C09936,New,45-54
C09937,Regular,45-54
C09938,Regular,18-24
C09939,Loyal,35-44
C09940,Regular,25-34
C09941,Loyal,18-24
C09942,New,35-44
C09943,New,35-44
C09944,Regular,25-34
C09945,New,18-24
C09946,New,45-54
C09947,Regular,35-44
C09948,New,25-34
C09949,Regular,25-34
C09950,Regular,18-24
C09951,Regular,25-34
C09952,Regular,25-34
C09953,Regular,25-34
C09954,New,25-34
C09955,New,35-44
C09956,Regular,25-34
C09957,Regular,35-44
C09958,Regular,25-34
C09959,Regular,25-34
C09960,New,25-34
C09961,Regular,35-44
C09962,Regular,25-34
C09963,Regular,18-24
C09964,Regular,18-24
C09965,Regular,25-34
C09966,Regular,18-24
C09967,Regular,35-44
C09968,New,25-34
C09969,Regular,35-44
C09970,New,55+
C09971,New,25-34
C09972,Loyal,35-44
C09973,Loyal,35-44
C09974,New,45-54
C09975,Regular,25-34
C09976,New,45-54
C09977,Regular,45-54
C09978,Loyal,25-34
C09979,Loyal,25-34
C09980,Regular,55+
C09981,Regular,35-44
C09982,Regular,25-34
C09983,New,35-44
C09984,Loyal,25-34
C09985,Loyal,18-24
C09986,Regular,25-34
C09987,Regular,25-34
C09988,New,45-54
C09989,New,25-34
C09990,Loyal,45-54
C09991,Regular,25-34
C09992,Regular,25-34
C09993,Regular,25-34
C09994,Loyal,25-34
C09995,New,45-54
C09996,Loyal,25-34
C09997,Loyal,45-54
C09998,Loyal,25-34
C09999,Regular,18-24
C10000,New,18-24
C10001,Regular,35-44
C10002,Regular,25-34
C10003,New,35-44
C10004,Regular,35-44
C10005,Regular,25-34
C10006,Loyal,25-34
C10007,New,25-34
C10008,Regular,55+
C10009,Regular,25-34
C10010,Regular,18-24
C10011,Loyal,25-34
C10012,Regular,35-44
C10013,Loyal,35-44
C10014,Regular,45-54
C10015,Regular,45-54
C10016,New,25-34
C10017,New,25-34
C10018,New,35-44
C10019,New,45-54
C10020,New,25-34
C10021,New,25-34
C10022,New,45-54
C10023,Loyal,25-34
C10024,New,25-34
C10025,Regular,45-54
C10026,New,45-54
C10027,Loyal,25-34
C10028,Loyal,25-34
C10029,Regular,25-34
C10030,Regular,45-54
C10031,New,55+
C10032,Loyal,35-44
C10033,Loyal,25-34
C10034,Loyal,18-24
C10035,Regular,35-44
C10036,Regular,25-34
C10037,Loyal,35-44
C10038,New,35-44
C10039,Regular,25-34
C10040,New,55+
C10041,Loyal,18-24
C10042,New,35-44
C10043,New,25-34
C10044,Regular,35-44
C10045,Regular,35-44
C10046,Regular,18-24
C10047,New,25-34
C10048,New,18-24
C10049,Regular,18-24
C10050,Loyal,35-44
C10051,Loyal,25-34
C10052,Regular,25-34
C10053,Loyal,25-34
C10054,Regular,35-44
C10055,Regular,35-44
C10056,Regular,25-34
C10057,Regular,35-44
C10058,Regular,45-54
C10059,Regular,18-24
C10060,New,35-44
C10061,New,25-34
C10062,New,18-24
C10063,Regular,25-34
C10064,New,25-34
C10065,New,45-54
C10066,Regular,18-24
C10067,Regular,18-24
C10068,Regular,25-34
C10069,Regular,35-44
C10070,Loyal,35-44
C10071,Loyal,25-34
C10072,Loyal,45-54
C10073,Regular,55+
C10074,New,25-34
C10075,Loyal,35-44
C10076,New,25-34
C10077,New,18-24
C10078,Regular,25-34
C10079,New,18-24
C10080,Loyal,55+
C10081,Regular,25-34
C10082,Regular,35-44
C10083,Regular,25-34
C10084,Regular,35-44
C10085,New,25-34
C10086,Regular,35-44
C10087,Regular,18-24
C10088,Regular,45-54
C10089,Regular,45-54
C10090,New,35-44
C10091,New,18-24
C10092,New,25-34
C10093,Regular,45-54
C10094,Loyal,18-24
C10095,Loyal,18-24
C10096,Regular,25-34
C10097,Regular,25-34
C10098,Regular,25-34
C10099,New,25-34
C10100,New,25-34
C10101,Loyal,18-24
C10102,Regular,25-34
C10103,Loyal,25-34
C10104,Regular,35-44
C10105,Regular,18-24
C10106,New,35-44
C10107,New,25-34
C10108,Regular,25-34
C10109,New,25-34
C10110,New,18-24
C10111,New,45-54
C10112,New,25-34
C10113,Regular,35-44
C10114,Regular,55+
C10115,New,25-34
C10116,New,25-34
C10117,New,25-34
C10118,Regular,55+
C10119,New,35-44
C10120,Regular,35-44
C10121,New,25-34
C10122,New,45-54
C10123,Loyal,35-44
C10124,Regular,25-34
C10125,New,35-44
C10126,Loyal,25-34
C10127,Regular,18-24
C10128,Loyal,45-54
C10129,Regular,18-24
C10130,Regular,25-34
C10131,Loyal,25-34
C10132,New,25-34
C10133,Regular,25-34
C10134,Regular,55+
C10135,New,25-34
C10136,New,18-24
C10137,New,35-44
C10138,Regular,25-34
C10139,Regular,18-24
C10140,Regular,18-24
C10141,New,18-24
C10142,Regular,25-34
C10143,Loyal,25-34
C10144,Regular,18-24
C10145,Regular,35-44
C10146,Regular,18-24
C10147,Regular,45-54
C10148,Regular,35-44
C10149,Loyal,18-24
C10150,Regular,55+
C10151,Loyal,25-34
C10152,New,25-34
C10153,New,25-34
C10154,New,35-44
C10155,Regular,25-34
C10156,Regular,18-24
C10157,New,18-24
C10158,New,35-44
C10159,Loyal,25-34
C10160,Loyal,18-24
C10161,Regular,25-34
C10162,Regular,45-54
C10163,Regular,25-34
C10164,Regular,25-34
C10165,Loyal,45-54
C10166,New,18-24
C10167,Regular,35-44
C10168,Regular,55+
C10169,Regular,45-54
C10170,Regular,18-24
C10171,Regular,25-34
C10172,New,18-24
C10173,Regular,55+
C10174,New,55+
C10175,New,25-34
C10176,New,35-44
C10177,Regular,45-54
C10178,Regular,25-34
C10179,Regular,18-24
C10180,Regular,18-24
C10181,Regular,25-34
C10182,Regular,45-54
C10183,Regular,45-54
C10184,Regular,18-24
C10185,Regular,25-34
C10186,Regular,25-34
C10187,Loyal,35-44
C10188,Loyal,35-44
C10189,New,25-34
C10190,New,35-44
C10191,Regular,18-24
C10192,New,25-34
C10193,New,55+
C10194,Loyal,18-24
C10195,New,25-34
C10196,Loyal,25-34
C10197,Regular,25-34
C10198,Regular,25-34
C10199,New,25-34
C10200,New,45-54
C10201,Regular,25-34
C10202,New,25-34
C10203,New,18-24
C10204,Regular,35-44
C10205,New,25-34
C10206,New,45-54
C10207,Regular,25-34
C10208,New,18-24
C10209,New,18-24
C10210,Regular,55+
C10211,Loyal,25-34
C10212,Regular,18-24
C10213,New,18-24
C10214,Regular,25-34
C10215,Loyal,18-24
C10216,Regular,25-34
C10217,Regular,25-34
C10218,New,25-34
C10219,Regular,18-24
C10220,New,25-34
C10221,Regular,35-44
C10222,Regular,18-24
C10223,Loyal,25-34
C10224,New,25-34
C10225,New,25-34
C10226,Regular,35-44
C10227,Regular,35-44
C10228,Regular,35-44
C10229,New,18-24
C10230,New,25-34
C10231,Regular,25-34
C10232,Regular,25-34
C10233,Loyal,25-34
C10234,Regular,25-34
C10235,Regular,35-44
C10236,Regular,18-24
C10237,Regular,55+
C10238,Regular,18-24
C10239,Loyal,35-44
C10240,New,25-34
C10241,Regular,45-54
C10242,New,18-24
C10243,Regular,25-34
C10244,New,25-34
C10245,New,55+
C10246,Loyal,55+
C10247,New,18-24
C10248,Regular,35-44
C10249,Loyal,25-34
C10250,New,18-24
C10251,Regular,18-24
C10252,New,55+
C10253,New,25-34
C10254,Regular,18-24
C10255,Loyal,25-34
C10256,New,25-34
C10257,Regular,25-34
C10258,Regular,25-34
C10259,Loyal,25-34
C10260,New,18-24
C10261,Regular,25-34
C10262,Regular,18-24
C10263,Regular,45-54
C10264,Loyal,18-24
C10265,Loyal,35-44
C10266,New,25-34
C10267,Regular,25-34
C10268,Regular,25-34
C10269,New,35-44
C10270,Regular,45-54
C10271,Regular,25-34
C10272,Regular,25-34
C10273,Loyal,35-44
C10274,New,18-24
C10275,Loyal,35-44
C10276,Regular,18-24
C10277,Regular,35-44
C10278,Loyal,25-34
C10279,Regular,18-24
C10280,Regular,35-44
C10281,Regular,25-34
C10282,Regular,25-34
C10283,Loyal,25-34
C10284,Loyal,25-34
C10285,New,18-24
C10286,New,55+
C10287,Regular,35-44
C10288,New,18-24
C10289,Regular,45-54
C10290,New,25-34
C10291,Regular,35-44
C10292,New,25-34
C10293,New,35-44
C10294,Regular,35-44
C10295,Regular,25-34
C10296,Loyal,25-34
C10297,Loyal,25-34
C10298,Regular,25-34
C10299,New,18-24
C10300,Loyal,25-34
C10301,Loyal,35-44
C10302,Loyal,45-54
C10303,New,25-34
C10304,Loyal,25-34
C10305,New,45-54
C10306,Regular,45-54
C10307,Loyal,25-34
C10308,New,18-24
C10309,Loyal,35-44
C10310,New,35-44
C10311,Loyal,18-24
C10312,New,35-44
C10313,Loyal,35-44
C10314,New,25-34
C10315,Regular,35-44
C10316,Regular,25-34
C10317,Regular,35-44
C10318,New,25-34
C10319,Regular,25-34
C10320,New,35-44
C10321,Regular,35-44
C10322,New,55+
C10323,Loyal,25-34
C10324,New,18-24
C10325,New,55+
C10326,New,35-44
C10327,Regular,55+
C10328,New,18-24
C10329,Regular,25-34
C10330,Loyal,18-24
C10331,Regular,45-54
C10332,Regular,45-54
C10333,New,25-34
C10334,Regular,18-24
C10335,New,18-24
C10336,Regular,35-44
C10337,New,25-34
C10338,Regular,35-44
C10339,Regular,25-34
C10340,Loyal,25-34
C10341,New,18-24
C10342,Regular,35-44
C10343,New,25-34
C10344,Regular,45-54
C10345,Loyal,35-44
C10346,Regular,25-34
C10347,Regular,25-34
C10348,Loyal,45-54
C10349,Regular,18-24
C10350,Regular,25-34
C10351,Regular,55+
C10352,Regular,35-44
C10353,New,25-34
C10354,Loyal,25-34
C10355,Regular,45-54
C10356,New,25-34
C10357,Regular,25-34
C10358,Regular,18-24
C10359,New,18-24
C10360,Regular,55+
C10361,Loyal,35-44
C10362,Loyal,35-44
C10363,Loyal,55+
C10364,Loyal,25-34
C10365,New,18-24
C10366,Regular,35-44
C10367,Loyal,25-34
C10368,Regular,25-34
C10369,Regular,18-24
C10370,Regular,25-34
C10371,Regular,25-34
C10372,Loyal,25-34
C10373,Regular,25-34
C10374,Regular,25-34
C10375,Loyal,25-34
C10376,Regular,25-34
C10377,New,55+
C10378,Regular,55+
C10379,Loyal,25-34
C10380,Regular,55+
C10381,Regular,55+
C10382,Regular,25-34
C10383,New,25-34
C10384,Loyal,55+
C10385,Loyal,35-44
C10386,New,25-34
C10387,New,35-44
C10388,Loyal,25-34
C10389,Loyal,25-34
C10390,Loyal,25-34
C10391,Loyal,25-34
C10392,Regular,18-24
C10393,Regular,45-54
C10394,Regular,25-34
C10395,New,18-24
C10396,Regular,18-24
C10397,Regular,25-34
C10398,Regular,55+
C10399,Regular,18-24
C10400,Regular,18-24
C10401,New,25-34
C10402,New,25-34
C10403,New,25-34
C10404,New,25-34
C10405,Loyal,25-34
C10406,New,25-34
C10407,New,45-54
C10408,Regular,18-24
C10409,Regular,25-34
C10410,New,45-54
C10411,Regular,45-54
C10412,Regular,18-24
C10413,New,55+
C10414,New,35-44
C10415,Loyal,25-34
C10416,Loyal,25-34
C10417,Regular,25-34
C10418,New,18-24
C10419,Regular,25-34
C10420,Regular,35-44
C10421,New,45-54
C10422,Regular,25-34
C10423,Regular,25-34
C10424,Regular,25-34
C10425,Regular,35-44
C10426,Loyal,35-44
C10427,Regular,25-34
C10428,Loyal,35-44
C10429,New,25-34
C10430,Loyal,35-44
C10431,New,18-24
C10432,New,25-34
C10433,Regular,25-34
C10434,Regular,45-54
C10435,Loyal,25-34
C10436,Regular,55+
C10437,New,18-24
C10438,Regular,25-34
C10439,Regular,25-34
C10440,Regular,35-44
C10441,Regular,45-54
C10442,Regular,45-54
C10443,Loyal,35-44
C10444,Loyal,35-44
C10445,New,55+
C10446,Regular,25-34
C10447,Regular,45-54
C10448,Regular,45-54
C10449,Regular,25-34
C10450,Loyal,35-44
C10451,Regular,25-34
C10452,Loyal,18-24
C10453,Loyal,35-44
C10454,Loyal,18-24
C10455,Loyal,25-34
C10456,Regular,45-54
C10457,New,18-24
C10458,Regular,18-24
C10459,New,35-44
C10460,Regular,25-34
C10461,Regular,25-34
C10462,Regular,25-34
C10463,Loyal,18-24
C10464,Loyal,18-24
C10465,New,45-54
C10466,Regular,25-34
C10467,Regular,25-34
C10468,Regular,55+
C10469,Regular,45-54
C10470,Regular,18-24
C10471,Regular,25-34
C10472,Loyal,35-44
C10473,Loyal,35-44
C10474,New,35-44
C10475,Regular,25-34
C10476,Regular,18-24
C10477,New,25-34
C10478,New,35-44
C10479,Regular,35-44
C10480,Regular,18-24
C10481,New,18-24
C10482,Regular,55+
C10483,Regular,18-24
C10484,New,25-34
C10485,New,35-44
C10486,Loyal,25-34
C10487,New,18-24
C10488,Loyal,25-34
C10489,Regular,25-34
C10490,Regular,25-34
C10491,New,45-54
C10492,New,25-34
C10493,New,35-44
C10494,New,18-24
C10495,Regular,25-34
C10496,New,35-44
C10497,Regular,25-34
C10498,Regular,35-44
C10499,New,18-24
C10500,New,18-24
C10501,New,25-34
C10502,New,35-44
C10503,Regular,18-24
C10504,New,45-54
C10505,Regular,25-34
C10506,Regular,18-24
C10507,Regular,25-34
C10508,Regular,18-24
C10509,Regular,18-24
C10510,New,35-44
C10511,New,25-34
C10512,Regular,25-34
C10513,Regular,55+
C10514,Regular,25-34
C10515,Regular,18-24
C10516,Regular,25-34
C10517,Regular,25-34
C10518,Regular,25-34
C10519,Regular,25-34
C10520,Regular,25-34
C10521,Regular,35-44
C10522,Regular,35-44
C10523,Loyal,35-44
C10524,Regular,25-34
C10525,Regular,18-24
C10526,Regular,25-34
C10527,Regular,18-24
C10528,New,18-24
C10529,Loyal,25-34
C10530,New,25-34
C10531,Regular,35-44
C10532,Regular,25-34
C10533,Loyal,55+
C10534,New,35-44
C10535,Regular,18-24
C10536,Regular,25-34
C10537,Regular,25-34
C10538,New,35-44
C10539,Regular,25-34
C10540,Regular,25-34
C10541,New,25-34
C10542,Regular,25-34
C10543,Regular,55+
C10544,Regular,25-34
C10545,Loyal,18-24
C10546,Regular,18-24
C10547,Loyal,45-54
C10548,Loyal,35-44
C10549,New,35-44
C10550,New,45-54
C10551,Regular,45-54
C10552,Regular,25-34
C10553,Regular,18-24
C10554,Regular,18-24
C10555,Regular,25-34
C10556,Regular,25-34
C10557,New,25-34
C10558,Loyal,25-34
C10559,New,35-44
C10560,Loyal,18-24
C10561,New,18-24
C10562,Loyal,35-44
C10563,New,18-24
C10564,New,35-44
C10565,New,25-34
C10566,Regular,55+
C10567,Loyal,45-54
C10568,Regular,25-34
C10569,Loyal,35-44
C10570,Regular,18-24
C10571,Regular,25-34
C10572,Loyal,35-44
C10573,New,35-44
C10574,Regular,25-34
C10575,Loyal,18-24
C10576,Loyal,45-54
C10577,Loyal,25-34
C10578,Loyal,45-54
C10579,New,35-44
C10580,Loyal,25-34
C10581,Regular,18-24
C10582,Loyal,25-34
C10583,Regular,45-54
C10584,Regular,45-54
C10585,Regular,25-34
C10586,Regular,25-34
C10587,New,35-44
C10588,Loyal,25-34
C10589,Loyal,35-44
C10590,New,25-34
C10591,Regular,45-54
C10592,Regular,35-44
C10593,Regular,25-34
C10594,New,45-54
C10595,Loyal,25-34
C10596,Regular,18-24
C10597,Regular,18-24
C10598,Regular,35-44
C10599,New,45-54
C10600,Regular,45-54
C10601,New,35-44
C10602,New,18-24
C10603,Regular,18-24
C10604,Loyal,25-34
C10605,Regular,45-54
C10606,New,55+
C10607,Regular,25-34
C10608,Loyal,35-44
C10609,Regular,25-34
C10610,Loyal,18-24
C10611,Regular,25-34
C10612,Regular,45-54
C10613,New,25-34
C10614,Regular,45-54
C10615,Regular,25-34
C10616,Regular,18-24
C10617,Loyal,18-24
C10618,Loyal,45-54
C10619,New,25-34
C10620,New,35-44
C10621,Regular,25-34
C10622,New,25-34
C10623,Regular,45-54
C10624,Loyal,25-34
C10625,Loyal,45-54
C10626,Regular,18-24
C10627,Loyal,35-44
C10628,Regular,35-44
C10629,New,45-54
C10630,Regular,25-34
C10631,Regular,35-44
C10632,Regular,25-34
C10633,New,25-34
C10634,Regular,18-24
C10635,Regular,18-24
C10636,Loyal,45-54
C10637,Regular,35-44
C10638,Regular,25-34
C10639,Regular,45-54
C10640,New,18-24
C10641,Regular,35-44
C10642,Loyal,45-54
C10643,Regular,45-54
C10644,Loyal,25-34
C10645,New,35-44
C10646,New,25-34
C10647,Loyal,45-54
C10648,Loyal,25-34
C10649,Loyal,35-44
C10650,Regular,18-24
C10651,Loyal,35-44
C10652,Loyal,25-34
C10653,Loyal,35-44
C10654,Regular,35-44
C10655,Regular,45-54
C10656,Loyal,35-44
C10657,Regular,25-34
C10658,Regular,45-54
C10659,Regular,18-24
C10660,Regular,35-44
C10661,Regular,45-54
C10662,New,18-24
C10663,Loyal,45-54
C10664,Regular,35-44
C10665,Regular,25-34
C10666,New,25-34
C10667,New,25-34
C10668,New,55+
C10669,Regular,25-34
C10670,New,25-34
C10671,Loyal,18-24
C10672,New,25-34
C10673,New,35-44
C10674,New,25-34
C10675,New,55+
C10676,Regular,25-34
C10677,Loyal,25-34
C10678,Regular,18-24
C10679,New,55+
C10680,New,18-24
C10681,Regular,25-34
C10682,Loyal,25-34
C10683,New,25-34
C10684,Regular,35-44
C10685,Regular,35-44
C10686,New,18-24
C10687,Regular,25-34
C10688,New,35-44
C10689,Regular,25-34
C10690,New,18-24
C10691,Regular,25-34
C10692,New,25-34
C10693,Loyal,18-24
C10694,New,25-34
C10695,Loyal,25-34
C10696,Loyal,18-24
C10697,Loyal,35-44
C10698,Regular,55+
C10699,Regular,55+
C10700,Regular,45-54
C10701,New,25-34
C10702,Regular,18-24
C10703,New,45-54
C10704,Loyal,18-24
C10705,New,25-34
C10706,Regular,25-34
C10707,Regular,18-24
C10708,Regular,45-54
C10709,Regular,35-44
C10710,New,35-44
C10711,Regular,45-54
C10712,New,25-34
C10713,Loyal,35-44
C10714,Regular,25-34
C10715,Loyal,35-44
C10716,New,18-24
C10717,New,35-44
C10718,New,55+
C10719,New,18-24
C10720,New,18-24
C10721,Regular,18-24
C10722,New,25-34
C10723,Regular,25-34
C10724,Loyal,45-54
C10725,Regular,25-34
C10726,Regular,25-34
C10727,Regular,35-44
C10728,Regular,25-34
C10729,New,25-34
C10730,Regular,35-44
C10731,Regular,35-44
C10732,Loyal,18-24
C10733,Regular,18-24
C10734,Regular,25-34
C10735,Regular,25-34
C10736,New,25-34
C10737,Regular,35-44
C10738,Regular,45-54
C10739,New,18-24
C10740,New,25-34
C10741,New,25-34
C10742,Regular,25-34
C10743,New,35-44
C10744,Regular,45-54
C10745,Regular,18-24
C10746,Regular,18-24
C10747,Loyal,35-44
C10748,Loyal,25-34
C10749,Regular,18-24
C10750,New,18-24
C10751,Regular,25-34
C10752,Regular,25-34
C10753,Regular,55+
C10754,Regular,25-34
C10755,New,25-34
C10756,Regular,35-44
C10757,New,25-34
C10758,Regular,25-34
C10759,Regular,25-34
C10760,Regular,25-34
C10761,New,35-44
C10762,Regular,25-34
C10763,Regular,45-54
C10764,New,35-44
C10765,Regular,25-34
C10766,Regular,18-24
C10767,Regular,25-34
C10768,Regular,25-34
C10769,Regular,25-34
C10770,Regular,18-24
C10771,Regular,45-54
C10772,Regular,18-24
C10773,Regular,25-34
C10774,New,18-24
C10775,New,25-34
C10776,New,45-54
C10777,New,35-44
C10778,Regular,25-34
C10779,Regular,45-54
C10780,New,45-54
C10781,Loyal,35-44
C10782,Regular,45-54
C10783,Loyal,35-44
C10784,Regular,25-34
C10785,Regular,25-34
C10786,New,25-34
C10787,New,25-34
C10788,New,45-54
C10789,Regular,35-44
C10790,Regular,45-54
C10791,Regular,25-34
C10792,Regular,35-44
C10793,Loyal,35-44
C10794,New,35-44
C10795,New,35-44
C10796,Regular,25-34
C10797,Regular,18-24
C10798,Regular,55+
C10799,Regular,18-24
C10800,New,25-34
C10801,Regular,25-34
C10802,Loyal,25-34
C10803,New,35-44
C10804,Loyal,35-44
C10805,Loyal,45-54
C10806,New,25-34
C10807,New,25-34
C10808,Regular,45-54
C10809,Regular,55+
C10810,Regular,55+
C10811,Regular,35-44
C10812,Regular,18-24
C10813,New,18-24
C10814,Loyal,45-54
C10815,Regular,45-54
C10816,Regular,35-44
C10817,Loyal,25-34
C10818,Regular,35-44
C10819,New,25-34
C10820,Regular,25-34
C10821,Regular,25-34
C10822,New,45-54
C10823,Loyal,25-34
C10824,New,25-34
C10825,Regular,25-34
C10826,Regular,35-44
C10827,New,25-34
C10828,Loyal,45-54
C10829,Loyal,18-24
C10830,Regular,25-34
C10831,New,35-44
C10832,New,25-34
C10833,Regular,18-24
C10834,New,25-34
C10835,Regular,35-44
C10836,Loyal,18-24
C10837,Regular,25-34
C10838,Loyal,45-54
C10839,Regular,25-34
C10840,Regular,18-24
C10841,Loyal,25-34
C10842,Regular,35-44
C10843,Loyal,18-24
C10844,New,45-54
C10845,New,35-44
C10846,Loyal,25-34
C10847,Regular,45-54
C10848,Loyal,25-34
C10849,Loyal,25-34
C10850,New,35-44
C10851,Regular,25-34
C10852,Regular,25-34
C10853,Regular,25-34
C10854,Regular,25-34
C10855,New,25-34
C10856,Regular,35-44
C10857,Regular,35-44
C10858,New,25-34
C10859,Loyal,25-34
C10860,Regular,25-34
C10861,Loyal,25-34
C10862,Regular,18-24
C10863,New,25-34
C10864,Regular,25-34
C10865,New,25-34
C10866,Loyal,35-44
C10867,New,25-34
C10868,Regular,55+
C10869,Regular,45-54
C10870,Regular,55+
C10871,New,45-54
C10872,Regular,35-44
C10873,Regular,35-44
C10874,New,18-24
C10875,Loyal,35-44
C10876,New,35-44
C10877,Regular,25-34
C10878,Regular,35-44
C10879,New,25-34
C10880,Loyal,25-34
C10881,Regular,25-34
C10882,New,35-44
C10883,Regular,45-54
C10884,Regular,45-54
C10885,Regular,35-44
C10886,Regular,18-24
C10887,New,45-54
C10888,New,25-34
C10889,Loyal,45-54
C10890,New,18-24
C10891,Loyal,25-34
C10892,New,35-44
C10893,Loyal,35-44
C10894,Regular,25-34
C10895,Regular,35-44
C10896,New,25-34
C10897,New,25-34
C10898,New,35-44
C10899,New,25-34
C10900,New,35-44
C10901,Regular,18-24
C10902,Regular,25-34
C10903,Regular,25-34
C10904,Regular,25-34
C10905,Regular,25-34
C10906,Regular,35-44
C10907,Regular,55+
C10908,Regular,45-54
C10909,Loyal,35-44
C10910,New,25-34
C10911,New,25-34
C10912,Regular,18-24
C10913,New,25-34
C10914,Loyal,45-54
C10915,Loyal,25-34
C10916,New,25-34
C10917,New,25-34
C10918,Regular,25-34
C10919,Regular,18-24
C10920,New,35-44
C10921,Regular,25-34
C10922,Regular,35-44
C10923,Regular,25-34
C10924,New,35-44
C10925,Regular,35-44
C10926,New,35-44
C10927,Loyal,25-34
C10928,Regular,25-34
C10929,Regular,55+
C10930,Loyal,18-24
C10931,Loyal,18-24
C10932,Regular,25-34
C10933,New,35-44
C10934,Regular,18-24
C10935,Regular,35-44
C10936,New,25-34
C10937,Loyal,25-34
C10938,New,25-34
C10939,New,25-34
C10940,New,18-24
C10941,Regular,18-24
C10942,Regular,25-34
C10943,New,35-44
C10944,Regular,35-44
C10945,Regular,25-34
C10946,Regular,25-34
C10947,New,25-34
C10948,Loyal,25-34
C10949,New,18-24
C10950,Loyal,45-54
C10951,New,35-44
C10952,Regular,35-44
C10953,New,25-34
C10954,New,35-44
C10955,Loyal,35-44
C10956,Loyal,18-24
C10957,Regular,45-54
C10958,Regular,25-34
C10959,Regular,18-24
C10960,Loyal,18-24
C10961,New,35-44
C10962,Regular,35-44
C10963,Regular,35-44
C10964,Regular,45-54
C10965,Loyal,25-34
C10966,New,25-34
C10967,New,35-44
C10968,Regular,55+
C10969,Regular,25-34
C10970,New,55+
C10971,Regular,18-24
C10972,Loyal,35-44
C10973,New,35-44
C10974,Regular,45-54
C10975,Regular,18-24
C10976,Regular,18-24
C10977,Loyal,18-24
C10978,Regular,35-44
C10979,Regular,35-44
C10980,Regular,45-54
C10981,Regular,25-34
C10982,Regular,18-24
C10983,Loyal,25-34
C10984,Regular,18-24
C10985,New,35-44
C10986,New,45-54
C10987,New,55+
C10988,New,25-34
C10989,Loyal,18-24
C10990,Regular,25-34
C10991,Regular,35-44
C10992,Regular,55+
C10993,Loyal,18-24
C10994,Regular,18-24
C10995,Loyal,35-44
C10996,Regular,35-44
C10997,Loyal,25-34
C10998,Regular,45-54
C10999,New,18-24
C11000,Regular,45-54
C11001,Regular,25-34
C11002,New,18-24
C11003,Regular,25-34
C11004,New,18-24
C11005,New,25-34
C11006,Loyal,35-44
C11007,Regular,25-34
C11008,Loyal,35-44
C11009,Regular,25-34
C11010,Regular,18-24
C11011,Regular,55+
C11012,Regular,45-54
C11013,Loyal,18-24
C11014,New,25-34
C11015,Loyal,35-44
C11016,Loyal,18-24
C11017,Regular,25-34
C11018,Loyal,25-34
C11019,Regular,25-34
C11020,Loyal,18-24
C11021,Regular,35-44
C11022,New,25-34
C11023,Loyal,25-34
C11024,Regular,35-44
C11025,Regular,35-44
C11026,Regular,25-34
C11027,New,45-54
C11028,Regular,35-44
C11029,Loyal,25-34
C11030,New,25-34
C11031,New,35-44
C11032,New,25-34
C11033,Regular,25-34
C11034,Regular,35-44
C11035,Regular,25-34
C11036,Loyal,35-44
C11037,Regular,25-34
C11038,New,18-24
C11039,Loyal,25-34
C11040,Regular,25-34
C11041,Regular,35-44
C11042,Regular,35-44
C11043,Loyal,25-34
C11044,Regular,55+
C11045,Regular,18-24
C11046,Regular,25-34
C11047,New,25-34
C11048,Regular,25-34
C11049,Regular,35-44
C11050,New,18-24
C11051,New,18-24
C11052,New,25-34
C11053,Regular,35-44
C11054,Loyal,45-54
C11055,Loyal,35-44
C11056,Regular,18-24
C11057,Regular,25-34
C11058,Loyal,18-24
C11059,New,25-34
C11060,Regular,45-54
C11061,Regular,25-34
C11062,New,18-24
C11063,Loyal,25-34
C11064,Loyal,18-24
C11065,New,25-34
C11066,New,25-34
C11067,New,25-34
C11068,Regular,55+
C11069,Regular,25-34
C11070,Regular,45-54
C11071,New,35-44
C11072,Loyal,35-44
C11073,Regular,25-34
C11074,New,18-24
C11075,New,35-44
C11076,Regular,25-34
C11077,Regular,18-24
C11078,New,25-34
C11079,New,35-44
C11080,Loyal,55+
C11081,Loyal,25-34
C11082,Regular,25-34
C11083,Regular,45-54
C11084,Regular,25-34
C11085,Regular,18-24
C11086,Regular,25-34
C11087,Loyal,45-54
C11088,Regular,18-24
C11089,Regular,25-34
C11090,Regular,25-34
C11091,Loyal,45-54
C11092,Regular,55+
C11093,New,25-34
C11094,Regular,55+
C11095,Regular,18-24
C11096,New,18-24
C11097,Regular,55+
C11098,Loyal,25-34
C11099,Regular,18-24
C11100,Loyal,25-34
C11101,New,35-44
C11102,Loyal,45-54
C11103,Regular,45-54
C11104,Regular,25-34
C11105,Regular,45-54
C11106,New,25-34
C11107,Regular,35-44
C11108,Regular,35-44
C11109,New,25-34
C11110,Regular,18-24
C11111,Regular,25-34
C11112,New,35-44
C11113,New,18-24
C11114,Regular,18-24
C11115,Regular,25-34
C11116,Loyal,18-24
C11117,Loyal,35-44
C11118,Regular,25-34
C11119,Regular,18-24
C11120,Regular,35-44
C11121,Regular,45-54
C11122,New,18-24
C11123,Regular,25-34
C11124,Regular,55+
C11125,New,25-34
C11126,Regular,55+
C11127,Loyal,25-34
C11128,Regular,25-34
C11129,Regular,25-34
C11130,Loyal,18-24
C11131,Regular,45-54
C11132,New,55+
C11133,Regular,55+
C11134,Regular,45-54
C11135,Regular,45-54
C11136,New,35-44
C11137,New,45-54
C11138,Loyal,25-34
C11139,Regular,25-34
C11140,Loyal,35-44
C11141,Regular,45-54
C11142,Loyal,35-44
C11143,New,45-54
C11144,Regular,25-34
C11145,New,35-44
C11146,Regular,55+
C11147,Regular,18-24
C11148,Regular,45-54
C11149,Loyal,25-34
C11150,Loyal,35-44
C11151,New,45-54
C11152,Regular,25-34
C11153,Regular,25-34
C11154,Regular,25-34
C11155,Loyal,18-24
C11156,New,25-34
C11157,Loyal,25-34
C11158,New,45-54
C11159,Regular,18-24
C11160,Regular,25-34
C11161,New,55+
C11162,Regular,45-54
C11163,Loyal,35-44
C11164,Regular,35-44
C11165,Regular,25-34
C11166,Regular,25-34
C11167,New,18-24
C11168,New,35-44
C11169,Regular,25-34
C11170,New,35-44
C11171,Loyal,25-34
C11172,Regular,25-34
C11173,Loyal,25-34
C11174,Regular,45-54
C11175,Loyal,25-34
C11176,Regular,25-34
C11177,Regular,18-24
C11178,Loyal,18-24
C11179,Regular,35-44
C11180,New,18-24
C11181,Regular,18-24
C11182,Loyal,45-54
C11183,Regular,25-34
C11184,Regular,18-24
C11185,Regular,18-24
C11186,Loyal,18-24
C11187,New,25-34
C11188,Regular,35-44
C11189,New,35-44
C11190,Regular,18-24
C11191,Regular,35-44
C11192,New,25-34
C11193,New,25-34
C11194,Regular,45-54
C11195,New,25-34
C11196,New,18-24
C11197,Loyal,45-54
C11198,Regular,25-34
C11199,Regular,25-34
C11200,Loyal,35-44
C11201,New,35-44
C11202,Regular,45-54
C11203,Regular,18-24
C11204,Regular,25-34
C11205,Loyal,18-24
C11206,Loyal,25-34
C11207,Regular,25-34
C11208,New,35-44
C11209,New,18-24
C11210,Regular,18-24
C11211,New,25-34
C11212,Regular,55+
C11213,Regular,45-54
C11214,New,55+
C11215,Loyal,25-34
C11216,New,18-24
C11217,Regular,25-34
C11218,Regular,35-44
C11219,Regular,18-24
C11220,Regular,25-34
C11221,New,18-24
C11222,Regular,25-34
C11223,Regular,25-34
C11224,Loyal,18-24
C11225,Regular,25-34
C11226,Regular,25-34
C11227,Regular,25-34
C11228,Loyal,35-44
C11229,New,18-24
C11230,Regular,35-44
C11231,Regular,18-24
C11232,Regular,25-34
C11233,New,35-44
C11234,Regular,55+
C11235,New,25-34
C11236,Regular,18-24
C11237,Regular,25-34
C11238,Loyal,25-34
C11239,Regular,25-34
C11240,New,18-24
C11241,New,25-34
C11242,Loyal,18-24
C11243,New,35-44
C11244,Regular,35-44
C11245,New,18-24
C11246,Regular,45-54
C11247,Regular,35-44
C11248,Regular,25-34
C11249,Regular,18-24
C11250,Loyal,35-44
C11251,Regular,25-34
C11252,Regular,45-54
C11253,Loyal,18-24
C11254,Loyal,18-24
C11255,Regular,55+
C11256,Loyal,55+
C11257,New,18-24
C11258,Regular,35-44
C11259,Loyal,25-34
C11260,New,35-44
C11261,New,45-54
C11262,New,18-24
C11263,Regular,25-34
C11264,Regular,18-24
C11265,Regular,18-24
C11266,Loyal,18-24
C11267,Regular,45-54
C11268,New,25-34
C11269,Loyal,25-34
C11270,New,35-44
C11271,New,25-34
C11272,New,25-34
C11273,Regular,18-24
C11274,New,25-34
C11275,New,18-24
C11276,New,35-44
C11277,New,25-34
C11278,Regular,35-44
C11279,Loyal,35-44
C11280,Regular,35-44
C11281,New,25-34
C11282,New,25-34
C11283,Loyal,45-54
C11284,New,18-24
C11285,Loyal,18-24
C11286,New,35-44
C11287,Loyal,45-54
C11288,Regular,25-34
C11289,Regular,35-44
C11290,Regular,25-34
C11291,Regular,18-24
C11292,New,35-44
C11293,Regular,45-54
C11294,Regular,55+
C11295,New,18-24
C11296,New,35-44
C11297,Regular,25-34
C11298,New,18-24
C11299,Regular,35-44
C11300,New,18-24
C11301,Regular,25-34
C11302,New,25-34
C11303,Regular,25-34
C11304,New,25-34
C11305,New,25-34
C11306,New,25-34
C11307,Loyal,25-34
C11308,New,35-44
C11309,Regular,45-54
C11310,New,25-34
C11311,New,25-34
C11312,Regular,35-44
C11313,Regular,25-34
C11314,Loyal,25-34
C11315,Loyal,35-44
C11316,Regular,18-24
C11317,Regular,25-34
C11318,Regular,25-34
C11319,Regular,18-24
C11320,Loyal,25-34
C11321,Regular,35-44
C11322,Regular,35-44
C11323,New,18-24
C11324,New,55+
C11325,Loyal,35-44
C11326,New,25-34
C11327,Regular,25-34
C11328,New,25-34
C11329,Loyal,45-54
C11330,New,25-34
C11331,Loyal,35-44
C11332,New,25-34
C11333,Loyal,25-34
C11334,Regular,25-34
C11335,New,35-44
C11336,Regular,25-34
C11337,New,18-24
C11338,New,25-34
C11339,Loyal,45-54
C11340,Regular,35-44
C11341,Regular,25-34
C11342,New,45-54
C11343,Regular,18-24
C11344,Loyal,18-24
C11345,Regular,18-24
C11346,Loyal,18-24
C11347,Loyal,18-24
C11348,New,35-44
C11349,New,35-44
C11350,Loyal,35-44
C11351,Regular,35-44
C11352,New,35-44
C11353,New,25-34
C11354,Regular,35-44
C11355,Regular,35-44
C11356,New,55+
C11357,New,25-34
C11358,Loyal,18-24
C11359,Regular,35-44
C11360,Regular,35-44
C11361,Regular,25-34
C11362,Regular,25-34
C11363,Regular,18-24
C11364,Regular,55+
C11365,New,18-24
C11366,Regular,18-24
C11367,Regular,18-24
C11368,Loyal,25-34
C11369,Regular,18-24
C11370,Loyal,35-44
C11371,Loyal,45-54
C11372,New,25-34
C11373,Regular,35-44
C11374,Regular,18-24
C11375,Loyal,25-34
C11376,Regular,25-34
C11377,Regular,25-34
C11378,Regular,35-44
C11379,New,18-24
C11380,New,45-54
C11381,Regular,35-44
C11382,Regular,35-44
C11383,Regular,55+
C11384,Regular,55+
C11385,New,25-34
C11386,Regular,25-34
C11387,New,25-34
C11388,Loyal,35-44
C11389,Loyal,25-34
C11390,Regular,55+
C11391,New,25-34
C11392,New,25-34
C11393,Regular,25-34
C11394,Regular,45-54
C11395,Regular,18-24
C11396,New,25-34
C11397,Regular,25-34
C11398,Regular,18-24
C11399,Regular,25-34
C11400,Regular,25-34
C11401,New,18-24
C11402,Regular,25-34
C11403,Loyal,55+
C11404,Regular,55+
C11405,Loyal,25-34
C11406,Regular,25-34
C11407,New,25-34
C11408,Regular,55+
C11409,Regular,25-34
C11410,Regular,25-34
C11411,New,18-24
C11412,Regular,25-34
C11413,New,18-24
C11414,New,35-44
C11415,Regular,25-34
C11416,New,25-34
C11417,Loyal,25-34
C11418,Regular,45-54
C11419,Regular,18-24
C11420,Regular,25-34
C11421,Regular,35-44
C11422,New,45-54
C11423,Loyal,25-34
C11424,Regular,25-34
C11425,Loyal,25-34
C11426,Regular,45-54
C11427,New,18-24
C11428,Regular,25-34
C11429,New,18-24
C11430,Regular,18-24
C11431,New,18-24
C11432,Regular,55+
C11433,Loyal,25-34
C11434,Regular,55+
C11435,Loyal,25-34
C11436,Regular,55+
C11437,Regular,35-44
C11438,Loyal,18-24
C11439,Loyal,35-44
C11440,Regular,25-34
C11441,New,25-34
C11442,Regular,25-34
C11443,New,25-34
C11444,Regular,35-44
C11445,Regular,35-44
C11446,Loyal,25-34
C11447,Loyal,45-54
C11448,Regular,55+
C11449,New,18-24
C11450,Loyal,18-24
C11451,New,25-34
C11452,Regular,35-44
C11453,New,25-34
C11454,Regular,25-34
C11455,Loyal,35-44
C11456,New,35-44
C11457,Regular,18-24
C11458,New,45-54
C11459,Loyal,35-44
C11460,Loyal,25-34
C11461,New,35-44
C11462,New,18-24
C11463,Regular,25-34
C11464,Regular,18-24
C11465,Regular,18-24
C11466,New,25-34
C11467,New,18-24
C11468,Regular,35-44
C11469,New,35-44
C11470,Loyal,18-24
C11471,New,18-24
C11472,New,35-44
C11473,Loyal,18-24
C11474,Regular,25-34
C11475,Regular,25-34
C11476,New,45-54
C11477,Regular,45-54
C11478,Regular,35-44
C11479,New,25-34
C11480,Loyal,35-44
C11481,Regular,25-34
C11482,Regular,25-34
C11483,Regular,25-34
C11484,Regular,35-44
C11485,New,18-24
C11486,Regular,18-24
C11487,Regular,35-44
C11488,Regular,45-54
C11489,Regular,35-44
C11490,Regular,25-34
C11491,Loyal,45-54
C11492,New,35-44
C11493,Regular,25-34
C11494,Regular,25-34
C11495,Regular,18-24
C11496,Regular,25-34
C11497,New,25-34
C11498,Regular,25-34
C11499,New,25-34
C11500,Loyal,18-24
C11501,New,45-54
C11502,Loyal,18-24
C11503,Regular,25-34
C11504,Regular,35-44
C11505,Regular,25-34
C11506,Loyal,25-34
C11507,Loyal,25-34
C11508,New,45-54
C11509,Regular,55+
C11510,Regular,35-44
C11511,New,35-44
C11512,Regular,18-24
C11513,Loyal,45-54
C11514,Regular,55+
C11515,Regular,25-34
C11516,Regular,35-44
C11517,Regular,25-34
C11518,New,25-34
C11519,Regular,45-54
C11520,Loyal,35-44
C11521,Regular,25-34
C11522,New,35-44
C11523,New,45-54
C11524,New,35-44
C11525,Regular,25-34
C11526,Regular,25-34
C11527,New,55+
C11528,Loyal,25-34
C11529,Regular,55+
C11530,Regular,45-54
C11531,Loyal,35-44
C11532,New,25-34
C11533,Loyal,25-34
C11534,New,35-44
C11535,Regular,25-34
C11536,Loyal,35-44
C11537,Loyal,35-44
C11538,Regular,25-34
C11539,Regular,35-44
C11540,Regular,25-34
C11541,Loyal,25-34
C11542,New,25-34
C11543,Loyal,45-54
C11544,Regular,25-34
C11545,Regular,25-34
C11546,Regular,25-34
C11547,Regular,25-34
C11548,Loyal,25-34
C11549,Regular,18-24
C11550,Loyal,45-54
C11551,New,25-34
C11552,Regular,35-44
C11553,Loyal,18-24
C11554,Regular,55+
C11555,Regular,25-34
C11556,Regular,45-54
C11557,Loyal,35-44
C11558,Loyal,35-44
C11559,New,45-54
C11560,Loyal,18-24
C11561,Regular,35-44
C11562,New,25-34
C11563,Loyal,35-44
C11564,Regular,55+
C11565,Loyal,45-54
C11566,New,18-24
C11567,New,25-34
C11568,Regular,25-34
C11569,New,18-24
C11570,Regular,18-24
C11571,New,25-34
C11572,Regular,55+
C11573,New,25-34
C11574,New,35-44
C11575,Regular,25-34
C11576,New,35-44
C11577,Regular,55+
C11578,Loyal,35-44
C11579,Regular,18-24
C11580,Loyal,25-34
C11581,New,55+
C11582,New,25-34
C11583,Loyal,35-44
C11584,Regular,18-24
C11585,Regular,18-24
C11586,Regular,45-54
C11587,Regular,25-34
C11588,New,25-34
C11589,Regular,25-34
C11590,Regular,55+
C11591,Regular,18-24
C11592,Loyal,45-54
C11593,Regular,25-34
C11594,New,45-54
C11595,Loyal,55+
C11596,Regular,25-34
C11597,Regular,18-24
C11598,New,18-24
C11599,New,35-44
C11600,Regular,18-24
C11601,Regular,25-34
C11602,Loyal,25-34
C11603,Loyal,25-34
C11604,Loyal,18-24
C11605,Regular,45-54
C11606,Regular,45-54
C11607,Regular,25-34
C11608,New,35-44
C11609,New,35-44
C11610,Regular,35-44
C11611,Loyal,25-34
C11612,New,25-34
C11613,New,35-44
C11614,Loyal,35-44
C11615,New,25-34
C11616,Regular,25-34
C11617,Regular,25-34
C11618,New,25-34
C11619,Loyal,25-34
C11620,New,25-34
C11621,Regular,25-34
C11622,New,45-54
C11623,New,18-24
C11624,New,25-34
C11625,New,25-34
C11626,New,25-34
C11627,Regular,25-34
C11628,Regular,45-54
C11629,Regular,25-34
C11630,Regular,45-54
C11631,Loyal,45-54
C11632,Loyal,35-44
C11633,Regular,35-44
C11634,Loyal,35-44
C11635,New,25-34
C11636,Regular,55+
C11637,Regular,25-34
C11638,Regular,18-24
C11639,Regular,25-34
C11640,Regular,35-44
C11641,Loyal,18-24
C11642,Loyal,45-54
C11643,Regular,25-34
C11644,Regular,45-54
C11645,New,25-34
C11646,New,25-34
C11647,Regular,18-24
C11648,Regular,25-34
C11649,New,25-34
C11650,Loyal,55+
C11651,Regular,25-34
C11652,Regular,35-44
C11653,New,25-34
C11654,New,18-24
C11655,Loyal,25-34
C11656,Regular,18-24
C11657,Loyal,45-54
C11658,Loyal,35-44
C11659,Regular,25-34
C11660,New,35-44
C11661,Loyal,18-24
C11662,Loyal,35-44
C11663,Regular,45-54
C11664,Regular,45-54
C11665,Regular,25-34
C11666,Regular,25-34
C11667,Regular,25-34
C11668,Loyal,55+
C11669,Regular,45-54
C11670,New,25-34
C11671,Regular,35-44
C11672,New,45-54
C11673,New,25-34
C11674,Loyal,45-54
C11675,New,25-34
C11676,New,25-34
C11677,New,18-24
C11678,Regular,25-34
C11679,Regular,45-54
C11680,New,25-34
C11681,New,18-24
C11682,New,25-34
C11683,Regular,25-34
C11684,New,35-44
C11685,Loyal,25-34
C11686,Regular,18-24
C11687,New,35-44
C11688,Regular,45-54
C11689,Regular,25-34
C11690,Regular,35-44
C11691,New,45-54
C11692,Regular,35-44
C11693,Regular,35-44
C11694,Loyal,35-44
C11695,New,25-34
C11696,Regular,35-44
C11697,Regular,45-54
C11698,Loyal,25-34
C11699,Loyal,45-54
C11700,New,35-44
C11701,New,25-34
C11702,Regular,35-44
C11703,New,25-34
C11704,Regular,45-54
C11705,New,25-34
C11706,Regular,45-54
C11707,Loyal,25-34
C11708,Loyal,35-44
C11709,Regular,55+
C11710,Regular,18-24
C11711,Loyal,35-44
C11712,New,18-24
C11713,Regular,45-54
C11714,Regular,35-44
C11715,New,55+
C11716,Regular,45-54
C11717,New,18-24
C11718,Regular,18-24
C11719,New,35-44
C11720,New,25-34
C11721,New,18-24
C11722,Loyal,18-24
C11723,Regular,25-34
C11724,Regular,18-24
C11725,Regular,45-54
C11726,Regular,45-54
C11727,New,35-44
C11728,Regular,18-24
C11729,New,18-24
C11730,New,25-34
C11731,Regular,55+
C11732,New,25-34
C11733,New,25-34
C11734,Regular,18-24
C11735,Regular,35-44
C11736,Regular,35-44
C11737,Regular,18-24
C11738,Regular,25-34
C11739,Regular,35-44
C11740,New,25-34
C11741,Regular,35-44
C11742,Regular,45-54
C11743,New,35-44
C11744,Loyal,35-44
C11745,Loyal,45-54
C11746,New,45-54
C11747,New,25-34
C11748,New,18-24
C11749,New,45-54
C11750,New,25-34
C11751,Regular,45-54
C11752,Loyal,18-24
C11753,Regular,45-54
C11754,New,35-44
C11755,Regular,35-44
C11756,Regular,25-34
C11757,Loyal,55+
C11758,Loyal,25-34
C11759,Loyal,25-34
C11760,Regular,18-24
C11761,Regular,55+
C11762,New,25-34
C11763,Regular,35-44
C11764,New,35-44
C11765,Regular,45-54
C11766,Regular,35-44
C11767,New,25-34
C11768,New,35-44
C11769,New,35-44
C11770,New,18-24
C11771,New,18-24
C11772,New,18-24
C11773,New,25-34
C11774,New,25-34
C11775,Loyal,35-44
C11776,New,55+
C11777,New,25-34
C11778,Regular,35-44
C11779,Loyal,25-34
C11780,Regular,25-34
C11781,New,35-44
C11782,Regular,55+
C11783,Regular,18-24
C11784,Regular,25-34
C11785,Regular,18-24
C11786,Loyal,25-34
C11787,Loyal,35-44
C11788,Regular,45-54
C11789,Regular,35-44
C11790,Regular,25-34
C11791,Loyal,45-54
C11792,New,25-34
C11793,Loyal,35-44
C11794,New,25-34
C11795,Regular,45-54
C11796,Loyal,35-44
C11797,New,45-54
C11798,Regular,25-34
C11799,New,35-44
C11800,Regular,35-44
C11801,New,35-44
C11802,Regular,25-34
C11803,Regular,18-24
C11804,Loyal,25-34
C11805,Loyal,25-34
C11806,New,45-54
C11807,Regular,45-54
C11808,New,18-24
C11809,New,55+
C11810,New,18-24
C11811,Loyal,25-34
C11812,Loyal,25-34
C11813,New,45-54
C11814,New,35-44
C11815,New,25-34
C11816,Regular,35-44
C11817,Regular,18-24
C11818,New,25-34
C11819,Regular,25-34
C11820,New,25-34
C11821,Loyal,45-54
C11822,Regular,35-44
C11823,Regular,25-34
C11824,Regular,25-34
C11825,Loyal,18-24
C11826,New,25-34
C11827,Regular,25-34
C11828,Loyal,25-34
C11829,New,35-44
C11830,New,25-34
C11831,Regular,25-34
C11832,Loyal,55+
C11833,Regular,25-34
C11834,Loyal,25-34
C11835,Regular,25-34
C11836,New,25-34
C11837,Regular,25-34
C11838,Regular,25-34
C11839,New,45-54
C11840,New,35-44
C11841,New,35-44
C11842,Regular,25-34
C11843,Loyal,25-34
C11844,Regular,25-34
C11845,Loyal,18-24
C11846,New,25-34
C11847,Loyal,25-34
C11848,Loyal,18-24
C11849,New,18-24
C11850,Loyal,25-34
C11851,New,25-34
C11852,Loyal,25-34
C11853,Loyal,18-24
C11854,Regular,25-34
C11855,Regular,25-34
C11856,New,18-24
C11857,Regular,25-34
C11858,Regular,18-24
C11859,Regular,35-44
C11860,Regular,25-34
C11861,Loyal,25-34
C11862,New,18-24
C11863,Loyal,25-34
C11864,Loyal,25-34
C11865,Regular,55+
C11866,New,45-54
C11867,New,18-24
C11868,New,35-44
C11869,Regular,25-34
C11870,Regular,18-24
C11871,Loyal,35-44
C11872,Regular,18-24
C11873,Regular,25-34
C11874,Regular,35-44
C11875,Loyal,25-34
C11876,Loyal,55+
C11877,Loyal,35-44
C11878,Regular,35-44
C11879,Regular,25-34
C11880,Loyal,18-24
C11881,Regular,35-44
C11882,New,55+
C11883,New,25-34
C11884,New,55+
C11885,Regular,18-24
C11886,New,25-34
C11887,New,18-24
C11888,New,25-34
C11889,Regular,35-44
C11890,Regular,25-34
C11891,Regular,45-54
C11892,New,25-34
C11893,New,25-34
C11894,Regular,35-44
C11895,Regular,18-24
C11896,New,35-44
C11897,New,25-34
C11898,Loyal,25-34
C11899,Regular,35-44
C11900,New,45-54
C11901,New,25-34
C11902,Loyal,35-44
C11903,Regular,35-44
C11904,Regular,25-34
C11905,Regular,45-54
C11906,Regular,25-34
C11907,Regular,18-24
C11908,Regular,25-34
C11909,Regular,25-34
C11910,New,25-34
C11911,Loyal,25-34
C11912,Regular,18-24
C11913,New,35-44
C11914,Loyal,25-34
C11915,Loyal,35-44
C11916,Loyal,25-34
C11917,Loyal,35-44
C11918,Loyal,18-24
C11919,New,25-34
C11920,Loyal,25-34
C11921,Loyal,25-34
C11922,New,25-34
C11923,New,35-44
C11924,Loyal,45-54
C11925,New,35-44
C11926,Loyal,18-24
C11927,New,25-34
C11928,New,45-54
C11929,Regular,25-34
C11930,New,55+
C11931,Regular,25-34
C11932,Regular,55+
C11933,New,45-54
C11934,New,35-44
C11935,Regular,18-24
C11936,New,25-34
C11937,Regular,45-54
C11938,Regular,45-54
C11939,New,18-24
C11940,Regular,25-34
C11941,New,45-54
C11942,New,25-34
C11943,New,45-54
C11944,Loyal,45-54
C11945,Loyal,45-54
C11946,Loyal,18-24
C11947,Regular,18-24
C11948,New,18-24
C11949,Regular,55+
C11950,Regular,25-34
C11951,Loyal,18-24
C11952,New,25-34
C11953,New,25-34
C11954,Regular,45-54
C11955,Loyal,35-44
C11956,Loyal,35-44
C11957,Regular,18-24
C11958,Loyal,45-54
C11959,Regular,25-34
C11960,Loyal,35-44
C11961,Loyal,18-24
C11962,Loyal,18-24
C11963,New,18-24
C11964,New,25-34
C11965,Regular,35-44
C11966,Regular,18-24
C11967,Loyal,25-34
C11968,New,45-54
C11969,New,18-24
C11970,Regular,25-34
C11971,New,25-34
C11972,Regular,45-54
C11973,Regular,25-34
C11974,Regular,55+
C11975,New,25-34
C11976,Loyal,25-34
C11977,Regular,18-24
C11978,Loyal,35-44
C11979,Regular,25-34
C11980,New,35-44
C11981,New,25-34
C11982,New,25-34
C11983,Regular,45-54
C11984,New,35-44
C11985,Regular,18-24
C11986,Regular,35-44
C11987,New,35-44
C11988,New,18-24
C11989,Regular,25-34
C11990,Loyal,25-34
C11991,New,25-34
C11992,New,35-44
C11993,Loyal,18-24
C11994,New,18-24
C11995,Loyal,25-34
C11996,New,55+
C11997,Loyal,35-44
C11998,New,18-24
C11999,Loyal,25-34
C12000,New,25-34
C12001,Regular,35-44
C12002,New,25-34
C12003,New,55+
C12004,Regular,25-34
C12005,Regular,35-44
C12006,Loyal,35-44
C12007,Regular,45-54
C12008,Loyal,25-34
C12009,Regular,35-44
C12010,Loyal,25-34
C12011,Loyal,25-34
C12012,Regular,45-54
C12013,Loyal,55+
C12014,Loyal,35-44
C12015,New,25-34
C12016,Regular,45-54
C12017,New,18-24
C12018,Loyal,18-24
C12019,New,35-44
C12020,New,25-34
C12021,Regular,55+
C12022,Regular,25-34
C12023,Loyal,25-34
C12024,Loyal,35-44
C12025,Regular,35-44
C12026,New,25-34
C12027,Regular,25-34
C12028,Regular,35-44
C12029,Regular,25-34
C12030,New,18-24
C12031,Regular,35-44
C12032,Regular,18-24
C12033,Regular,55+
C12034,Regular,35-44
C12035,Loyal,55+
C12036,Regular,25-34
C12037,New,55+
C12038,Loyal,18-24
C12039,Regular,18-24
C12040,New,18-24
C12041,Regular,25-34
C12042,Regular,18-24
C12043,Loyal,25-34
C12044,Regular,25-34
C12045,Regular,25-34
C12046,New,35-44
C12047,Regular,18-24
C12048,Loyal,35-44
C12049,Loyal,35-44
C12050,New,45-54
C12051,New,25-34
C12052,Regular,55+
C12053,Regular,25-34
C12054,Regular,55+
C12055,Regular,18-24
C12056,Regular,35-44
C12057,Loyal,45-54
C12058,Regular,18-24
C12059,New,25-34
C12060,Regular,45-54
C12061,Loyal,25-34
C12062,Regular,18-24
C12063,Regular,35-44
C12064,Regular,18-24
C12065,Loyal,45-54
C12066,Regular,18-24
C12067,Regular,18-24
C12068,Loyal,25-34
C12069,Loyal,35-44
C12070,Regular,55+
C12071,Regular,18-24
C12072,Regular,18-24
C12073,New,25-34
C12074,Loyal,45-54
C12075,Regular,25-34
C12076,Loyal,25-34
C12077,New,25-34
C12078,Regular,25-34
C12079,New,25-34
C12080,Regular,25-34
C12081,Regular,45-54
C12082,Regular,45-54
C12083,New,35-44
C12084,New,25-34
C12085,New,25-34
C12086,New,18-24
C12087,Regular,35-44
C12088,Regular,35-44
C12089,Regular,45-54
C12090,Regular,25-34
C12091,New,35-44
C12092,New,35-44
C12093,New,25-34
C12094,Loyal,35-44
C12095,Regular,45-54
C12096,New,45-54
C12097,New,35-44
C12098,Loyal,18-24
C12099,Regular,45-54
C12100,Regular,35-44
C12101,Regular,25-34
C12102,New,18-24
C12103,Loyal,18-24
C12104,Regular,18-24
C12105,New,35-44
C12106,Loyal,25-34
C12107,Regular,18-24
C12108,New,25-34
C12109,Regular,25-34
C12110,New,18-24
C12111,New,18-24
C12112,Regular,18-24
C12113,New,35-44
C12114,Loyal,18-24
C12115,Loyal,25-34
C12116,New,18-24
C12117,Regular,18-24
C12118,Loyal,25-34
C12119,Regular,18-24
C12120,Regular,18-24
C12121,Regular,25-34
C12122,Regular,25-34
C12123,Regular,35-44
C12124,Loyal,18-24
C12125,Regular,45-54
C12126,Loyal,45-54
C12127,New,35-44
C12128,Loyal,25-34
C12129,Regular,45-54
C12130,Regular,18-24
C12131,Regular,18-24
C12132,New,18-24
C12133,New,55+
C12134,New,25-34
C12135,New,45-54
C12136,Regular,25-34
C12137,Regular,45-54
C12138,Regular,45-54
C12139,New,45-54
C12140,Loyal,25-34
C12141,Regular,45-54
C12142,Loyal,55+
C12143,Regular,25-34
C12144,New,25-34
C12145,Regular,35-44
C12146,Regular,25-34
C12147,New,35-44
C12148,New,18-24
C12149,New,25-34
C12150,New,18-24
C12151,Regular,25-34
C12152,Regular,25-34
C12153,New,45-54
C12154,Regular,18-24
C12155,Regular,45-54
C12156,New,35-44
C12157,New,25-34
C12158,New,25-34
C12159,Regular,25-34
C12160,New,25-34
C12161,Regular,18-24
C12162,Regular,25-34
C12163,Regular,55+
C12164,New,18-24
C12165,Regular,25-34
C12166,Regular,55+
C12167,Loyal,45-54
C12168,Regular,45-54
C12169,Regular,45-54
C12170,Regular,25-34
C12171,Regular,45-54
C12172,Loyal,55+
C12173,New,25-34
C12174,Loyal,25-34
C12175,Regular,25-34
C12176,Regular,25-34
C12177,New,25-34
C12178,Regular,35-44
C12179,Regular,25-34
C12180,New,25-34
C12181,New,18-24
C12182,Loyal,35-44
C12183,Regular,18-24
C12184,Regular,18-24
C12185,New,35-44
C12186,Regular,25-34
C12187,Regular,18-24
C12188,Regular,25-34
C12189,Regular,35-44
C12190,Regular,35-44
C12191,Regular,25-34
C12192,New,18-24
C12193,Loyal,35-44
C12194,Regular,45-54
C12195,New,35-44
C12196,Regular,45-54
C12197,Loyal,25-34
C12198,New,35-44
C12199,New,45-54
C12200,Regular,35-44
C12201,New,45-54
C12202,Regular,25-34
C12203,New,45-54
C12204,Regular,35-44
C12205,New,45-54
C12206,New,18-24
C12207,Loyal,35-44
C12208,Regular,45-54
C12209,Regular,18-24
C12210,New,35-44
C12211,Regular,45-54
C12212,Regular,25-34
C12213,Loyal,25-34
C12214,Loyal,25-34
C12215,Regular,25-34
C12216,Regular,18-24
C12217,Regular,18-24
C12218,Regular,18-24
C12219,New,25-34
C12220,Regular,25-34
C12221,New,35-44
C12222,New,25-34
C12223,New,35-44
C12224,Regular,18-24
C12225,Regular,25-34
C12226,Regular,25-34
C12227,Regular,45-54
C12228,New,35-44
C12229,Regular,45-54
C12230,New,18-24
C12231,Regular,35-44
C12232,Loyal,25-34
C12233,New,45-54
C12234,New,25-34
C12235,Regular,25-34
C12236,Loyal,18-24
C12237,Regular,35-44
C12238,Loyal,25-34
C12239,Regular,18-24
C12240,Loyal,18-24
C12241,New,55+
C12242,New,25-34
C12243,Loyal,45-54
C12244,Loyal,55+
C12245,New,55+
C12246,New,45-54
C12247,New,45-54
C12248,New,25-34
C12249,New,18-24
C12250,Loyal,35-44
C12251,Regular,25-34
C12252,Regular,18-24
C12253,Regular,35-44
C12254,Regular,25-34
C12255,Regular,45-54
C12256,Regular,35-44
C12257,New,25-34
C12258,Regular,25-34
C12259,Regular,25-34
C12260,Loyal,55+
C12261,Loyal,18-24
C12262,Regular,25-34
C12263,Regular,35-44
C12264,New,25-34
C12265,Regular,25-34
C12266,Regular,25-34
C12267,New,25-34
C12268,Regular,25-34
C12269,Regular,45-54
C12270,New,25-34
C12271,Loyal,25-34
C12272,New,25-34
C12273,Loyal,18-24
C12274,Regular,45-54
C12275,Regular,25-34
C12276,Regular,55+
C12277,Regular,25-34
C12278,Regular,45-54
C12279,Regular,25-34
C12280,Regular,18-24
C12281,Regular,18-24
C12282,Loyal,35-44
C12283,New,25-34
C12284,Regular,25-34
C12285,New,45-54
C12286,Regular,25-34
C12287,Regular,25-34
C12288,New,45-54
C12289,New,25-34
C12290,New,45-54
C12291,Regular,25-34
C12292,Regular,25-34
C12293,Loyal,18-24
C12294,Regular,45-54
C12295,New,45-54
C12296,Loyal,55+
C12297,Regular,25-34
C12298,Regular,45-54
C12299,New,25-34
C12300,Regular,25-34
C12301,Loyal,45-54
C12302,Regular,18-24
C12303,Regular,25-34
C12304,Regular,25-34
C12305,Loyal,35-44
C12306,New,25-34
C12307,Regular,25-34
C12308,Loyal,55+
C12309,New,25-34
C12310,Regular,25-34
C12311,Regular,35-44
C12312,Regular,45-54
C12313,Regular,18-24
C12314,New,35-44
C12315,Regular,18-24
C12316,New,25-34
C12317,Regular,25-34
C12318,New,25-34
C12319,New,25-34
C12320,Loyal,45-54
C12321,Regular,35-44
C12322,Loyal,55+
C12323,New,35-44
C12324,Regular,18-24
C12325,New,25-34
C12326,Regular,45-54
C12327,Regular,35-44
C12328,New,55+
C12329,Loyal,18-24
C12330,New,25-34
C12331,Regular,25-34
C12332,Loyal,25-34
C12333,Loyal,25-34
C12334,Loyal,25-34
C12335,Regular,35-44
C12336,New,25-34
C12337,New,18-24
C12338,Regular,35-44
C12339,Regular,25-34
C12340,New,25-34
C12341,Regular,25-34
C12342,Regular,45-54
C12343,Regular,25-34
C12344,Regular,45-54
C12345,Regular,25-34
C12346,Loyal,25-34
C12347,New,25-34
C12348,Regular,25-34
C12349,New,25-34
C12350,New,35-44
C12351,Regular,25-34
C12352,Loyal,35-44
C12353,New,35-44
C12354,Regular,35-44
C12355,Regular,25-34
C12356,New,55+
C12357,Loyal,25-34
C12358,Regular,18-24
C12359,New,45-54
C12360,Regular,25-34
C12361,Regular,35-44
C12362,Regular,18-24
C12363,Regular,18-24
C12364,New,18-24
C12365,Regular,25-34
C12366,New,18-24
C12367,Loyal,18-24
C12368,Regular,35-44
C12369,New,35-44
C12370,Loyal,45-54
C12371,New,45-54
C12372,Regular,25-34
C12373,Regular,45-54
C12374,New,25-34
C12375,Loyal,25-34
C12376,Regular,35-44
C12377,New,25-34
C12378,Regular,35-44
C12379,Regular,25-34
C12380,Loyal,18-24
C12381,New,18-24
C12382,Regular,18-24
C12383,Regular,45-54
C12384,Regular,55+
C12385,Regular,25-34
C12386,New,25-34
C12387,Regular,25-34
C12388,Regular,45-54
C12389,Loyal,25-34
C12390,New,45-54
C12391,Regular,35-44
C12392,Loyal,45-54
C12393,Regular,25-34
C12394,Loyal,35-44
C12395,Loyal,35-44
C12396,Regular,45-54
C12397,Regular,45-54
C12398,New,35-44
C12399,Regular,35-44
C12400,New,45-54
C12401,Regular,45-54
C12402,Regular,35-44
C12403,Regular,18-24
C12404,New,18-24
C12405,Loyal,45-54
C12406,New,18-24
C12407,New,25-34
C12408,New,25-34
C12409,Loyal,35-44
C12410,Loyal,25-34
C12411,Regular,25-34
C12412,Loyal,25-34
C12413,New,35-44
C12414,Loyal,55+
C12415,New,18-24
C12416,New,18-24
C12417,New,35-44
C12418,Regular,45-54
C12419,Regular,35-44
C12420,Regular,35-44
C12421,Loyal,45-54
C12422,Regular,25-34
C12423,New,18-24
C12424,Regular,35-44
C12425,Regular,45-54
C12426,Loyal,35-44
C12427,Regular,55+
C12428,Regular,35-44
C12429,New,35-44
C12430,Regular,18-24
C12431,Loyal,18-24
C12432,New,35-44
C12433,Loyal,18-24
C12434,Regular,18-24
C12435,New,45-54
C12436,Loyal,45-54
C12437,Regular,25-34
C12438,Regular,35-44
C12439,New,18-24
C12440,New,25-34
C12441,Loyal,35-44
C12442,Regular,35-44
C12443,Loyal,18-24
C12444,New,25-34
C12445,New,25-34
C12446,New,55+
C12447,Regular,35-44
C12448,Loyal,25-34
C12449,Regular,18-24
C12450,New,35-44
C12451,Loyal,35-44
C12452,Regular,45-54
C12453,New,25-34
C12454,Loyal,55+
C12455,New,25-34
C12456,New,25-34
C12457,New,25-34
C12458,Regular,25-34
C12459,Regular,55+
C12460,New,35-44
C12461,New,25-34
C12462,Regular,18-24
C12463,Loyal,18-24
C12464,Regular,25-34
C12465,New,35-44
C12466,New,35-44
C12467,New,25-34
C12468,New,18-24
C12469,Regular,25-34
C12470,Regular,45-54
C12471,Regular,25-34
C12472,Regular,25-34
C12473,New,25-34
C12474,Regular,18-24
C12475,Regular,25-34
C12476,Regular,35-44
C12477,New,55+
C12478,Regular,25-34
C12479,New,18-24
C12480,New,35-44
C12481,Loyal,35-44
C12482,Loyal,18-24
C12483,New,45-54
C12484,New,45-54
C12485,Regular,25-34
C12486,New,25-34
C12487,Regular,35-44
C12488,New,35-44
C12489,New,18-24
C12490,Regular,18-24
C12491,Loyal,18-24
C12492,New,35-44
C12493,Regular,25-34
C12494,New,25-34
C12495,New,35-44
C12496,Loyal,25-34
C12497,Regular,35-44
C12498,Regular,25-34
C12499,Regular,25-34
C12500,Loyal,25-34
C12501,Loyal,55+
C12502,New,35-44
C12503,New,18-24
C12504,Regular,55+
C12505,Regular,35-44
C12506,Loyal,18-24
C12507,Regular,18-24
C12508,Loyal,25-34
C12509,New,35-44
C12510,Loyal,35-44
C12511,Regular,25-34
C12512,Loyal,25-34
C12513,New,25-34
C12514,Regular,18-24
C12515,Regular,25-34
C12516,Regular,25-34
C12517,Regular,25-34
C12518,Loyal,55+
C12519,Regular,18-24
C12520,Regular,18-24
C12521,New,18-24
C12522,Loyal,25-34
C12523,Regular,35-44
C12524,Regular,35-44
C12525,New,25-34
C12526,Regular,25-34
C12527,New,25-34
C12528,New,25-34
C12529,Regular,35-44
C12530,New,18-24
C12531,New,35-44
C12532,Regular,25-34
C12533,New,25-34
C12534,New,25-34
C12535,New,55+
C12536,Regular,18-24
C12537,Regular,18-24
C12538,Regular,25-34
C12539,New,35-44
C12540,New,25-34
C12541,New,55+
C12542,Regular,35-44
C12543,Loyal,45-54
C12544,New,25-34
C12545,New,45-54
C12546,New,25-34
C12547,Regular,25-34
C12548,Regular,45-54
C12549,Regular,18-24
C12550,Loyal,55+
C12551,Regular,25-34
C12552,New,55+
C12553,New,25-34
C12554,Regular,35-44
C12555,Regular,18-24
C12556,Regular,25-34
C12557,Regular,35-44
C12558,Regular,35-44
C12559,Loyal,18-24
C12560,Regular,25-34
C12561,Regular,25-34
C12562,New,18-24
C12563,Regular,25-34
C12564,Loyal,45-54
C12565,Regular,25-34
C12566,Regular,25-34
C12567,Regular,55+
C12568,New,18-24
C12569,Regular,35-44
C12570,New,35-44
C12571,Loyal,35-44
C12572,Loyal,35-44
C12573,New,35-44
C12574,New,18-24
C12575,Regular,25-34
C12576,Regular,35-44
C12577,New,18-24
C12578,Regular,18-24
C12579,Regular,45-54
C12580,New,35-44
C12581,Loyal,25-34
C12582,Loyal,55+
C12583,Regular,35-44
C12584,Loyal,55+
C12585,New,45-54
C12586,New,25-34
C12587,New,35-44
C12588,Regular,35-44
C12589,Loyal,45-54
C12590,Regular,35-44
C12591,Loyal,18-24
C12592,Regular,25-34
C12593,Regular,25-34
C12594,Regular,45-54
C12595,New,45-54
C12596,New,25-34
C12597,Regular,35-44
C12598,Regular,45-54
C12599,Regular,25-34
C12600,Regular,18-24
C12601,New,25-34
C12602,Regular,45-54
C12603,Regular,35-44
C12604,Regular,25-34
C12605,Loyal,18-24
C12606,Regular,35-44
C12607,Regular,45-54
C12608,Loyal,35-44
C12609,Loyal,25-34
C12610,Loyal,18-24
C12611,New,45-54
C12612,New,25-34
C12613,New,25-34
C12614,New,45-54
C12615,Loyal,55+
C12616,Regular,35-44
C12617,New,35-44
C12618,New,25-34
C12619,New,18-24
C12620,Regular,18-24
C12621,Regular,35-44
C12622,Loyal,18-24
C12623,Loyal,45-54
C12624,New,18-24
C12625,New,25-34
C12626,New,25-34
C12627,Regular,35-44
C12628,Loyal,25-34
C12629,Regular,45-54
C12630,Regular,25-34
C12631,Regular,35-44
C12632,New,35-44
C12633,New,18-24
C12634,Regular,35-44
C12635,Regular,25-34
C12636,New,45-54
C12637,Regular,45-54
C12638,Loyal,18-24
C12639,Regular,18-24
C12640,Regular,25-34
C12641,Regular,55+
C12642,Regular,18-24
C12643,Regular,35-44
C12644,Loyal,35-44
C12645,Regular,35-44
C12646,Regular,25-34
C12647,New,25-34
C12648,New,25-34
C12649,Regular,18-24
C12650,Loyal,18-24
C12651,Regular,18-24
C12652,New,25-34
C12653,New,25-34
C12654,Regular,25-34
C12655,New,25-34
C12656,New,25-34
C12657,Regular,25-34
C12658,New,25-34
C12659,Regular,35-44
C12660,Regular,18-24
C12661,New,55+
C12662,Regular,18-24
C12663,Regular,55+
C12664,Regular,45-54
C12665,Regular,35-44
C12666,Regular,45-54
C12667,Loyal,18-24
C12668,Regular,18-24
C12669,Regular,25-34
C12670,New,25-34
C12671,New,25-34
C12672,New,25-34
C12673,Regular,18-24
C12674,New,25-34
C12675,Regular,25-34
C12676,Regular,35-44
C12677,New,55+
C12678,Regular,25-34
C12679,Regular,25-34
C12680,New,25-34
C12681,Regular,35-44
C12682,Regular,18-24
C12683,Regular,55+
C12684,New,25-34
C12685,Regular,25-34
C12686,Loyal,55+
C12687,Regular,55+
C12688,New,35-44
C12689,Regular,18-24
C12690,Regular,35-44
C12691,Regular,25-34
C12692,Regular,25-34
C12693,Regular,18-24
C12694,Loyal,25-34
C12695,Regular,35-44
C12696,Regular,25-34
C12697,New,55+
C12698,Loyal,18-24
C12699,Loyal,18-24
C12700,New,35-44
C12701,Regular,45-54
C12702,New,55+
C12703,Regular,35-44
C12704,Regular,18-24
C12705,New,55+
C12706,Loyal,45-54
C12707,New,18-24
C12708,Regular,25-34
C12709,Regular,25-34
C12710,Regular,25-34
C12711,New,55+
C12712,New,18-24
C12713,Regular,35-44
C12714,Regular,25-34
C12715,New,25-34
C12716,New,35-44
C12717,New,25-34
C12718,Regular,25-34
C12719,Regular,55+
C12720,New,35-44
C12721,Regular,25-34
C12722,New,25-34
C12723,Loyal,25-34
C12724,Loyal,35-44
C12725,Regular,45-54
C12726,Loyal,25-34
C12727,Loyal,35-44
C12728,Loyal,18-24
C12729,Regular,18-24
C12730,New,25-34
C12731,New,25-34
C12732,Regular,18-24
C12733,Regular,35-44
C12734,New,25-34
C12735,New,35-44
C12736,Regular,35-44
C12737,New,35-44
C12738,Regular,25-34
C12739,Loyal,25-34
C12740,Regular,35-44
C12741,Regular,25-34
C12742,Regular,45-54
C12743,Regular,25-34
C12744,New,25-34
C12745,Loyal,35-44
C12746,New,55+
C12747,New,18-24
C12748,Regular,18-24
C12749,New,45-54
C12750,Regular,18-24
C12751,New,18-24
C12752,New,25-34
C12753,New,25-34
C12754,New,25-34
C12755,Regular,25-34
C12756,Loyal,45-54
C12757,Regular,35-44
C12758,Loyal,55+
C12759,New,25-34
C12760,Regular,18-24
C12761,New,55+
C12762,Regular,18-24
C12763,Regular,35-44
C12764,Regular,18-24
C12765,Regular,35-44
C12766,Regular,55+
C12767,Regular,25-34
C12768,Loyal,25-34
C12769,New,25-34
C12770,Regular,25-34
C12771,Regular,18-24
C12772,Regular,35-44
C12773,New,25-34
C12774,Regular,25-34
C12775,Regular,25-34
C12776,Regular,25-34
C12777,New,18-24
C12778,Loyal,35-44
C12779,Regular,45-54
C12780,Regular,25-34
C12781,Regular,18-24
C12782,Loyal,35-44
C12783,New,18-24
C12784,New,18-24
C12785,Regular,35-44
C12786,Regular,25-34
C12787,New,18-24
C12788,Loyal,55+
C12789,Regular,25-34
C12790,Regular,45-54
C12791,New,18-24
C12792,New,45-54
C12793,Regular,25-34
C12794,Loyal,18-24
C12795,Regular,35-44
C12796,Loyal,45-54
C12797,Loyal,18-24
C12798,Regular,35-44
C12799,Regular,25-34
C12800,Regular,35-44
C12801,Regular,35-44
C12802,New,18-24
C12803,Regular,18-24
C12804,New,25-34
C12805,Loyal,55+
C12806,Loyal,25-34
C12807,New,35-44
C12808,Regular,18-24
C12809,Regular,35-44
C12810,Regular,35-44
C12811,New,35-44
C12812,Regular,45-54
C12813,New,18-24
C12814,New,25-34
C12815,New,55+
C12816,New,18-24
C12817,Regular,35-44
C12818,Loyal,35-44
C12819,Regular,35-44
C12820,Regular,25-34
C12821,New,25-34
C12822,Regular,35-44
C12823,New,18-24
C12824,Regular,35-44
C12825,Loyal,25-34
C12826,New,25-34
C12827,Regular,25-34
C12828,New,55+
C12829,Regular,25-34
C12830,New,25-34
C12831,Regular,55+
C12832,New,35-44
C12833,Regular,55+
C12834,Regular,18-24
C12835,New,45-54
C12836,Regular,25-34
C12837,Loyal,45-54
C12838,Regular,45-54
C12839,New,25-34
C12840,New,25-34
C12841,Loyal,35-44
C12842,Regular,18-24
C12843,Regular,35-44
C12844,New,18-24
C12845,Regular,45-54
C12846,New,25-34
C12847,Loyal,25-34
C12848,Loyal,18-24
C12849,New,25-34
C12850,Regular,25-34
C12851,New,25-34
C12852,Regular,18-24
C12853,Loyal,45-54
C12854,Regular,18-24
C12855,Regular,35-44
C12856,New,25-34
C12857,Loyal,25-34
C12858,Regular,25-34
C12859,Regular,35-44
C12860,New,25-34
C12861,Regular,18-24
C12862,Loyal,25-34
C12863,Regular,18-24
C12864,Regular,18-24
C12865,Regular,18-24
C12866,Regular,25-34
C12867,Regular,35-44
C12868,New,25-34
C12869,Regular,25-34
C12870,Regular,18-24
C12871,Regular,25-34
C12872,Loyal,25-34
C12873,Regular,35-44
C12874,New,35-44
C12875,Loyal,35-44
C12876,Regular,25-34
C12877,Regular,25-34
C12878,Regular,25-34
C12879,Regular,45-54
C12880,New,35-44
C12881,Regular,25-34
C12882,Loyal,55+
C12883,Regular,25-34
C12884,Regular,25-34
C12885,New,18-24
C12886,New,25-34
C12887,Regular,45-54
C12888,New,45-54
C12889,Loyal,35-44
C12890,Regular,25-34
C12891,Regular,35-44
C12892,Regular,35-44
C12893,New,25-34
C12894,Loyal,25-34
C12895,Regular,35-44
C12896,New,45-54
C12897,Regular,35-44
C12898,Loyal,18-24
C12899,Loyal,18-24
C12900,New,45-54
C12901,Loyal,45-54
C12902,New,25-34
C12903,New,35-44
C12904,Loyal,45-54
C12905,Loyal,45-54
C12906,Regular,35-44
C12907,Regular,25-34
C12908,Loyal,35-44
C12909,Regular,18-24
C12910,Loyal,45-54
C12911,Regular,18-24
C12912,Loyal,35-44
C12913,Loyal,35-44
C12914,New,35-44
C12915,Loyal,25-34
C12916,Regular,18-24
C12917,Regular,35-44
C12918,Regular,25-34
C12919,New,25-34
C12920,Regular,55+
C12921,Loyal,35-44
C12922,New,35-44
C12923,Regular,25-34
C12924,Loyal,35-44
C12925,Regular,35-44
C12926,Regular,35-44
C12927,Regular,55+
C12928,Regular,25-34
C12929,Regular,35-44
C12930,Loyal,35-44
C12931,Regular,25-34
C12932,Loyal,25-34
C12933,Regular,55+
C12934,Regular,18-24
C12935,Regular,25-34
C12936,Regular,25-34
C12937,Regular,18-24
C12938,New,45-54
C12939,New,25-34
C12940,New,25-34
C12941,New,45-54
C12942,Regular,25-34
C12943,New,35-44
C12944,Regular,45-54
C12945,New,35-44
C12946,New,35-44
C12947,Regular,18-24
C12948,New,18-24
C12949,Loyal,25-34
C12950,New,18-24
C12951,Regular,25-34
C12952,Loyal,25-34
C12953,Regular,25-34
C12954,New,25-34
C12955,Regular,25-34
C12956,Regular,25-34
C12957,Loyal,18-24
C12958,Loyal,35-44
C12959,Regular,35-44
C12960,Loyal,45-54
C12961,New,45-54
C12962,New,35-44
C12963,Loyal,35-44
C12964,New,18-24
C12965,New,18-24
C12966,New,45-54
C12967,Regular,25-34
C12968,Regular,25-34
C12969,Regular,18-24
C12970,New,18-24
C12971,Regular,35-44
C12972,Loyal,25-34
C12973,Loyal,25-34
C12974,Regular,18-24
C12975,Loyal,35-44
C12976,Regular,35-44
C12977,New,25-34
C12978,New,35-44
C12979,New,25-34
C12980,Regular,35-44
C12981,New,35-44
C12982,Regular,55+
C12983,New,25-34
C12984,Loyal,18-24
C12985,Regular,25-34
C12986,Loyal,18-24
C12987,Loyal,18-24
C12988,New,25-34
C12989,Regular,25-34
C12990,New,45-54
C12991,Loyal,18-24
C12992,Regular,55+
C12993,New,45-54
C12994,New,45-54
C12995,Regular,45-54
C12996,Loyal,35-44
C12997,Regular,35-44
C12998,Loyal,25-34
C12999,Regular,25-34
C13000,New,55+
C13001,Loyal,25-34
C13002,New,18-24
C13003,Loyal,35-44
C13004,Regular,25-34
C13005,New,45-54
C13006,Regular,18-24
C13007,Loyal,35-44
C13008,Loyal,25-34
C13009,New,45-54
C13010,New,18-24
C13011,Regular,45-54
C13012,Regular,18-24
C13013,Regular,18-24
C13014,New,25-34
C13015,Loyal,25-34
C13016,Regular,35-44
C13017,Loyal,18-24
C13018,Regular,25-34
C13019,Regular,25-34
C13020,Loyal,45-54
C13021,Regular,18-24
C13022,Loyal,25-34
C13023,Loyal,35-44
C13024,Regular,45-54
C13025,Regular,45-54
C13026,New,45-54
C13027,New,18-24
C13028,New,45-54
C13029,New,35-44
C13030,New,45-54
C13031,New,25-34
C13032,Regular,45-54
C13033,Regular,25-34
C13034,New,35-44
C13035,New,25-34
C13036,Regular,25-34
C13037,Regular,25-34
C13038,Regular,25-34
C13039,Regular,35-44
C13040,Loyal,35-44
C13041,Regular,35-44
C13042,Regular,25-34
C13043,Loyal,55+
C13044,Loyal,35-44
C13045,Regular,18-24
C13046,Regular,35-44
C13047,New,18-24
C13048,Regular,18-24
C13049,Loyal,25-34
C13050,Regular,25-34
C13051,Loyal,18-24
C13052,Regular,25-34
C13053,Loyal,55+
C13054,Regular,25-34
C13055,New,18-24
C13056,Regular,55+
C13057,New,25-34
C13058,New,35-44
C13059,Loyal,25-34
C13060,New,25-34
C13061,Regular,25-34
C13062,New,55+
C13063,New,25-34
C13064,Loyal,35-44
C13065,Regular,55+
C13066,Regular,55+
C13067,Regular,18-24
C13068,Regular,45-54
C13069,Loyal,25-34
C13070,Regular,35-44
C13071,Regular,25-34
C13072,Loyal,25-34
C13073,New,18-24
C13074,Regular,25-34
C13075,Loyal,25-34
C13076,Regular,18-24
C13077,Loyal,25-34
C13078,Regular,55+
C13079,Loyal,35-44
C13080,Loyal,25-34
C13081,New,45-54
C13082,New,25-34
C13083,Regular,18-24
C13084,Regular,25-34
C13085,New,18-24
C13086,New,35-44
C13087,Regular,55+
C13088,Loyal,25-34
C13089,Regular,25-34
C13090,Regular,25-34
C13091,New,25-34
C13092,Regular,35-44
C13093,New,35-44
C13094,New,18-24
C13095,Loyal,45-54
C13096,Loyal,18-24
C13097,New,55+
C13098,New,25-34
C13099,Regular,35-44
C13100,Regular,18-24
C13101,New,25-34
C13102,New,45-54
C13103,New,25-34
C13104,Regular,45-54
C13105,Regular,25-34
C13106,Regular,45-54
C13107,Regular,55+
C13108,Loyal,25-34
C13109,Loyal,25-34
C13110,New,45-54
C13111,New,25-34
C13112,Regular,45-54
C13113,New,35-44
C13114,Regular,35-44
C13115,Regular,18-24
C13116,Regular,35-44
C13117,Regular,25-34
C13118,Regular,45-54
C13119,Loyal,25-34
C13120,New,25-34
C13121,Regular,55+
C13122,New,35-44
C13123,New,55+
C13124,Regular,25-34
C13125,New,35-44
C13126,New,35-44
C13127,New,35-44
C13128,Regular,18-24
C13129,Regular,25-34
C13130,New,45-54
C13131,Regular,25-34
C13132,New,55+
C13133,Regular,25-34
C13134,Regular,55+
C13135,Regular,35-44
C13136,Loyal,35-44
C13137,Loyal,25-34
C13138,New,45-54
C13139,Loyal,25-34
C13140,New,35-44
C13141,Loyal,18-24
C13142,New,35-44
C13143,Regular,45-54
C13144,New,18-24
C13145,New,35-44
C13146,Regular,18-24
C13147,Loyal,45-54
C13148,Regular,55+
C13149,Regular,25-34
C13150,Regular,18-24
C13151,New,35-44
C13152,New,18-24
C13153,New,25-34
C13154,Regular,25-34
C13155,New,25-34
C13156,New,18-24
C13157,New,18-24
C13158,New,18-24
C13159,Loyal,35-44
C13160,New,25-34
C13161,Regular,25-34
C13162,Regular,35-44
C13163,Regular,45-54
C13164,New,25-34
C13165,New,45-54
C13166,New,35-44
C13167,Regular,18-24
C13168,New,25-34
C13169,Regular,25-34
C13170,Regular,35-44
C13171,Regular,25-34
C13172,Regular,55+
C13173,Regular,35-44
C13174,Loyal,25-34
C13175,New,18-24
C13176,Regular,18-24
C13177,Regular,25-34
C13178,Regular,25-34
C13179,New,35-44
C13180,Regular,35-44
C13181,New,25-34
C13182,New,35-44
C13183,New,18-24
C13184,New,25-34
C13185,Regular,35-44
C13186,Loyal,25-34
C13187,New,45-54
C13188,Loyal,55+
C13189,Loyal,35-44
C13190,Loyal,18-24
C13191,Loyal,25-34
C13192,Regular,18-24
C13193,New,35-44
C13194,Regular,45-54
C13195,Regular,35-44
C13196,Loyal,35-44
C13197,Loyal,35-44
C13198,Regular,45-54
C13199,Regular,25-34
C13200,New,45-54
C13201,New,35-44
C13202,Regular,25-34
C13203,Regular,55+
C13204,Loyal,55+
C13205,Regular,25-34
C13206,Loyal,45-54
C13207,Regular,25-34
C13208,Loyal,25-34
C13209,New,18-24
C13210,Loyal,25-34
C13211,Regular,25-34
C13212,New,25-34
C13213,New,35-44
C13214,Loyal,18-24
C13215,New,18-24
C13216,Regular,25-34
C13217,New,25-34
C13218,Regular,25-34
C13219,Loyal,25-34
C13220,Regular,25-34
C13221,Regular,18-24
C13222,Loyal,25-34
C13223,Regular,45-54
C13224,Loyal,25-34
C13225,Regular,35-44
C13226,New,18-24
C13227,Regular,25-34
C13228,Regular,25-34
C13229,New,55+
C13230,New,25-34
C13231,New,35-44
C13232,Regular,35-44
C13233,Loyal,18-24
C13234,New,55+
C13235,Regular,25-34
C13236,Loyal,18-24
C13237,New,25-34
C13238,Regular,25-34
C13239,Loyal,18-24
C13240,Loyal,35-44
C13241,New,25-34
C13242,New,35-44
C13243,New,18-24
C13244,Regular,55+
C13245,Regular,18-24
C13246,Regular,35-44
C13247,Regular,35-44
C13248,New,18-24
C13249,Regular,18-24
C13250,Regular,18-24
C13251,Regular,25-34
C13252,Regular,18-24
C13253,Regular,35-44
C13254,New,25-34
C13255,New,25-34
C13256,New,18-24
C13257,New,45-54
C13258,Regular,18-24
C13259,New,25-34
C13260,New,18-24
C13261,Regular,18-24
C13262,Regular,35-44
C13263,Regular,35-44
C13264,Regular,35-44
C13265,Regular,25-34
C13266,Loyal,55+
C13267,New,25-34
C13268,Regular,25-34
C13269,Loyal,25-34
C13270,Loyal,18-24
C13271,New,25-34
C13272,Regular,25-34
C13273,New,25-34
C13274,Regular,25-34
C13275,Regular,45-54
C13276,New,55+
C13277,Regular,25-34
C13278,Regular,45-54
C13279,Regular,45-54
C13280,Loyal,55+
C13281,Regular,25-34
C13282,New,35-44
C13283,Regular,25-34
C13284,New,35-44
C13285,Regular,35-44
C13286,Loyal,35-44
C13287,Loyal,25-34
C13288,Regular,45-54
C13289,New,25-34
C13290,New,25-34
C13291,Regular,25-34
C13292,New,45-54
C13293,Regular,55+
C13294,New,35-44
C13295,Regular,18-24
C13296,New,18-24
C13297,Loyal,18-24
C13298,Regular,18-24
C13299,Regular,25-34
C13300,New,25-34
C13301,Regular,18-24
C13302,New,45-54
C13303,Regular,35-44
C13304,Loyal,35-44
C13305,Regular,25-34
C13306,Regular,25-34
C13307,Regular,25-34
C13308,Loyal,25-34
C13309,Loyal,35-44
C13310,Regular,25-34
C13311,New,45-54
C13312,Regular,45-54
C13313,New,25-34
C13314,Regular,25-34
C13315,Regular,55+
C13316,New,35-44
C13317,New,35-44
C13318,Regular,35-44
C13319,Loyal,18-24
C13320,Regular,18-24
C13321,Regular,18-24
C13322,Regular,18-24
C13323,Regular,25-34
C13324,Regular,18-24
C13325,Regular,45-54
C13326,New,25-34
C13327,Regular,25-34
C13328,New,18-24
C13329,Regular,35-44
C13330,Loyal,18-24
C13331,New,35-44
C13332,New,45-54
C13333,Regular,25-34
C13334,Loyal,18-24
C13335,Regular,35-44
C13336,Regular,25-34
C13337,Loyal,25-34
C13338,New,25-34
C13339,Regular,45-54
C13340,Regular,25-34
C13341,Loyal,45-54
C13342,New,18-24
C13343,New,18-24
C13344,Regular,35-44
C13345,Regular,18-24
C13346,Regular,25-34
C13347,Regular,18-24
C13348,New,25-34
C13349,Regular,25-34
C13350,Regular,35-44
C13351,Loyal,35-44
C13352,New,55+
C13353,Loyal,35-44
C13354,Regular,35-44
C13355,New,35-44
C13356,Regular,45-54
C13357,New,25-34
C13358,Loyal,25-34
C13359,Loyal,35-44
C13360,New,25-34
C13361,New,45-54
C13362,Regular,25-34
C13363,Regular,25-34
C13364,Regular,35-44
C13365,New,25-34
C13366,Regular,55+
C13367,New,55+
C13368,Loyal,35-44
C13369,Loyal,18-24
C13370,Regular,25-34
C13371,Loyal,25-34
C13372,New,45-54
C13373,New,18-24
C13374,Regular,18-24
C13375,Regular,18-24
C13376,Regular,25-34
C13377,Loyal,45-54
C13378,Loyal,18-24
C13379,Regular,25-34
C13380,Regular,35-44
C13381,New,45-54
C13382,New,45-54
C13383,Regular,35-44
C13384,Regular,18-24
C13385,Regular,25-34
C13386,New,55+
C13387,Regular,55+
C13388,New,35-44
C13389,Regular,35-44
C13390,New,55+
C13391,New,25-34
C13392,Regular,18-24
C13393,New,35-44
C13394,Loyal,55+
C13395,New,35-44
C13396,New,45-54
C13397,Regular,25-34
C13398,Regular,18-24
C13399,New,18-24
C13400,New,55+
C13401,Loyal,25-34
C13402,Regular,18-24
C13403,Regular,55+
C13404,Regular,25-34
C13405,New,45-54
C13406,Regular,25-34
C13407,Regular,18-24
C13408,Loyal,35-44
C13409,New,55+
C13410,Loyal,18-24
C13411,New,45-54
C13412,New,25-34
C13413,New,25-34
C13414,New,25-34
C13415,Loyal,45-54
C13416,Regular,25-34
C13417,New,25-34
C13418,Loyal,45-54
C13419,Loyal,18-24
C13420,Regular,18-24
C13421,Loyal,18-24
C13422,New,35-44
C13423,Loyal,25-34
C13424,Regular,45-54
C13425,Loyal,25-34
C13426,Regular,25-34
C13427,Regular,45-54
C13428,Regular,25-34
C13429,New,55+
C13430,Regular,25-34
C13431,New,18-24
C13432,Loyal,25-34
C13433,New,18-24
C13434,Regular,18-24
C13435,Regular,25-34
C13436,Loyal,25-34
C13437,Regular,18-24
C13438,Regular,25-34
C13439,Loyal,25-34
C13440,Regular,25-34
C13441,Regular,18-24
C13442,Regular,25-34
C13443,Loyal,35-44
C13444,Regular,35-44
C13445,New,25-34
C13446,Loyal,18-24
C13447,Regular,25-34
C13448,Regular,45-54
C13449,Loyal,25-34
C13450,New,18-24
C13451,Regular,18-24
C13452,Regular,55+
C13453,Loyal,35-44
C13454,New,25-34
C13455,Regular,25-34
C13456,Loyal,45-54
C13457,New,18-24
C13458,New,25-34
C13459,Loyal,35-44
C13460,New,25-34
C13461,Loyal,18-24
C13462,New,25-34
C13463,Regular,45-54
C13464,Regular,25-34
C13465,Regular,45-54
C13466,Regular,25-34
C13467,Regular,55+
C13468,Loyal,45-54
C13469,New,25-34
C13470,Regular,25-34
C13471,New,35-44
C13472,Regular,35-44
C13473,New,25-34
C13474,Regular,45-54
C13475,Regular,18-24
C13476,New,25-34
C13477,New,35-44
C13478,Regular,25-34
C13479,Regular,25-34
C13480,Loyal,55+
C13481,Regular,35-44
C13482,New,55+
C13483,Regular,35-44
C13484,New,35-44
C13485,Regular,35-44
C13486,Loyal,18-24
C13487,Regular,25-34
C13488,Regular,25-34
C13489,New,55+
C13490,Regular,25-34
C13491,Loyal,25-34
C13492,New,35-44
C13493,New,25-34
C13494,Regular,18-24
C13495,Regular,18-24
C13496,Regular,45-54
C13497,Loyal,25-34
C13498,New,18-24
C13499,Regular,25-34
C13500,Regular,25-34
C13501,New,25-34
C13502,Regular,55+
C13503,New,25-34
C13504,New,18-24
C13505,New,55+
C13506,Loyal,35-44
C13507,Regular,25-34
C13508,Regular,25-34
C13509,Regular,45-54
C13510,Regular,25-34
C13511,Regular,25-34
C13512,Loyal,25-34
C13513,Regular,25-34
C13514,Regular,35-44
C13515,New,25-34
C13516,Regular,18-24
C13517,Regular,45-54
C13518,Loyal,18-24
C13519,New,25-34
C13520,New,25-34
C13521,Regular,35-44
C13522,New,25-34
C13523,New,35-44
C13524,Loyal,18-24
C13525,Regular,35-44
C13526,Loyal,45-54
C13527,Loyal,45-54
C13528,New,25-34
C13529,Regular,25-34
C13530,New,18-24
C13531,Loyal,25-34
C13532,Regular,25-34
C13533,Regular,18-24
C13534,New,55+
C13535,Regular,45-54
C13536,New,18-24
C13537,Regular,25-34
C13538,Regular,35-44
C13539,Loyal,25-34
C13540,New,25-34
C13541,Regular,25-34
C13542,Loyal,18-24
C13543,New,35-44
C13544,Loyal,55+
C13545,New,25-34
C13546,Regular,25-34
C13547,Regular,25-34
C13548,Regular,45-54
C13549,Loyal,45-54
C13550,New,18-24
C13551,Regular,45-54
C13552,Regular,18-24
C13553,Loyal,18-24
C13554,New,35-44
C13555,Loyal,25-34
C13556,Regular,25-34
C13557,New,35-44
C13558,Regular,18-24
C13559,New,25-34
C13560,Regular,25-34
C13561,New,25-34
C13562,Regular,18-24
C13563,Regular,18-24
C13564,Regular,45-54
C13565,Regular,45-54
C13566,Regular,18-24
C13567,New,25-34
C13568,Regular,35-44
C13569,Loyal,55+
C13570,Loyal,25-34
C13571,New,45-54
C13572,New,25-34
C13573,Loyal,55+
C13574,Regular,18-24
C13575,Regular,55+
C13576,Regular,25-34
C13577,New,55+
C13578,Regular,25-34
C13579,Loyal,25-34
C13580,Regular,45-54
C13581,New,35-44
C13582,New,35-44
C13583,New,25-34
C13584,Regular,35-44
C13585,New,55+
C13586,New,18-24
C13587,Loyal,35-44
C13588,New,45-54
C13589,New,35-44
C13590,New,45-54
C13591,New,45-54
C13592,Regular,35-44
C13593,Loyal,35-44
C13594,Loyal,55+
C13595,Regular,45-54
C13596,Regular,45-54
C13597,Regular,18-24
C13598,New,25-34
C13599,New,25-34
C13600,Loyal,35-44
C13601,New,25-34
C13602,New,18-24
C13603,Regular,25-34
C13604,Regular,35-44
C13605,New,45-54
C13606,New,45-54
C13607,Regular,25-34
C13608,Regular,25-34
C13609,New,25-34
C13610,Regular,25-34
C13611,Regular,35-44
C13612,Loyal,25-34
C13613,Regular,18-24
C13614,New,25-34
C13615,Regular,25-34
C13616,Regular,18-24
C13617,New,25-34
C13618,Regular,25-34
C13619,New,25-34
C13620,New,25-34
C13621,Regular,35-44
C13622,New,55+
C13623,Loyal,25-34
C13624,Regular,35-44
C13625,Regular,45-54
C13626,Regular,25-34
C13627,Regular,18-24
C13628,New,25-34
C13629,Loyal,25-34
C13630,Loyal,35-44
C13631,New,18-24
C13632,New,45-54
C13633,New,18-24
C13634,Regular,45-54
C13635,Regular,55+
C13636,Loyal,55+
C13637,Regular,45-54
C13638,Regular,18-24
C13639,Regular,35-44
C13640,Regular,25-34
C13641,Regular,45-54
C13642,Regular,25-34
C13643,Regular,25-34
C13644,Regular,45-54
C13645,Regular,18-24
C13646,Regular,18-24
C13647,Regular,25-34
C13648,Regular,35-44
C13649,Regular,35-44
C13650,Regular,35-44
C13651,Regular,45-54
C13652,New,18-24
C13653,New,25-34
C13654,Regular,35-44
C13655,Regular,35-44
C13656,Loyal,25-34
C13657,Regular,18-24
C13658,Regular,18-24
C13659,New,18-24
C13660,New,25-34
C13661,Regular,18-24
C13662,New,25-34
C13663,Regular,18-24
C13664,Regular,35-44
C13665,Regular,45-54
C13666,Loyal,25-34
C13667,Regular,25-34
C13668,New,55+
C13669,Loyal,25-34
C13670,Loyal,55+
C13671,New,18-24
C13672,New,45-54
C13673,New,25-34
C13674,New,18-24
C13675,Loyal,55+
C13676,Regular,55+
C13677,Regular,25-34
C13678,Loyal,55+
C13679,Regular,18-24
C13680,New,35-44
C13681,Loyal,18-24
C13682,Loyal,25-34
C13683,Loyal,35-44
C13684,Regular,25-34
C13685,Regular,18-24
C13686,New,25-34
C13687,Regular,25-34
C13688,Loyal,35-44
C13689,New,18-24
C13690,Regular,45-54
C13691,Regular,25-34
C13692,New,25-34
C13693,Regular,25-34
C13694,New,35-44
C13695,Regular,18-24
C13696,New,25-34
C13697,Loyal,25-34
C13698,New,45-54
C13699,New,18-24
C13700,New,45-54
C13701,Loyal,18-24
C13702,Regular,18-24
C13703,Regular,25-34
C13704,Regular,18-24
C13705,Regular,25-34
C13706,New,55+
C13707,Regular,18-24
C13708,New,25-34
C13709,Loyal,25-34
C13710,Regular,25-34
C13711,Regular,25-34
C13712,New,45-54
C13713,Regular,18-24
C13714,New,35-44
C13715,New,25-34
C13716,New,25-34
C13717,Regular,25-34
C13718,Regular,25-34
C13719,New,18-24
C13720,New,18-24
C13721,Regular,25-34
C13722,Regular,45-54
C13723,New,18-24
C13724,New,35-44
C13725,Loyal,25-34
C13726,Loyal,45-54
C13727,Loyal,25-34
C13728,Loyal,18-24
C13729,New,55+
C13730,New,18-24
C13731,Regular,25-34
C13732,New,25-34
C13733,Loyal,25-34
C13734,Regular,55+
C13735,Regular,45-54
C13736,New,45-54
C13737,Loyal,55+
C13738,Loyal,25-34
C13739,New,18-24
C13740,Loyal,35-44
C13741,New,25-34
C13742,New,18-24
C13743,Regular,25-34
C13744,Regular,45-54
C13745,New,18-24
C13746,New,45-54
C13747,Loyal,25-34
C13748,Regular,18-24
C13749,Regular,45-54
C13750,New,55+
C13751,New,25-34
C13752,New,25-34
C13753,New,25-34
C13754,New,45-54
C13755,New,18-24
C13756,Regular,25-34
C13757,Regular,35-44
C13758,Loyal,25-34
C13759,New,25-34
C13760,Regular,45-54
C13761,New,45-54
C13762,Regular,55+
C13763,New,25-34
C13764,Loyal,45-54
C13765,Regular,35-44
C13766,Regular,18-24
C13767,New,35-44
C13768,Regular,18-24
C13769,Regular,35-44
C13770,New,35-44
C13771,Regular,35-44
C13772,Loyal,18-24
C13773,Regular,35-44
C13774,Loyal,18-24
C13775,Loyal,55+
C13776,Loyal,35-44
C13777,Regular,18-24
C13778,Regular,18-24
C13779,Regular,35-44
C13780,Regular,25-34
C13781,Loyal,35-44
C13782,New,25-34
C13783,Regular,35-44
C13784,New,18-24
C13785,New,25-34
C13786,New,55+
C13787,Regular,35-44
C13788,New,18-24
C13789,Regular,55+
C13790,Regular,18-24
C13791,New,35-44
C13792,New,25-34
C13793,Regular,25-34
C13794,Regular,18-24
C13795,Loyal,18-24
C13796,Loyal,45-54
C13797,Loyal,45-54
C13798,Regular,25-34
C13799,Loyal,18-24
C13800,Loyal,45-54
C13801,Loyal,25-34
C13802,New,25-34
C13803,Loyal,25-34
C13804,Regular,25-34
C13805,Regular,25-34
C13806,New,35-44
C13807,Regular,25-34
C13808,New,45-54
C13809,New,25-34
C13810,New,25-34
C13811,Loyal,25-34
C13812,New,35-44
C13813,New,18-24
C13814,New,18-24
C13815,Regular,45-54
C13816,New,18-24
C13817,New,35-44
C13818,Regular,55+
C13819,Regular,25-34
C13820,New,18-24
C13821,New,25-34
C13822,New,45-54
C13823,Loyal,25-34
C13824,Regular,35-44
C13825,Regular,35-44
C13826,New,25-34
C13827,Regular,35-44
C13828,New,25-34
C13829,New,25-34
C13830,Regular,35-44
C13831,Regular,18-24
C13832,New,25-34
C13833,Regular,35-44
C13834,Loyal,35-44
C13835,Regular,25-34
C13836,Regular,35-44
C13837,Loyal,25-34
C13838,Loyal,45-54
C13839,Regular,35-44
C13840,Regular,25-34
C13841,New,25-34
C13842,Regular,35-44
C13843,New,45-54
C13844,New,18-24
C13845,Regular,25-34
C13846,New,18-24
C13847,Regular,25-34
C13848,Regular,35-44
C13849,Regular,18-24
C13850,New,35-44
C13851,New,45-54
C13852,Regular,55+
C13853,Loyal,25-34
C13854,New,35-44
C13855,New,45-54
C13856,Loyal,18-24
C13857,New,25-34
C13858,Loyal,45-54
C13859,Regular,25-34
C13860,Regular,55+
C13861,New,25-34
C13862,New,18-24
C13863,New,25-34
C13864,Loyal,25-34
C13865,Regular,25-34
C13866,Regular,25-34
C13867,Regular,25-34
C13868,New,25-34
C13869,Regular,18-24
C13870,Regular,45-54
C13871,Regular,25-34
C13872,New,45-54
C13873,Regular,45-54
C13874,Loyal,25-34
C13875,Regular,18-24
C13876,New,45-54
C13877,Regular,35-44
C13878,Regular,18-24
C13879,Regular,35-44
C13880,Loyal,18-24
C13881,Regular,18-24
C13882,Regular,25-34
C13883,Regular,18-24
C13884,New,55+
C13885,New,45-54
C13886,Loyal,35-44
C13887,Regular,18-24
C13888,New,25-34
C13889,New,25-34
C13890,Regular,25-34
C13891,Regular,18-24
C13892,Loyal,25-34
C13893,New,25-34
C13894,Loyal,55+
C13895,Regular,55+
C13896,Regular,25-34
C13897,Regular,35-44
C13898,New,18-24
C13899,Loyal,25-34
C13900,New,45-54
C13901,New,35-44
C13902,Loyal,18-24
C13903,Regular,25-34
C13904,Loyal,55+
C13905,Regular,25-34
C13906,Regular,18-24
C13907,Loyal,55+
C13908,New,25-34
C13909,Loyal,25-34
C13910,New,25-34
C13911,Loyal,45-54
C13912,New,45-54
C13913,Regular,25-34
C13914,Loyal,18-24
C13915,Regular,25-34
C13916,Regular,18-24
C13917,Loyal,18-24
C13918,Regular,25-34
C13919,Loyal,18-24
C13920,Regular,55+
C13921,New,18-24
C13922,New,25-34
C13923,New,18-24
C13924,New,35-44
C13925,Regular,18-24
C13926,New,25-34
C13927,New,35-44
C13928,New,55+
C13929,Loyal,35-44
C13930,Regular,18-24
C13931,Regular,18-24
C13932,Loyal,35-44
C13933,New,25-34
C13934,Loyal,25-34
C13935,Regular,55+
C13936,New,45-54
C13937,Regular,45-54
C13938,Regular,45-54
C13939,Regular,35-44
C13940,Loyal,35-44
C13941,New,25-34
C13942,New,55+
C13943,New,25-34
C13944,New,35-44
C13945,New,25-34
C13946,Loyal,18-24
C13947,New,25-34
C13948,Regular,25-34
C13949,Regular,35-44
C13950,Loyal,25-34
C13951,Loyal,25-34
C13952,Regular,18-24
C13953,Loyal,25-34
C13954,Regular,45-54
C13955,Loyal,25-34
C13956,Regular,25-34
C13957,New,25-34
C13958,Regular,45-54
C13959,Regular,35-44
C13960,Regular,18-24
C13961,New,45-54
C13962,Regular,45-54
C13963,Loyal,35-44
C13964,New,25-34
C13965,Regular,35-44
C13966,Regular,25-34
C13967,Loyal,35-44
C13968,Loyal,45-54
C13969,Regular,45-54
C13970,Regular,25-34
C13971,New,45-54
C13972,Regular,18-24
C13973,Regular,18-24
C13974,Loyal,25-34
C13975,Regular,35-44
C13976,New,18-24
C13977,Regular,25-34
C13978,Regular,18-24
C13979,New,35-44
C13980,New,45-54
C13981,New,35-44
C13982,Loyal,25-34
C13983,New,55+
C13984,New,35-44
C13985,Loyal,45-54
C13986,Regular,35-44
C13987,New,55+
C13988,New,45-54
C13989,New,25-34
C13990,New,25-34
C13991,New,35-44
C13992,Regular,35-44
C13993,New,35-44
C13994,Regular,25-34
C13995,Loyal,25-34
C13996,Regular,25-34
C13997,Loyal,45-54
C13998,Regular,35-44
C13999,Regular,18-24
C14000,Regular,25-34
C14001,New,18-24
C14002,New,18-24
C14003,Regular,25-34
C14004,Regular,35-44
C14005,Regular,45-54
C14006,Loyal,25-34
C14007,Regular,25-34
C14008,Regular,35-44
C14009,Regular,55+
C14010,Loyal,45-54
C14011,Loyal,18-24
C14012,Loyal,25-34
C14013,New,18-24
C14014,Regular,35-44
C14015,New,35-44
C14016,New,25-34
C14017,Loyal,45-54
C14018,New,25-34
C14019,Loyal,55+
C14020,New,18-24
C14021,Loyal,18-24
C14022,New,25-34
C14023,Regular,18-24
C14024,New,35-44
C14025,Regular,18-24
C14026,Regular,35-44
C14027,Regular,18-24
C14028,New,25-34
C14029,New,45-54
C14030,New,55+
C14031,Regular,25-34
C14032,Loyal,55+
C14033,Loyal,35-44
C14034,New,25-34
C14035,Regular,45-54
C14036,Regular,25-34
C14037,New,25-34
C14038,Regular,35-44
C14039,Regular,25-34
C14040,New,18-24
C14041,New,18-24
C14042,New,35-44
C14043,Regular,35-44
C14044,New,25-34
C14045,New,45-54
C14046,Regular,25-34
C14047,New,35-44
C14048,New,45-54
C14049,Loyal,45-54
C14050,New,25-34
C14051,Regular,35-44
C14052,Regular,25-34
C14053,Regular,35-44
C14054,Regular,25-34
C14055,New,25-34
C14056,Loyal,25-34
C14057,Regular,18-24
C14058,Loyal,35-44
C14059,Regular,45-54
C14060,Loyal,18-24
C14061,Regular,18-24
C14062,Loyal,25-34
C14063,Regular,35-44
C14064,Regular,18-24
C14065,Regular,18-24
C14066,Loyal,25-34
C14067,Loyal,45-54
C14068,Regular,18-24
C14069,Regular,25-34
C14070,New,35-44
C14071,Regular,18-24
C14072,New,25-34
C14073,Regular,25-34
C14074,Loyal,55+
C14075,New,25-34
C14076,Regular,25-34
C14077,Regular,25-34
C14078,New,45-54
C14079,Regular,18-24
C14080,Regular,25-34
C14081,New,45-54
C14082,Loyal,55+
C14083,Loyal,35-44
C14084,New,25-34
C14085,New,25-34
C14086,Regular,25-34
C14087,Regular,35-44
C14088,New,35-44
C14089,New,45-54
C14090,Regular,25-34
C14091,Loyal,35-44
C14092,Regular,45-54
C14093,Regular,45-54
C14094,Loyal,35-44
C14095,Regular,35-44
C14096,Regular,25-34
C14097,Regular,18-24
C14098,Loyal,18-24
C14099,Regular,25-34
C14100,Loyal,18-24
C14101,Regular,25-34
C14102,Regular,35-44
C14103,New,25-34
C14104,New,18-24
C14105,Regular,18-24
C14106,New,18-24
C14107,Regular,18-24
C14108,New,55+
C14109,Loyal,25-34
C14110,New,25-34
C14111,Loyal,18-24
C14112,Regular,35-44
C14113,New,35-44
C14114,Regular,18-24
C14115,New,45-54
C14116,Regular,45-54
C14117,Regular,25-34
C14118,New,25-34
C14119,Loyal,25-34
C14120,New,25-34
C14121,Regular,45-54
C14122,Regular,18-24
C14123,Regular,25-34
C14124,Regular,25-34
C14125,Regular,25-34
C14126,Regular,45-54
C14127,Regular,25-34
C14128,New,18-24
C14129,Regular,35-44
C14130,New,18-24
C14131,New,18-24
C14132,Regular,25-34
C14133,Regular,25-34
C14134,Regular,25-34
C14135,Regular,25-34
C14136,New,18-24
C14137,New,25-34
C14138,New,18-24
C14139,Regular,55+
C14140,Regular,25-34
C14141,Regular,35-44
C14142,Regular,45-54
C14143,Regular,25-34
C14144,Regular,35-44
C14145,Regular,45-54
C14146,Regular,25-34
C14147,Regular,55+
C14148,New,18-24
C14149,New,25-34
C14150,New,35-44
C14151,Regular,18-24
C14152,Loyal,35-44
C14153,Regular,45-54
C14154,New,55+
C14155,Regular,25-34
C14156,Loyal,55+
C14157,Loyal,25-34
C14158,Regular,25-34
C14159,Loyal,25-34
C14160,New,35-44
C14161,New,25-34
C14162,New,25-34
C14163,Regular,25-34
C14164,New,25-34
C14165,Regular,55+
C14166,Regular,25-34
C14167,New,25-34
C14168,Loyal,35-44
C14169,New,25-34
C14170,Regular,45-54
C14171,Regular,18-24
C14172,New,25-34
C14173,Regular,18-24
C14174,Loyal,18-24
C14175,Loyal,35-44
C14176,Loyal,25-34
C14177,New,45-54
C14178,Regular,25-34
C14179,New,25-34
C14180,New,35-44
C14181,New,35-44
C14182,New,35-44
C14183,Loyal,35-44
C14184,Regular,18-24
C14185,Regular,35-44
C14186,Regular,25-34
C14187,Regular,25-34
C14188,Loyal,45-54
C14189,New,25-34
C14190,Regular,35-44
C14191,Regular,25-34
C14192,New,18-24
C14193,Regular,25-34
C14194,Loyal,35-44
C14195,New,25-34
C14196,New,25-34
C14197,New,45-54
C14198,Regular,18-24
C14199,Regular,25-34
C14200,Regular,45-54
C14201,Regular,45-54
C14202,Loyal,25-34
C14203,Regular,45-54
C14204,Loyal,18-24
C14205,Loyal,25-34
C14206,Regular,45-54
C14207,Regular,45-54
C14208,Loyal,25-34
C14209,Loyal,18-24
C14210,New,18-24
C14211,New,25-34
C14212,Loyal,35-44
C14213,New,25-34
C14214,Loyal,25-34
C14215,Regular,35-44
C14216,New,45-54
C14217,New,18-24
C14218,New,35-44
C14219,New,45-54
C14220,Regular,25-34
C14221,Regular,45-54
C14222,Loyal,35-44
C14223,Regular,18-24
C14224,Regular,25-34
C14225,Regular,35-44
C14226,Regular,25-34
C14227,Regular,25-34
C14228,New,25-34
C14229,New,35-44
C14230,New,25-34
C14231,New,25-34
C14232,Regular,25-34
C14233,New,35-44
C14234,Loyal,18-24
C14235,Loyal,25-34
C14236,Loyal,25-34
C14237,Loyal,18-24
C14238,New,25-34
C14239,Regular,35-44
C14240,New,35-44
C14241,Loyal,35-44
C14242,Loyal,25-34
C14243,Loyal,18-24
C14244,Regular,55+
C14245,Regular,18-24
C14246,New,35-44
C14247,New,45-54
C14248,Regular,35-44
C14249,Regular,25-34
C14250,Loyal,25-34
C14251,New,18-24
C14252,Loyal,35-44
C14253,Regular,35-44
C14254,Loyal,35-44
C14255,Loyal,18-24
C14256,Loyal,45-54
C14257,New,35-44
C14258,Loyal,18-24
C14259,New,25-34
C14260,New,35-44
C14261,Regular,25-34
C14262,Loyal,18-24
C14263,Regular,18-24
C14264,Loyal,35-44
C14265,Regular,18-24
C14266,New,18-24
C14267,Loyal,45-54
C14268,New,35-44
C14269,Loyal,35-44
C14270,New,25-34
C14271,Regular,25-34
C14272,Regular,35-44
C14273,New,55+
C14274,Regular,25-34
C14275,New,25-34
C14276,New,18-24
C14277,New,35-44
C14278,Regular,25-34
C14279,Regular,18-24
C14280,Regular,25-34
C14281,Loyal,18-24
C14282,Regular,25-34
C14283,Regular,55+
C14284,Regular,35-44
C14285,Regular,18-24
C14286,Regular,25-34
C14287,New,18-24
C14288,Loyal,35-44
C14289,Regular,25-34
C14290,New,55+
C14291,Regular,35-44
C14292,New,25-34
C14293,New,45-54
C14294,New,35-44
C14295,Regular,25-34
C14296,Regular,25-34
C14297,Loyal,25-34
C14298,New,25-34
C14299,Regular,18-24
C14300,Regular,25-34
C14301,New,25-34
C14302,Regular,18-24
C14303,New,45-54
C14304,New,35-44
C14305,Regular,35-44
C14306,Regular,25-34
C14307,New,35-44
C14308,New,55+
C14309,New,25-34
C14310,New,35-44
C14311,New,25-34
C14312,Regular,45-54
C14313,Regular,45-54
C14314,Regular,45-54
C14315,Regular,18-24
C14316,Regular,25-34
C14317,New,18-24
C14318,New,25-34
C14319,Loyal,25-34
C14320,New,25-34
C14321,New,35-44
C14322,New,25-34
C14323,Regular,45-54
C14324,Regular,18-24
C14325,Loyal,25-34
C14326,Loyal,35-44
C14327,Regular,35-44
C14328,Regular,18-24
C14329,New,45-54
C14330,New,35-44
C14331,New,45-54
C14332,New,45-54
C14333,New,25-34
C14334,New,45-54
C14335,New,45-54
C14336,Loyal,55+
C14337,Regular,45-54
C14338,Loyal,45-54
C14339,Regular,25-34
C14340,Regular,25-34
C14341,Regular,45-54
C14342,New,35-44
C14343,New,25-34
C14344,Loyal,25-34
C14345,Loyal,35-44
C14346,New,25-34
C14347,New,18-24
C14348,Regular,18-24
C14349,New,35-44
C14350,Regular,25-34
C14351,New,25-34
C14352,Regular,35-44
C14353,New,35-44
C14354,Regular,18-24
C14355,New,18-24
C14356,Regular,35-44
C14357,Loyal,35-44
C14358,Regular,18-24
C14359,Loyal,25-34
C14360,Loyal,45-54
C14361,Loyal,55+
C14362,Regular,25-34
C14363,Regular,18-24
C14364,Loyal,25-34
C14365,New,25-34
C14366,Regular,25-34
C14367,Loyal,25-34
C14368,Regular,35-44
C14369,Loyal,18-24
C14370,Regular,45-54
C14371,Loyal,35-44
C14372,Regular,35-44
C14373,Regular,55+
C14374,Regular,35-44
C14375,Loyal,45-54
C14376,Loyal,25-34
C14377,Loyal,25-34
C14378,Regular,25-34
C14379,New,25-34
C14380,New,25-34
C14381,Loyal,35-44
C14382,Regular,18-24
C14383,New,35-44
C14384,New,25-34
C14385,Loyal,35-44
C14386,Loyal,25-34
C14387,Loyal,55+
C14388,Regular,25-34
C14389,Regular,55+
C14390,New,18-24
C14391,New,35-44
C14392,Loyal,25-34
C14393,New,45-54
C14394,Regular,35-44
C14395,Regular,45-54
C14396,Regular,18-24
C14397,Loyal,45-54
C14398,New,25-34
C14399,Regular,18-24
C14400,New,25-34
C14401,New,25-34
C14402,Regular,35-44
C14403,New,25-34
C14404,Regular,18-24
C14405,Regular,35-44
C14406,New,55+
C14407,New,35-44
C14408,Regular,35-44
C14409,Loyal,25-34
C14410,Regular,35-44
C14411,Regular,55+
C14412,Regular,25-34
C14413,Regular,25-34
C14414,New,45-54
C14415,Regular,55+
C14416,Regular,18-24
C14417,Regular,25-34
C14418,Regular,35-44
C14419,Loyal,25-34
C14420,New,25-34
C14421,Loyal,35-44
C14422,Regular,25-34
C14423,Regular,25-34
C14424,New,55+
C14425,Regular,35-44
C14426,Regular,45-54
C14427,Regular,45-54
C14428,New,35-44
C14429,Regular,45-54
C14430,New,25-34
C14431,Loyal,35-44
C14432,Loyal,35-44
C14433,New,35-44
C14434,Loyal,18-24
C14435,Loyal,25-34
C14436,Regular,25-34
C14437,Regular,35-44
C14438,Regular,55+
C14439,Regular,55+
C14440,Regular,25-34
C14441,Regular,25-34
C14442,Regular,18-24
C14443,New,25-34
C14444,Loyal,45-54
C14445,Regular,45-54
C14446,Regular,25-34
C14447,Loyal,25-34
C14448,Regular,25-34
C14449,Regular,25-34
C14450,Loyal,45-54
C14451,Loyal,35-44
C14452,New,35-44
C14453,Regular,35-44
C14454,Loyal,25-34
C14455,Regular,25-34
C14456,Regular,18-24
C14457,New,35-44
C14458,New,45-54
C14459,Regular,35-44
C14460,Regular,18-24
C14461,Loyal,35-44
C14462,Regular,18-24
C14463,New,18-24
C14464,New,25-34
C14465,Loyal,25-34
C14466,Regular,45-54
C14467,New,35-44
C14468,Loyal,18-24
C14469,Regular,25-34
C14470,New,25-34
C14471,Loyal,18-24
C14472,Loyal,25-34
C14473,New,35-44
C14474,Loyal,25-34
C14475,Regular,45-54
C14476,Regular,25-34
C14477,Loyal,25-34
C14478,Loyal,25-34
C14479,New,35-44
C14480,New,25-34
C14481,New,18-24
C14482,Regular,45-54
C14483,New,18-24
C14484,Regular,55+
C14485,New,18-24
C14486,Regular,35-44
C14487,New,25-34
C14488,Loyal,25-34
C14489,New,18-24
C14490,Regular,25-34
C14491,Loyal,35-44
C14492,Regular,45-54
C14493,New,25-34
C14494,New,25-34
C14495,Regular,18-24
C14496,Regular,35-44
C14497,Regular,25-34
C14498,Regular,18-24
C14499,Regular,35-44
C14500,Regular,25-34
C14501,Regular,18-24
C14502,Loyal,18-24
C14503,New,35-44
C14504,Regular,18-24
C14505,New,45-54
C14506,Regular,25-34
C14507,Loyal,18-24
C14508,Regular,35-44
C14509,Loyal,25-34
C14510,Regular,25-34
C14511,Loyal,25-34
C14512,Regular,18-24
C14513,New,35-44
C14514,New,25-34
C14515,Regular,35-44
C14516,New,35-44
C14517,Regular,35-44
C14518,Regular,35-44
C14519,Loyal,35-44
C14520,Regular,25-34
C14521,Regular,25-34
C14522,Loyal,18-24
C14523,Loyal,35-44
C14524,New,35-44
C14525,Regular,25-34
C14526,Regular,45-54
C14527,Regular,35-44
C14528,Regular,25-34
C14529,Loyal,18-24
C14530,Regular,25-34
C14531,Regular,35-44
C14532,Loyal,18-24
C14533,New,25-34
C14534,Regular,55+
C14535,Regular,35-44
C14536,New,25-34
C14537,Regular,25-34
C14538,New,18-24
C14539,Loyal,55+
C14540,Regular,45-54
C14541,Regular,35-44
C14542,Regular,18-24
C14543,New,25-34
C14544,New,18-24
C14545,Regular,25-34
C14546,Regular,25-34
C14547,Regular,35-44
C14548,Regular,25-34
C14549,Regular,18-24
C14550,Regular,35-44
C14551,New,18-24
C14552,New,45-54
C14553,Regular,25-34
C14554,Loyal,25-34
C14555,New,18-24
C14556,Regular,55+
C14557,Regular,35-44
C14558,Regular,25-34
C14559,Regular,18-24
C14560,New,35-44
C14561,Regular,25-34
C14562,New,55+
C14563,Regular,55+
C14564,Loyal,35-44
C14565,Regular,55+
C14566,New,18-24
C14567,Loyal,25-34
C14568,Loyal,25-34
C14569,Regular,18-24
C14570,Regular,55+
C14571,New,18-24
C14572,Loyal,45-54
C14573,Regular,35-44
C14574,Loyal,25-34
C14575,Regular,18-24
C14576,Regular,18-24
C14577,Loyal,25-34
C14578,Regular,25-34
C14579,New,25-34
C14580,New,35-44
C14581,Regular,35-44
C14582,New,25-34
C14583,Regular,18-24
C14584,Regular,45-54
C14585,Regular,25-34
C14586,Regular,25-34
C14587,Loyal,35-44
C14588,New,55+
C14589,Regular,45-54
C14590,New,18-24
C14591,Regular,25-34
C14592,Loyal,18-24
C14593,Loyal,55+
C14594,Regular,25-34
C14595,Regular,18-24
C14596,Loyal,45-54
C14597,Loyal,55+
C14598,Loyal,35-44
C14599,Regular,18-24
C14600,Loyal,25-34
C14601,New,45-54
C14602,New,25-34
C14603,New,18-24
C14604,New,18-24
C14605,Regular,45-54
C14606,Loyal,25-34
C14607,Regular,35-44
C14608,Regular,25-34
C14609,Regular,25-34
C14610,Regular,55+
C14611,Regular,25-34
C14612,Loyal,35-44
C14613,Regular,18-24
C14614,Regular,18-24
C14615,Regular,35-44
C14616,Loyal,45-54
C14617,New,35-44
C14618,Regular,18-24
C14619,Regular,25-34
C14620,Regular,45-54
C14621,Loyal,25-34
C14622,Regular,45-54
C14623,Regular,25-34
C14624,Loyal,55+
C14625,Regular,45-54
C14626,Regular,18-24
C14627,Regular,35-44
C14628,New,18-24
C14629,Regular,25-34
C14630,New,25-34
C14631,Loyal,25-34
C14632,Regular,25-34
C14633,New,25-34
C14634,Regular,18-24
C14635,Regular,18-24
C14636,New,25-34
C14637,New,25-34
C14638,Regular,35-44
C14639,Regular,35-44
C14640,Regular,45-54
C14641,Regular,25-34
C14642,Regular,18-24
C14643,Regular,35-44
C14644,Regular,35-44
C14645,Regular,25-34
C14646,Regular,35-44
C14647,Loyal,25-34
C14648,Regular,18-24
C14649,Loyal,35-44
C14650,Regular,25-34
C14651,New,25-34
C14652,Regular,25-34
C14653,Regular,25-34
C14654,Regular,35-44
C14655,Regular,18-24
C14656,Loyal,55+
C14657,Regular,35-44
C14658,Regular,25-34
C14659,New,18-24
C14660,Loyal,18-24
C14661,Loyal,35-44
C14662,Regular,25-34
C14663,Regular,25-34
C14664,Regular,25-34
C14665,New,35-44
C14666,Regular,35-44
C14667,New,35-44
C14668,Regular,45-54
C14669,Regular,25-34
C14670,Regular,35-44
C14671,Regular,18-24
C14672,Loyal,25-34
C14673,New,35-44
C14674,Regular,25-34
C14675,New,25-34
C14676,New,45-54
C14677,New,18-24
C14678,Regular,25-34
C14679,Regular,55+
C14680,Loyal,25-34
C14681,Regular,35-44
C14682,New,45-54
C14683,Regular,25-34
C14684,New,25-34
C14685,Regular,35-44
C14686,New,35-44
C14687,Regular,18-24
C14688,Regular,25-34
C14689,Loyal,25-34
C14690,Regular,45-54
C14691,Loyal,25-34
C14692,New,45-54
C14693,Loyal,55+
C14694,Regular,35-44
C14695,New,35-44
C14696,New,25-34
C14697,New,18-24
C14698,Regular,25-34
C14699,New,25-34
C14700,Regular,25-34
C14701,Loyal,35-44
C14702,New,25-34
C14703,Regular,35-44
C14704,Regular,25-34
C14705,Loyal,18-24
C14706,Regular,25-34
C14707,Regular,55+
C14708,Regular,45-54
C14709,New,25-34
C14710,New,25-34
C14711,Regular,45-54
C14712,New,18-24
C14713,Regular,25-34
C14714,New,25-34
C14715,Regular,25-34
C14716,New,25-34
C14717,Loyal,18-24
C14718,Loyal,35-44
C14719,New,18-24
C14720,Regular,35-44
C14721,Regular,25-34
C14722,New,25-34
C14723,Regular,18-24
C14724,New,35-44
C14725,Loyal,25-34
C14726,Loyal,25-34
C14727,Regular,35-44
C14728,Regular,35-44
C14729,Loyal,18-24
C14730,Loyal,18-24
C14731,Loyal,25-34
C14732,New,35-44
C14733,New,25-34
C14734,Regular,35-44
C14735,Regular,35-44
C14736,New,45-54
C14737,New,25-34
C14738,Loyal,25-34
C14739,Loyal,45-54
C14740,Regular,25-34
C14741,Loyal,25-34
C14742,Regular,18-24
C14743,Loyal,45-54
C14744,Regular,25-34
C14745,New,25-34
C14746,Regular,35-44
C14747,Regular,25-34
C14748,Regular,55+
C14749,New,25-34
C14750,Loyal,35-44
C14751,New,25-34
C14752,New,45-54
C14753,Regular,45-54
C14754,Regular,35-44
C14755,Regular,45-54
C14756,Regular,18-24
C14757,Regular,45-54
C14758,Regular,35-44
C14759,Regular,45-54
C14760,New,35-44
C14761,Regular,25-34
C14762,Loyal,35-44
C14763,New,18-24
C14764,Regular,35-44
C14765,Loyal,25-34
C14766,Regular,18-24
C14767,Regular,55+
C14768,Loyal,45-54
C14769,New,45-54
C14770,New,35-44
C14771,Loyal,35-44
C14772,Loyal,35-44
C14773,Regular,18-24
C14774,Regular,45-54
C14775,Loyal,45-54
C14776,Regular,35-44
C14777,New,45-54
C14778,New,25-34
C14779,Regular,25-34
C14780,Loyal,55+
C14781,Loyal,25-34
C14782,Loyal,35-44
C14783,Loyal,25-34
C14784,Regular,35-44
C14785,Regular,35-44
C14786,Regular,35-44
C14787,Regular,25-34
C14788,Regular,25-34
C14789,New,35-44
C14790,Loyal,45-54
C14791,Regular,18-24
C14792,Regular,18-24
C14793,Regular,18-24
C14794,Regular,45-54
C14795,New,35-44
C14796,Loyal,55+
C14797,New,35-44
C14798,New,25-34
C14799,Regular,35-44
C14800,Regular,18-24
C14801,Loyal,25-34
C14802,Loyal,25-34
C14803,Loyal,25-34
C14804,New,25-34
C14805,New,18-24
C14806,Regular,18-24
C14807,New,25-34
C14808,Loyal,35-44
C14809,Regular,18-24
C14810,Loyal,25-34
C14811,New,18-24
C14812,Regular,25-34
C14813,Regular,35-44
C14814,New,45-54
C14815,Regular,45-54
C14816,Regular,25-34
C14817,Regular,18-24
C14818,Regular,18-24
C14819,New,55+
C14820,Regular,35-44
C14821,Regular,18-24
C14822,New,18-24
C14823,New,25-34
C14824,New,25-34
C14825,Regular,45-54
C14826,New,25-34
C14827,Regular,35-44
C14828,Regular,25-34
C14829,Regular,25-34
C14830,Loyal,35-44
C14831,Regular,35-44
C14832,Regular,25-34
C14833,Loyal,25-34
C14834,Regular,45-54
C14835,Regular,18-24
C14836,Regular,25-34
C14837,Regular,25-34
C14838,Regular,35-44
C14839,New,18-24
C14840,Regular,35-44
C14841,New,18-24
C14842,Regular,18-24
C14843,New,35-44
C14844,Regular,35-44
C14845,Regular,45-54
C14846,Regular,25-34
C14847,Regular,25-34
C14848,Loyal,35-44
C14849,Regular,25-34
C14850,Regular,18-24
C14851,Loyal,25-34
C14852,Regular,25-34
C14853,Regular,25-34
C14854,New,55+
C14855,Regular,45-54
C14856,Loyal,55+
C14857,Regular,55+
C14858,Regular,25-34
C14859,Regular,25-34
C14860,Loyal,25-34
C14861,New,45-54
C14862,Regular,25-34
C14863,New,25-34
C14864,Regular,18-24
C14865,Regular,25-34
C14866,New,25-34
C14867,Regular,25-34
C14868,Regular,45-54
C14869,New,18-24
C14870,Regular,55+
C14871,New,18-24
C14872,Regular,55+
C14873,Regular,25-34
C14874,Regular,35-44
C14875,Regular,18-24
C14876,Regular,35-44
C14877,New,45-54
C14878,Loyal,18-24
C14879,Regular,18-24
C14880,New,25-34
C14881,Loyal,18-24
C14882,New,18-24
C14883,Regular,35-44
C14884,Regular,25-34
C14885,Regular,35-44
C14886,Loyal,45-54
C14887,Regular,35-44
C14888,New,18-24
C14889,Loyal,25-34
C14890,Loyal,25-34
C14891,Regular,25-34
C14892,Regular,25-34
C14893,New,45-54
C14894,Regular,35-44
C14895,New,18-24
C14896,New,25-34
C14897,Regular,25-34
C14898,New,55+
C14899,New,55+
C14900,Regular,25-34
C14901,New,25-34
C14902,New,35-44
C14903,New,25-34
C14904,New,25-34
C14905,Regular,35-44
C14906,Loyal,25-34
C14907,Regular,35-44
C14908,Regular,25-34
C14909,New,35-44
C14910,New,35-44
C14911,New,25-34
C14912,Regular,35-44
C14913,Regular,25-34
C14914,Regular,18-24
C14915,Regular,18-24
C14916,New,25-34
C14917,Regular,18-24
C14918,Regular,35-44
C14919,Regular,25-34
C14920,Regular,18-24
C14921,Regular,45-54
C14922,Loyal,35-44
C14923,Loyal,25-34
C14924,Regular,25-34
C14925,Regular,18-24
C14926,New,25-34
C14927,Loyal,45-54
C14928,Regular,18-24
C14929,New,25-34
C14930,Regular,55+
C14931,New,35-44
C14932,Regular,25-34
C14933,Regular,35-44
C14934,Regular,45-54
C14935,New,35-44
C14936,Loyal,45-54
C14937,Regular,25-34
C14938,Loyal,45-54
C14939,Regular,55+
C14940,Regular,25-34
C14941,Regular,35-44
C14942,New,35-44
C14943,New,35-44
C14944,Regular,45-54
C14945,New,18-24
C14946,Loyal,35-44
C14947,New,35-44
C14948,Regular,35-44
C14949,Regular,35-44
C14950,New,18-24
C14951,Regular,25-34
C14952,New,45-54
C14953,Regular,55+
C14954,Regular,25-34
C14955,Regular,25-34
C14956,Regular,45-54
C14957,Loyal,35-44
C14958,Loyal,35-44
C14959,Regular,18-24
C14960,Regular,35-44
C14961,Regular,35-44
C14962,Regular,35-44
C14963,Loyal,35-44
C14964,New,25-34
C14965,Regular,55+
C14966,Regular,35-44
C14967,Regular,25-34
C14968,Regular,55+
C14969,Regular,45-54
C14970,Regular,45-54
C14971,Loyal,25-34
C14972,Regular,25-34
C14973,New,25-34
C14974,New,25-34
C14975,New,25-34
C14976,Regular,25-34
C14977,Regular,25-34
C14978,New,45-54
C14979,Regular,25-34
C14980,Regular,25-34
C14981,New,25-34
C14982,Regular,18-24
C14983,Loyal,45-54
C14984,Regular,25-34
C14985,Regular,35-44
C14986,Regular,35-44
C14987,Regular,35-44
C14988,Regular,25-34
C14989,Regular,18-24
C14990,Loyal,25-34
C14991,Loyal,25-34
C14992,Regular,35-44
C14993,New,25-34
C14994,Regular,25-34
C14995,Regular,18-24
C14996,Regular,35-44
C14997,New,25-34
C14998,New,18-24
C14999,Regular,35-44
C15000,New,25-34
C15001,Regular,25-34
C15002,Regular,25-34
C15003,Regular,55+
C15004,New,25-34
C15005,New,25-34
C15006,New,55+
C15007,New,25-34
C15008,Regular,35-44
C15009,Regular,25-34
C15010,New,18-24
C15011,New,35-44
C15012,New,45-54
C15013,Loyal,25-34
C15014,Regular,35-44
C15015,Loyal,35-44
C15016,Loyal,25-34
C15017,Regular,35-44
C15018,Regular,25-34
C15019,New,25-34
C15020,Regular,25-34
C15021,New,45-54
C15022,Loyal,25-34
C15023,New,35-44
C15024,Regular,25-34
C15025,New,25-34
C15026,Loyal,35-44
C15027,New,35-44
C15028,Regular,25-34
C15029,Regular,25-34
C15030,Regular,45-54
C15031,Regular,18-24
C15032,Loyal,35-44
C15033,New,35-44
C15034,Loyal,35-44
C15035,Regular,55+
C15036,Loyal,35-44
C15037,Regular,25-34
C15038,Regular,25-34
C15039,Loyal,25-34
C15040,Regular,18-24
C15041,Regular,45-54
C15042,New,18-24
C15043,New,35-44
C15044,Regular,35-44
C15045,Regular,45-54
C15046,Regular,25-34
C15047,New,35-44
C15048,Regular,25-34
C15049,Regular,35-44
C15050,Regular,25-34
C15051,Loyal,45-54
C15052,Regular,18-24
C15053,New,25-34
C15054,Loyal,25-34
C15055,Regular,35-44
C15056,Regular,35-44
C15057,New,25-34
C15058,Regular,18-24
C15059,New,25-34
C15060,Regular,25-34
C15061,New,25-34
C15062,New,25-34
C15063,New,35-44
C15064,New,25-34
C15065,New,55+
C15066,Regular,25-34
C15067,New,35-44
C15068,Regular,35-44
C15069,New,25-34
C15070,Loyal,25-34
C15071,Loyal,25-34
C15072,New,18-24
C15073,Regular,25-34
C15074,New,25-34
C15075,Loyal,18-24
C15076,Regular,25-34
C15077,New,25-34
C15078,Regular,18-24
C15079,New,18-24
C15080,Regular,35-44
C15081,Regular,35-44
C15082,Regular,55+
C15083,Regular,18-24
C15084,New,18-24
C15085,New,18-24
C15086,New,25-34
C15087,Loyal,35-44
C15088,New,25-34
C15089,Regular,35-44
C15090,Regular,35-44
C15091,New,55+
C15092,Regular,18-24
C15093,Regular,18-24
C15094,Regular,25-34
C15095,Regular,18-24
C15096,Regular,55+
C15097,New,25-34
C15098,Regular,25-34
C15099,Regular,25-34
C15100,New,25-34
C15101,Regular,18-24
C15102,New,25-34
C15103,New,35-44
C15104,Regular,55+
C15105,Loyal,25-34
C15106,Loyal,25-34
C15107,New,18-24
C15108,Regular,45-54
C15109,Regular,18-24
C15110,New,45-54
C15111,Regular,25-34
C15112,Regular,18-24
C15113,Loyal,25-34
C15114,New,55+
C15115,New,25-34
C15116,Loyal,25-34
C15117,Regular,18-24
C15118,Loyal,35-44
C15119,New,18-24
C15120,Regular,35-44
C15121,Regular,45-54
C15122,New,55+
C15123,Regular,18-24
C15124,Regular,25-34
C15125,New,18-24
C15126,New,25-34
C15127,Regular,45-54
C15128,Regular,25-34
C15129,Loyal,45-54
C15130,Regular,45-54
C15131,New,25-34
C15132,Loyal,35-44
C15133,Loyal,18-24
C15134,New,25-34
C15135,Regular,25-34
C15136,New,55+
C15137,New,25-34
C15138,New,35-44
C15139,New,35-44
C15140,Loyal,35-44
C15141,Regular,35-44
C15142,Loyal,25-34
C15143,Regular,35-44
C15144,Regular,25-34
C15145,Regular,35-44
C15146,Loyal,18-24
C15147,Regular,25-34
C15148,Regular,55+
C15149,Loyal,25-34
C15150,New,25-34
C15151,Regular,18-24
C15152,Loyal,18-24
C15153,Loyal,25-34
C15154,New,25-34
C15155,Regular,45-54
C15156,Regular,25-34
C15157,New,25-34
C15158,Regular,25-34
C15159,New,25-34
C15160,Regular,45-54
C15161,Regular,25-34
C15162,Regular,25-34
C15163,Regular,25-34
C15164,Regular,35-44
C15165,New,25-34
C15166,New,25-34
C15167,New,18-24
C15168,New,55+
C15169,Regular,45-54
C15170,Regular,18-24
C15171,New,45-54
C15172,New,35-44
C15173,Regular,25-34
C15174,New,18-24
C15175,Loyal,35-44
C15176,Regular,18-24
C15177,Regular,35-44
C15178,New,18-24
C15179,Regular,35-44
C15180,New,18-24
C15181,New,25-34
C15182,New,25-34
C15183,Regular,18-24
C15184,Regular,25-34
C15185,New,25-34
C15186,Regular,55+
C15187,Regular,25-34
C15188,Regular,25-34
C15189,New,25-34
C15190,Regular,25-34
C15191,Loyal,18-24
C15192,New,35-44
C15193,New,25-34
C15194,New,35-44
C15195,New,25-34
C15196,Regular,55+
C15197,Loyal,18-24
C15198,Loyal,18-24
C15199,New,35-44
C15200,Regular,55+
C15201,Regular,35-44
C15202,Regular,18-24
C15203,Regular,25-34
C15204,New,45-54
C15205,Regular,18-24
C15206,Regular,18-24
C15207,Regular,45-54
C15208,Regular,45-54
C15209,New,35-44
C15210,New,55+
C15211,Loyal,18-24
C15212,Regular,25-34
C15213,Loyal,35-44
C15214,New,35-44
C15215,Regular,35-44
C15216,Regular,45-54
C15217,Loyal,25-34
C15218,New,18-24
C15219,New,25-34
C15220,Regular,35-44
C15221,Loyal,25-34
C15222,Loyal,45-54
C15223,Loyal,25-34
C15224,Loyal,18-24
C15225,New,25-34
C15226,New,35-44
C15227,New,25-34
C15228,Regular,35-44
C15229,Loyal,25-34
C15230,Loyal,18-24
C15231,New,18-24
C15232,Regular,35-44
C15233,Loyal,25-34
C15234,Regular,45-54
C15235,New,25-34
C15236,Regular,25-34
C15237,Regular,25-34
C15238,Regular,18-24
C15239,Regular,35-44
C15240,New,35-44
C15241,Loyal,35-44
C15242,Regular,25-34
C15243,Regular,25-34
C15244,Loyal,18-24
C15245,New,25-34
C15246,New,25-34
C15247,Loyal,55+
C15248,New,35-44
C15249,Regular,35-44
C15250,New,25-34
C15251,New,18-24
C15252,Regular,25-34
C15253,New,25-34
C15254,Regular,35-44
C15255,Regular,25-34
C15256,Loyal,45-54
C15257,Regular,55+
C15258,New,25-34
C15259,Loyal,35-44
C15260,Regular,35-44
C15261,Regular,18-24
C15262,Loyal,45-54
C15263,Regular,18-24
C15264,Regular,35-44
C15265,Regular,25-34
C15266,New,25-34
C15267,New,25-34
C15268,Regular,45-54
C15269,New,18-24
C15270,New,18-24
C15271,New,25-34
C15272,Regular,18-24
C15273,Regular,35-44
C15274,Regular,35-44
C15275,Regular,45-54
C15276,Regular,35-44
C15277,Regular,45-54
C15278,Regular,35-44
C15279,Regular,55+
C15280,Loyal,18-24
C15281,Loyal,25-34
C15282,Loyal,55+
C15283,Loyal,35-44
C15284,Regular,45-54
C15285,Regular,18-24
C15286,Regular,45-54
C15287,Regular,35-44
C15288,Loyal,18-24
C15289,Regular,18-24
C15290,Loyal,25-34
C15291,Regular,45-54
C15292,Loyal,35-44
C15293,Regular,45-54
C15294,Regular,25-34
C15295,Regular,55+
C15296,Regular,25-34
C15297,Loyal,25-34
C15298,New,18-24
C15299,Regular,55+
C15300,Regular,25-34
C15301,Loyal,18-24
C15302,Regular,18-24
C15303,New,25-34
C15304,Regular,45-54
C15305,Regular,25-34
C15306,New,35-44
C15307,Regular,45-54
C15308,Loyal,25-34
C15309,Loyal,45-54
C15310,New,25-34
C15311,Loyal,55+
C15312,Regular,18-24
C15313,New,35-44
C15314,New,35-44
C15315,New,18-24
C15316,Loyal,25-34
C15317,New,25-34
C15318,New,18-24
C15319,Regular,35-44
C15320,Regular,55+
C15321,Regular,25-34
C15322,Regular,25-34
C15323,New,18-24
C15324,Loyal,18-24
C15325,New,25-34
C15326,Regular,55+
C15327,Regular,45-54
C15328,New,25-34
C15329,Loyal,25-34
C15330,Regular,25-34
C15331,New,35-44
C15332,Loyal,35-44
C15333,Regular,35-44
C15334,Regular,18-24
C15335,Regular,55+
C15336,Loyal,18-24
C15337,New,25-34
C15338,New,45-54
C15339,Regular,25-34
C15340,New,18-24
C15341,Regular,25-34
C15342,Regular,25-34
C15343,New,18-24
C15344,New,25-34
C15345,Regular,25-34
C15346,Loyal,45-54
C15347,Regular,18-24
C15348,Regular,35-44
C15349,New,25-34
C15350,Regular,35-44
C15351,New,25-34
C15352,Regular,35-44
C15353,Regular,35-44
C15354,Loyal,18-24
C15355,Regular,45-54
C15356,Regular,45-54
C15357,Regular,18-24
C15358,Loyal,35-44
C15359,Regular,35-44
C15360,New,18-24
C15361,Loyal,25-34
C15362,New,55+
C15363,New,25-34
C15364,New,55+
C15365,Loyal,35-44
C15366,New,18-24
C15367,Loyal,18-24
C15368,Regular,35-44
C15369,New,25-34
C15370,Regular,18-24
C15371,New,35-44
C15372,Regular,45-54
C15373,Regular,35-44
C15374,Regular,25-34
C15375,New,25-34
C15376,Regular,55+
C15377,Loyal,45-54
C15378,Regular,25-34
C15379,Loyal,45-54
C15380,New,18-24
C15381,Loyal,18-24
C15382,Regular,18-24
C15383,New,18-24
C15384,Loyal,45-54
C15385,Loyal,25-34
C15386,Regular,25-34
C15387,New,45-54
C15388,New,45-54
C15389,Regular,18-24
C15390,Loyal,35-44
C15391,New,35-44
C15392,Loyal,35-44
C15393,New,35-44
C15394,Loyal,18-24
C15395,Loyal,25-34
C15396,Regular,45-54
C15397,Regular,45-54
C15398,Loyal,25-34
C15399,Regular,18-24
C15400,Regular,45-54
C15401,Regular,25-34
C15402,New,25-34
C15403,Loyal,25-34
C15404,New,25-34
C15405,Loyal,25-34
C15406,New,25-34
C15407,Regular,18-24
C15408,New,55+
C15409,New,55+
C15410,New,55+
C15411,Regular,45-54
C15412,Regular,35-44
C15413,Loyal,25-34
C15414,New,18-24
C15415,Regular,18-24
C15416,Regular,25-34
C15417,New,25-34
C15418,Regular,55+
C15419,Regular,25-34
C15420,Regular,25-34
C15421,Regular,35-44
C15422,Regular,18-24
C15423,New,55+
C15424,Regular,25-34
C15425,Loyal,25-34
C15426,Regular,55+
C15427,Regular,35-44
C15428,New,25-34
C15429,Loyal,35-44
C15430,New,35-44
C15431,Regular,18-24
C15432,Loyal,45-54
C15433,Regular,55+
C15434,Regular,25-34
C15435,Regular,35-44
C15436,New,45-54
C15437,Regular,25-34
C15438,New,55+
C15439,Regular,35-44
C15440,New,25-34
C15441,Loyal,35-44
C15442,New,25-34
C15443,Regular,18-24
C15444,Regular,35-44
C15445,Regular,25-34
C15446,Regular,35-44
C15447,Regular,18-24
C15448,New,25-34
C15449,Regular,35-44
C15450,Regular,55+
C15451,Regular,45-54
C15452,New,45-54
C15453,Loyal,25-34
C15454,Regular,45-54
C15455,New,18-24
C15456,Regular,18-24
C15457,Loyal,18-24
C15458,New,45-54
C15459,Regular,18-24
C15460,Regular,18-24
C15461,New,25-34
C15462,Loyal,25-34
C15463,Regular,45-54
C15464,New,25-34
C15465,Loyal,25-34
C15466,Regular,18-24
C15467,Loyal,25-34
C15468,Regular,18-24
C15469,Regular,25-34
C15470,Loyal,35-44
C15471,New,25-34
C15472,Regular,45-54
C15473,Regular,55+
C15474,New,18-24
C15475,Regular,18-24
C15476,New,35-44
C15477,Regular,18-24
C15478,Regular,25-34
C15479,Loyal,25-34
C15480,New,45-54
C15481,Regular,35-44
C15482,New,18-24
C15483,Regular,18-24
C15484,Regular,18-24
C15485,Regular,25-34
C15486,Loyal,25-34
C15487,Loyal,45-54
C15488,New,25-34
C15489,Regular,25-34
C15490,Regular,25-34
C15491,Regular,18-24
C15492,New,55+
C15493,Regular,18-24
C15494,Regular,25-34
C15495,Regular,18-24
C15496,Loyal,25-34
C15497,Regular,55+
C15498,New,18-24
C15499,New,25-34
C15500,Loyal,18-24
C15501,Loyal,35-44
C15502,Regular,35-44
C15503,Regular,35-44
C15504,Loyal,25-34
C15505,Regular,45-54
C15506,Loyal,25-34
C15507,Regular,25-34
C15508,Regular,35-44
C15509,Regular,25-34
C15510,New,18-24
C15511,New,25-34
C15512,Regular,18-24
C15513,Loyal,25-34
C15514,Regular,35-44
C15515,Regular,18-24
C15516,New,35-44
C15517,New,45-54
C15518,Regular,25-34
C15519,Regular,25-34
C15520,Regular,45-54
C15521,New,35-44
C15522,Loyal,18-24
C15523,Regular,25-34
C15524,Loyal,35-44
C15525,Regular,25-34
C15526,New,35-44
C15527,Regular,25-34
C15528,Regular,35-44
C15529,Regular,25-34
C15530,Regular,35-44
C15531,New,55+
C15532,Regular,25-34
C15533,Loyal,35-44
C15534,New,25-34
C15535,New,25-34
C15536,Loyal,55+
C15537,New,18-24
C15538,Regular,25-34
C15539,Regular,25-34
C15540,Regular,25-34
C15541,Regular,35-44
C15542,New,18-24
C15543,New,18-24
C15544,Regular,25-34
C15545,Regular,25-34
C15546,Regular,25-34
C15547,Regular,35-44
C15548,New,25-34
C15549,New,25-34
C15550,Loyal,35-44
C15551,Regular,18-24
C15552,New,18-24
C15553,New,35-44
C15554,New,25-34
C15555,Regular,25-34
C15556,Loyal,25-34
C15557,Loyal,25-34
C15558,Loyal,25-34
C15559,Loyal,55+
C15560,Loyal,25-34
C15561,Regular,35-44
C15562,New,45-54
C15563,Regular,35-44
C15564,New,25-34
C15565,New,25-34
C15566,New,25-34
C15567,Regular,45-54
C15568,Regular,18-24
C15569,New,45-54
C15570,Regular,35-44
C15571,Loyal,45-54
C15572,Regular,18-24
C15573,Loyal,45-54
C15574,New,18-24
C15575,New,35-44
C15576,Regular,25-34
C15577,Regular,35-44
C15578,Regular,35-44
C15579,Regular,18-24
C15580,Regular,25-34
C15581,Loyal,25-34
C15582,Regular,25-34
C15583,New,35-44
C15584,Regular,18-24
C15585,New,25-34
C15586,New,35-44
C15587,New,25-34
C15588,Regular,55+
C15589,New,25-34
C15590,New,18-24
C15591,Regular,18-24
C15592,Regular,25-34
C15593,Regular,25-34
C15594,Regular,18-24
C15595,New,18-24
C15596,New,25-34
C15597,New,35-44
C15598,Loyal,18-24
C15599,Regular,35-44
C15600,New,55+
C15601,Regular,55+
C15602,Loyal,45-54
C15603,Regular,45-54
C15604,Loyal,25-34
C15605,New,18-24
C15606,New,25-34
C15607,Regular,35-44
C15608,Regular,45-54
C15609,Regular,25-34
C15610,Regular,25-34
C15611,Regular,35-44
C15612,Regular,25-34
C15613,New,25-34
C15614,Regular,25-34
C15615,Loyal,55+
C15616,New,25-34
C15617,Regular,25-34
C15618,Regular,25-34
C15619,Loyal,25-34
C15620,Regular,25-34
C15621,Regular,25-34
C15622,Loyal,25-34
C15623,Loyal,18-24
C15624,Regular,25-34
C15625,Regular,25-34
C15626,Regular,45-54
C15627,Regular,18-24
C15628,Loyal,18-24
C15629,Loyal,45-54
C15630,New,18-24
C15631,Regular,18-24
C15632,Regular,18-24
C15633,Loyal,45-54
C15634,Regular,45-54
C15635,Regular,25-34
C15636,New,35-44
C15637,Regular,25-34
C15638,New,45-54
C15639,Loyal,18-24
C15640,Regular,45-54
C15641,Regular,18-24
C15642,Regular,25-34
C15643,Loyal,18-24
C15644,New,35-44
C15645,New,35-44
C15646,Loyal,25-34
C15647,Loyal,35-44
C15648,Loyal,35-44
C15649,New,35-44
C15650,New,25-34
C15651,New,25-34
C15652,New,18-24
C15653,Regular,25-34
C15654,New,35-44
C15655,Regular,35-44
C15656,New,35-44
C15657,Regular,25-34
C15658,Loyal,35-44
C15659,New,25-34
C15660,Regular,55+
C15661,New,25-34
C15662,New,35-44
C15663,Regular,35-44
C15664,Regular,45-54
C15665,Regular,25-34
C15666,Loyal,25-34
C15667,Regular,25-34
C15668,New,25-34
C15669,Regular,35-44
C15670,New,55+
C15671,Regular,18-24
C15672,Regular,25-34
C15673,New,45-54
C15674,Loyal,18-24
C15675,Loyal,25-34
C15676,Loyal,45-54
C15677,New,45-54
C15678,Regular,25-34
C15679,Loyal,18-24
C15680,Regular,18-24
C15681,Loyal,35-44
C15682,New,18-24
C15683,New,18-24
C15684,Regular,35-44
C15685,Regular,35-44
C15686,Regular,45-54
C15687,Loyal,18-24
C15688,New,18-24
C15689,New,45-54
C15690,Loyal,35-44
C15691,New,45-54
C15692,Regular,55+
C15693,Regular,45-54
C15694,New,25-34
C15695,New,25-34
C15696,Regular,25-34
C15697,Loyal,35-44
C15698,Regular,25-34
C15699,Regular,35-44
C15700,Regular,18-24
C15701,New,35-44
C15702,New,18-24
C15703,Regular,25-34
C15704,New,45-54
C15705,New,18-24
C15706,Regular,25-34
C15707,Regular,18-24
C15708,New,45-54
C15709,Regular,45-54
C15710,Regular,55+
C15711,New,45-54
C15712,Loyal,35-44
C15713,New,18-24
C15714,Loyal,25-34
C15715,New,25-34
C15716,Loyal,35-44
C15717,New,35-44
C15718,Regular,25-34
C15719,Regular,18-24
C15720,Regular,25-34
C15721,Regular,18-24
C15722,New,35-44
C15723,Regular,25-34
C15724,New,35-44
C15725,Loyal,18-24
C15726,New,55+
C15727,Regular,18-24
C15728,Regular,25-34
C15729,Regular,35-44
C15730,New,18-24
C15731,Regular,18-24
C15732,Regular,18-24
C15733,Loyal,35-44
C15734,Regular,45-54
C15735,Regular,25-34
C15736,Regular,35-44
C15737,New,25-34
C15738,Regular,18-24
C15739,Regular,18-24
C15740,Regular,45-54
C15741,Regular,18-24
C15742,Regular,55+
C15743,Loyal,18-24
C15744,Regular,35-44
C15745,Regular,55+
C15746,Regular,25-34
C15747,Regular,35-44
C15748,New,25-34
C15749,New,25-34
C15750,New,25-34
C15751,Regular,45-54
C15752,Loyal,25-34
C15753,New,25-34
C15754,Regular,55+
C15755,Loyal,25-34
C15756,Loyal,25-34
C15757,Regular,55+
C15758,New,25-34
C15759,New,25-34
C15760,New,45-54
C15761,New,25-34
C15762,New,25-34
C15763,Regular,25-34
C15764,New,35-44
C15765,New,18-24
C15766,New,25-34
C15767,Regular,25-34
C15768,Regular,25-34
C15769,Regular,35-44
C15770,New,25-34
C15771,Regular,35-44
C15772,New,25-34
C15773,New,25-34
C15774,Loyal,25-34
C15775,Loyal,18-24
C15776,Regular,18-24
C15777,Loyal,35-44
C15778,Regular,35-44
C15779,New,18-24
C15780,Loyal,35-44
C15781,New,55+
C15782,Regular,18-24
C15783,New,25-34
C15784,Regular,35-44
C15785,Regular,18-24
C15786,Regular,35-44
C15787,New,55+
C15788,Regular,18-24
C15789,Regular,45-54
C15790,Loyal,25-34
C15791,Regular,18-24
C15792,Regular,25-34
C15793,New,18-24
C15794,Loyal,25-34
C15795,New,18-24
C15796,New,35-44
C15797,Regular,25-34
C15798,Loyal,25-34
C15799,New,18-24
C15800,New,25-34
C15801,Regular,18-24
C15802,New,35-44
C15803,Regular,18-24
C15804,Regular,35-44
C15805,Regular,25-34
C15806,New,35-44
C15807,New,25-34
C15808,Loyal,25-34
C15809,Loyal,35-44
C15810,New,25-34
C15811,New,45-54
C15812,New,35-44
C15813,Regular,25-34
C15814,Regular,45-54
C15815,Regular,45-54
C15816,Regular,25-34
C15817,Regular,18-24
C15818,Loyal,25-34
C15819,New,25-34
C15820,New,25-34
C15821,New,35-44
C15822,Loyal,35-44
C15823,Regular,35-44
C15824,Regular,35-44
C15825,New,18-24
C15826,New,18-24
C15827,New,35-44
C15828,Regular,25-34
C15829,New,35-44
C15830,New,18-24
C15831,Regular,18-24
C15832,New,25-34
C15833,Regular,25-34
C15834,New,25-34
C15835,Loyal,25-34
C15836,Regular,18-24
C15837,Loyal,18-24
C15838,Regular,18-24
C15839,Loyal,25-34
C15840,Loyal,45-54
C15841,Regular,25-34
C15842,Loyal,18-24
C15843,Regular,35-44
C15844,Regular,45-54
C15845,New,18-24
C15846,Regular,25-34
C15847,Regular,18-24
C15848,Regular,18-24
C15849,New,35-44
C15850,Regular,55+
C15851,New,35-44
C15852,Regular,55+
C15853,New,25-34
C15854,Loyal,45-54
C15855,New,25-34
C15856,New,18-24
C15857,Loyal,35-44
C15858,Regular,25-34
C15859,New,25-34
C15860,Regular,35-44
C15861,New,25-34
C15862,Loyal,25-34
C15863,Regular,25-34
C15864,New,35-44
C15865,Regular,25-34
C15866,New,25-34
C15867,Regular,18-24
C15868,Loyal,35-44
C15869,Loyal,35-44
C15870,Regular,18-24
C15871,Regular,25-34
C15872,New,25-34
C15873,Regular,25-34
C15874,Regular,25-34
C15875,Regular,25-34
C15876,Loyal,35-44
C15877,New,45-54
C15878,New,18-24
C15879,New,25-34
C15880,New,35-44
C15881,New,35-44
C15882,Regular,18-24
C15883,New,25-34
C15884,New,18-24
C15885,Regular,25-34
C15886,New,35-44
C15887,Regular,18-24
C15888,Regular,25-34
C15889,Regular,25-34
C15890,Loyal,45-54
C15891,New,18-24
C15892,Regular,25-34
C15893,Loyal,35-44
C15894,Regular,45-54
C15895,New,35-44
C15896,Regular,25-34
C15897,Regular,45-54
C15898,Loyal,35-44
C15899,New,35-44
C15900,New,18-24
C15901,Regular,18-24
C15902,New,35-44
C15903,New,55+
C15904,New,35-44
C15905,New,45-54
C15906,New,25-34
C15907,Loyal,25-34
C15908,New,35-44
C15909,New,35-44
C15910,New,35-44
C15911,Loyal,55+
C15912,Regular,25-34
C15913,Regular,18-24
C15914,New,45-54
C15915,Loyal,18-24
C15916,Regular,35-44
C15917,New,45-54
C15918,Regular,25-34
C15919,Loyal,45-54
C15920,Regular,25-34
C15921,Loyal,35-44
C15922,Loyal,18-24
C15923,New,35-44
C15924,Regular,35-44
C15925,New,25-34
C15926,Loyal,35-44
C15927,New,45-54
C15928,Loyal,35-44
C15929,Regular,55+
C15930,Regular,25-34
C15931,New,25-34
C15932,Regular,25-34
C15933,Loyal,55+
C15934,New,18-24
C15935,Regular,25-34
C15936,New,25-34
C15937,Regular,25-34
C15938,New,45-54
C15939,New,25-34
C15940,Loyal,45-54
C15941,Regular,25-34
C15942,New,45-54
C15943,Regular,25-34
C15944,New,25-34
C15945,New,25-34
C15946,Regular,25-34
C15947,New,25-34
C15948,Regular,25-34
C15949,Regular,18-24
C15950,Regular,25-34
C15951,Loyal,35-44
C15952,New,25-34
C15953,Regular,35-44
C15954,New,55+
C15955,New,25-34
C15956,Loyal,25-34
C15957,Regular,18-24
C15958,Regular,25-34
C15959,Regular,35-44
C15960,New,25-34
C15961,Regular,18-24
C15962,Regular,25-34
C15963,Regular,45-54
C15964,New,35-44
C15965,Regular,55+
C15966,Regular,45-54
C15967,Regular,18-24
C15968,Regular,18-24
C15969,Regular,25-34
C15970,Regular,25-34
C15971,Loyal,25-34
C15972,New,18-24
C15973,Loyal,18-24
C15974,Regular,18-24
C15975,Regular,45-54
C15976,Loyal,55+
C15977,Regular,18-24
C15978,Loyal,25-34
C15979,New,18-24
C15980,New,45-54
C15981,Regular,55+
C15982,Loyal,25-34
C15983,Loyal,25-34
C15984,Regular,25-34
C15985,Regular,25-34
C15986,Regular,35-44
C15987,Loyal,25-34
C15988,New,55+
C15989,Regular,18-24
C15990,Regular,35-44
C15991,Regular,25-34
C15992,Regular,25-34
C15993,Loyal,35-44
C15994,Regular,45-54
C15995,Loyal,35-44
C15996,New,35-44
C15997,Regular,35-44
C15998,Regular,25-34
C15999,Regular,35-44
C16000,Loyal,35-44
C16001,New,25-34
C16002,New,25-34
C16003,Regular,35-44
C16004,New,45-54
C16005,Loyal,25-34
C16006,New,45-54
C16007,Regular,45-54
C16008,New,25-34
C16009,Regular,35-44
C16010,Regular,18-24
C16011,New,18-24
C16012,Regular,25-34
C16013,Regular,45-54
C16014,Loyal,18-24
C16015,New,45-54
C16016,Regular,25-34
C16017,Loyal,45-54
C16018,Regular,45-54
C16019,Loyal,45-54
C16020,Loyal,35-44
C16021,Regular,45-54
C16022,Regular,18-24
C16023,New,25-34
C16024,Regular,25-34
C16025,Loyal,35-44
C16026,Regular,18-24
C16027,Regular,18-24
C16028,Regular,45-54
C16029,New,35-44
C16030,Loyal,45-54
C16031,Regular,18-24
C16032,New,25-34
C16033,Loyal,25-34
C16034,Regular,18-24
C16035,Regular,25-34
C16036,Regular,25-34
C16037,Regular,18-24
C16038,Loyal,25-34
C16039,Regular,25-34
C16040,Regular,18-24
C16041,New,35-44
C16042,Loyal,35-44
C16043,New,45-54
C16044,Loyal,25-34
C16045,Regular,55+
C16046,Regular,45-54
C16047,Loyal,25-34
C16048,New,25-34
C16049,Regular,18-24
C16050,Regular,35-44
C16051,Regular,25-34
C16052,Regular,55+
C16053,Regular,35-44
C16054,Regular,55+
C16055,Loyal,45-54
C16056,Regular,55+
C16057,Regular,25-34
C16058,Loyal,18-24
C16059,Regular,35-44
C16060,New,35-44
C16061,Regular,25-34
C16062,New,35-44
C16063,New,35-44
C16064,New,18-24
C16065,New,25-34
C16066,Regular,55+
C16067,New,25-34
C16068,New,35-44
C16069,New,18-24
C16070,New,35-44
C16071,New,55+
C16072,Regular,25-34
C16073,Loyal,25-34
C16074,Loyal,35-44
C16075,Loyal,45-54
C16076,New,18-24
C16077,New,25-34
C16078,New,18-24
C16079,Regular,25-34
C16080,New,25-34
C16081,Regular,55+
C16082,New,25-34
C16083,New,25-34
C16084,Loyal,45-54
C16085,Regular,25-34
C16086,Loyal,35-44
C16087,Regular,35-44
C16088,Loyal,25-34
C16089,Regular,18-24
C16090,Loyal,25-34
C16091,New,25-34
C16092,Regular,25-34
C16093,Regular,55+
C16094,Regular,25-34
C16095,Loyal,45-54
C16096,Loyal,18-24
C16097,Regular,55+
C16098,Regular,35-44
C16099,Regular,45-54
C16100,Loyal,25-34
C16101,Regular,25-34
C16102,New,35-44
C16103,Regular,35-44
C16104,New,45-54
C16105,Regular,18-24
C16106,Regular,45-54
C16107,Regular,55+
C16108,Regular,35-44
C16109,New,18-24
C16110,New,45-54
C16111,Regular,25-34
C16112,New,45-54
C16113,Regular,45-54
C16114,Loyal,18-24
C16115,Loyal,35-44
C16116,Loyal,25-34
C16117,Loyal,55+
C16118,Regular,25-34
C16119,New,25-34
C16120,New,45-54
C16121,Loyal,18-24
C16122,Regular,35-44
C16123,New,25-34
C16124,Regular,25-34
C16125,Regular,35-44
C16126,Regular,25-34
C16127,Loyal,55+
C16128,Regular,18-24
C16129,Loyal,25-34
C16130,Regular,25-34
C16131,Regular,35-44
C16132,Loyal,25-34
C16133,Loyal,18-24
C16134,New,55+
C16135,New,25-34
C16136,Regular,25-34
C16137,Regular,25-34
C16138,Regular,25-34
C16139,Loyal,18-24
C16140,New,18-24
C16141,Regular,18-24
C16142,New,18-24
C16143,Loyal,25-34
C16144,Loyal,35-44
C16145,Regular,35-44
C16146,New,18-24
C16147,Regular,45-54
C16148,Regular,45-54
C16149,Regular,55+
C16150,Loyal,25-34
C16151,Loyal,35-44
C16152,Regular,18-24
C16153,Regular,45-54
C16154,New,18-24
C16155,Regular,25-34
C16156,Regular,25-34
C16157,New,35-44
C16158,New,25-34
C16159,New,18-24
C16160,New,25-34
C16161,Regular,45-54
C16162,Regular,45-54
C16163,Regular,35-44
C16164,Regular,25-34
C16165,Regular,18-24
C16166,Loyal,25-34
C16167,Regular,25-34
C16168,Loyal,25-34
C16169,Regular,35-44
C16170,Regular,25-34
C16171,New,18-24
C16172,Regular,25-34
C16173,Loyal,18-24
C16174,Loyal,35-44
C16175,Loyal,18-24
C16176,New,25-34
C16177,Regular,35-44
C16178,Regular,25-34
C16179,Regular,18-24
C16180,New,25-34
C16181,Loyal,18-24
C16182,Loyal,35-44
C16183,Regular,35-44
C16184,New,25-34
C16185,New,25-34
C16186,Regular,45-54
C16187,New,25-34
C16188,Loyal,55+
C16189,Regular,18-24
C16190,Regular,35-44
C16191,Regular,35-44
C16192,New,45-54
C16193,Loyal,18-24
C16194,Regular,25-34
C16195,Loyal,18-24
C16196,Regular,55+
C16197,Regular,25-34
C16198,New,45-54
C16199,Regular,25-34
C16200,Regular,18-24
C16201,Regular,25-34
C16202,Regular,35-44
C16203,New,45-54
C16204,Loyal,25-34
C16205,Loyal,45-54
C16206,New,25-34
C16207,Loyal,35-44
C16208,New,35-44
C16209,Regular,25-34
C16210,Regular,18-24
C16211,Loyal,25-34
C16212,New,18-24
C16213,Regular,45-54
C16214,Regular,55+
C16215,Regular,35-44
C16216,Regular,35-44
C16217,New,25-34
C16218,Regular,18-24
C16219,Loyal,45-54
C16220,Loyal,25-34
C16221,Loyal,35-44
C16222,Regular,35-44
C16223,Regular,25-34
C16224,Regular,18-24
C16225,New,35-44
C16226,Loyal,25-34
C16227,New,45-54
C16228,Loyal,25-34
C16229,New,25-34
C16230,Loyal,18-24
C16231,New,35-44
C16232,New,25-34
C16233,Regular,25-34
C16234,New,25-34
C16235,Regular,25-34
C16236,Regular,25-34
C16237,New,25-34
C16238,Loyal,25-34
C16239,Regular,25-34
C16240,Regular,25-34
C16241,Regular,18-24
C16242,Regular,25-34
C16243,New,25-34
C16244,New,25-34
C16245,Regular,55+
C16246,Regular,18-24
C16247,Regular,35-44
C16248,Regular,18-24
C16249,Regular,45-54
C16250,New,45-54
C16251,Regular,25-34
C16252,Regular,45-54
C16253,New,25-34
C16254,New,18-24
C16255,New,25-34
C16256,Loyal,25-34
C16257,Regular,25-34
C16258,New,25-34
C16259,New,25-34
C16260,Regular,35-44
C16261,Regular,25-34
C16262,Regular,18-24
C16263,Loyal,25-34
C16264,Regular,25-34
C16265,New,18-24
C16266,Regular,18-24
C16267,Loyal,25-34
C16268,Regular,25-34
C16269,Regular,45-54
C16270,Regular,18-24
C16271,Regular,18-24
C16272,Regular,25-34
C16273,Loyal,55+
C16274,Regular,35-44
C16275,Regular,25-34
C16276,New,18-24
C16277,New,25-34
C16278,Regular,25-34
C16279,New,35-44
C16280,Regular,35-44
C16281,New,25-34
C16282,Regular,18-24
C16283,Loyal,35-44
C16284,Regular,35-44
C16285,New,45-54
C16286,Regular,25-34
C16287,Loyal,35-44
C16288,Regular,18-24
C16289,New,25-34
C16290,New,35-44
C16291,Regular,45-54
C16292,New,25-34
C16293,Loyal,35-44
C16294,Loyal,35-44
C16295,New,25-34
C16296,Regular,45-54
C16297,New,25-34
C16298,Loyal,35-44
C16299,Regular,25-34
C16300,Regular,25-34
C16301,Regular,45-54
C16302,Regular,25-34
C16303,Regular,18-24
C16304,Regular,45-54
C16305,Regular,45-54
C16306,Regular,25-34
C16307,New,18-24
C16308,New,35-44
C16309,Regular,18-24
C16310,Regular,25-34
C16311,Regular,18-24
C16312,Loyal,35-44
C16313,New,18-24
C16314,New,35-44
C16315,New,35-44
C16316,Regular,25-34
C16317,Regular,18-24
C16318,Regular,18-24
C16319,New,25-34
C16320,Regular,25-34
C16321,Loyal,35-44
C16322,Loyal,18-24
C16323,Loyal,35-44
C16324,Regular,35-44
C16325,Loyal,25-34
C16326,New,25-34
C16327,New,45-54
C16328,New,35-44
C16329,Regular,55+
C16330,Loyal,25-34
C16331,New,45-54
C16332,Regular,18-24
C16333,Regular,25-34
C16334,Loyal,25-34
C16335,Regular,25-34
C16336,Loyal,35-44
C16337,Regular,18-24
C16338,Regular,45-54
C16339,Regular,25-34
C16340,Regular,45-54
C16341,New,18-24
C16342,Regular,35-44
C16343,Regular,25-34
C16344,Regular,25-34
C16345,Regular,35-44
C16346,Regular,25-34
C16347,Regular,25-34
C16348,New,35-44
C16349,Regular,25-34
C16350,New,25-34
C16351,New,25-34
C16352,Regular,25-34
C16353,New,35-44
C16354,Loyal,18-24
C16355,Regular,35-44
C16356,Loyal,35-44
C16357,New,35-44
C16358,Regular,45-54
C16359,Regular,25-34
C16360,Loyal,25-34
C16361,Regular,18-24
C16362,New,25-34
C16363,Loyal,18-24
C16364,Regular,45-54
C16365,New,45-54
C16366,Regular,25-34
C16367,Regular,25-34
C16368,New,18-24
C16369,Regular,45-54
C16370,New,45-54
C16371,Regular,25-34
C16372,Regular,35-44
C16373,Regular,25-34
C16374,Regular,25-34
C16375,New,18-24
C16376,New,25-34
C16377,New,18-24
C16378,Regular,18-24
C16379,Regular,18-24
C16380,Loyal,25-34
C16381,New,35-44
C16382,Regular,25-34
C16383,Regular,45-54
C16384,Regular,25-34
C16385,Loyal,25-34
C16386,New,25-34
C16387,New,25-34
C16388,Regular,18-24
C16389,Regular,25-34
C16390,New,45-54
C16391,New,35-44
C16392,New,45-54
C16393,Regular,18-24
C16394,New,25-34
C16395,Regular,25-34
C16396,Regular,35-44
C16397,Regular,55+
C16398,Loyal,45-54
C16399,New,18-24
C16400,Loyal,25-34
C16401,Regular,18-24
C16402,Regular,18-24
C16403,Regular,18-24
C16404,Regular,25-34
C16405,Loyal,25-34
C16406,Loyal,25-34
C16407,New,25-34
C16408,New,35-44
C16409,Regular,18-24
C16410,Loyal,18-24
C16411,Regular,35-44
C16412,Regular,25-34
C16413,Regular,18-24
C16414,Regular,45-54
C16415,Regular,25-34
C16416,Regular,25-34
C16417,Loyal,25-34
C16418,Regular,25-34
C16419,Regular,25-34
C16420,Regular,25-34
C16421,Regular,25-34
C16422,New,45-54
C16423,New,25-34
C16424,Regular,35-44
C16425,Regular,25-34
C16426,Regular,25-34
C16427,New,25-34
C16428,Regular,35-44
C16429,Regular,35-44
C16430,Regular,18-24
C16431,New,18-24
C16432,Regular,45-54
C16433,Loyal,45-54
C16434,New,25-34
C16435,New,25-34
C16436,Regular,45-54
C16437,Regular,18-24
C16438,Regular,35-44
C16439,Regular,25-34
C16440,Regular,35-44
C16441,Regular,18-24
C16442,New,35-44
C16443,New,25-34
C16444,Regular,45-54
C16445,New,35-44
C16446,Loyal,45-54
C16447,Loyal,45-54
C16448,Loyal,25-34
C16449,Loyal,18-24
C16450,Regular,35-44
C16451,Loyal,45-54
C16452,New,18-24
C16453,New,25-34
C16454,Regular,18-24
C16455,New,18-24
C16456,Loyal,35-44
C16457,Regular,35-44
C16458,Regular,35-44
C16459,New,45-54
C16460,Regular,18-24
C16461,New,18-24
C16462,Loyal,45-54
C16463,New,25-34
C16464,Regular,25-34
C16465,New,35-44
C16466,New,45-54
C16467,Regular,35-44
C16468,New,35-44
C16469,Regular,25-34
C16470,New,25-34
C16471,Regular,45-54
C16472,Regular,35-44
C16473,New,25-34
C16474,Regular,25-34
C16475,Loyal,35-44
C16476,New,25-34
C16477,New,35-44
C16478,Regular,18-24
C16479,Regular,25-34
C16480,Regular,35-44
C16481,Regular,18-24
C16482,Regular,25-34
C16483,New,45-54
C16484,Regular,35-44
C16485,Regular,25-34
C16486,Regular,25-34
C16487,Loyal,25-34
C16488,Regular,25-34
C16489,Loyal,18-24
C16490,New,25-34
C16491,New,25-34
C16492,New,25-34
C16493,Regular,18-24
C16494,New,18-24
C16495,New,55+
C16496,Regular,55+
C16497,Regular,25-34
C16498,New,35-44
C16499,New,35-44
C16500,Loyal,18-24
C16501,New,25-34
C16502,Regular,25-34
C16503,Regular,35-44
C16504,Regular,25-34
C16505,New,45-54
C16506,Regular,35-44
C16507,Regular,45-54
C16508,Regular,45-54
C16509,New,45-54
C16510,New,25-34
C16511,Loyal,25-34
C16512,Regular,25-34
C16513,Regular,35-44
C16514,Regular,25-34
C16515,Loyal,45-54
C16516,Regular,55+
C16517,Regular,25-34
C16518,Loyal,25-34
C16519,Regular,45-54
C16520,New,18-24
C16521,New,18-24
C16522,Regular,45-54
C16523,Loyal,35-44
C16524,Regular,25-34
C16525,Regular,45-54
C16526,Regular,25-34
C16527,Regular,35-44
C16528,Regular,35-44
C16529,New,18-24
C16530,Loyal,25-34
C16531,Regular,45-54
C16532,Regular,18-24
C16533,New,18-24
C16534,New,25-34
C16535,Regular,18-24
C16536,Regular,45-54
C16537,Regular,18-24
C16538,Regular,35-44
C16539,Regular,25-34
C16540,Loyal,45-54
C16541,New,35-44
C16542,Regular,25-34
C16543,Regular,55+
C16544,Regular,18-24
C16545,Regular,25-34
C16546,Regular,55+
C16547,Loyal,35-44
C16548,New,35-44
C16549,Regular,18-24
C16550,New,18-24
C16551,New,18-24
C16552,Regular,55+
C16553,New,55+
C16554,Loyal,25-34
C16555,Loyal,25-34
C16556,Regular,18-24
C16557,Regular,25-34
C16558,Regular,25-34
C16559,Loyal,35-44
C16560,Regular,45-54
C16561,New,35-44
C16562,Regular,35-44
C16563,Regular,35-44
C16564,Regular,35-44
C16565,Loyal,25-34
C16566,Loyal,25-34
C16567,Regular,25-34
C16568,Regular,35-44
C16569,Loyal,55+
C16570,New,35-44
C16571,Regular,45-54
C16572,New,18-24
C16573,Loyal,35-44
C16574,Regular,45-54
C16575,New,35-44
C16576,Loyal,55+
C16577,Regular,35-44
C16578,Loyal,25-34
C16579,New,25-34
C16580,Regular,25-34
C16581,Regular,45-54
C16582,Regular,18-24
C16583,Regular,35-44
C16584,Loyal,35-44
C16585,Regular,18-24
C16586,Loyal,18-24
C16587,New,25-34
C16588,New,25-34
C16589,New,18-24
C16590,Regular,18-24
C16591,Regular,18-24
C16592,Loyal,35-44
C16593,Regular,35-44
C16594,Regular,35-44
C16595,Regular,25-34
C16596,New,55+
C16597,New,45-54
C16598,Regular,55+
C16599,Regular,25-34
C16600,Regular,45-54
C16601,Regular,35-44
C16602,Regular,25-34
C16603,Regular,18-24
C16604,Loyal,35-44
C16605,New,18-24
C16606,Regular,25-34
C16607,Regular,25-34
C16608,Loyal,35-44
C16609,New,45-54
C16610,Regular,35-44
C16611,Regular,35-44
C16612,Regular,25-34
C16613,New,35-44
C16614,New,25-34
C16615,Regular,45-54
C16616,Regular,25-34
C16617,New,25-34
C16618,Regular,25-34
C16619,New,45-54
C16620,Loyal,55+
C16621,Regular,25-34
C16622,Loyal,25-34
C16623,Regular,35-44
C16624,Loyal,45-54
C16625,Regular,25-34
C16626,Regular,18-24
C16627,Regular,25-34
C16628,Regular,25-34
C16629,Regular,25-34
C16630,New,18-24
C16631,New,18-24
C16632,Regular,35-44
C16633,Regular,55+
C16634,New,45-54
C16635,Regular,35-44
C16636,Regular,45-54
C16637,Loyal,25-34
C16638,New,35-44
C16639,Regular,18-24
C16640,Loyal,35-44
C16641,Regular,55+
C16642,New,45-54
C16643,Loyal,25-34
C16644,Regular,35-44
C16645,Regular,55+
C16646,Loyal,25-34
C16647,Loyal,35-44
C16648,Regular,25-34
C16649,New,45-54
C16650,Regular,18-24
C16651,New,18-24
C16652,New,35-44
C16653,Regular,18-24
C16654,Loyal,18-24
C16655,Loyal,25-34
C16656,Regular,45-54
C16657,Regular,25-34
C16658,New,45-54
C16659,New,45-54
C16660,New,25-34
C16661,Regular,35-44
C16662,New,18-24
C16663,Loyal,25-34
C16664,Regular,25-34
C16665,New,18-24
C16666,New,25-34
C16667,Regular,25-34
C16668,Loyal,35-44
C16669,Regular,35-44
C16670,Regular,45-54
C16671,Regular,18-24
C16672,New,18-24
C16673,Loyal,25-34
C16674,Regular,18-24
C16675,Regular,35-44
C16676,Regular,25-34
C16677,Regular,25-34
C16678,Regular,25-34
C16679,New,25-34
C16680,Regular,25-34
C16681,Loyal,18-24
C16682,Regular,18-24
C16683,New,25-34
C16684,Loyal,18-24
C16685,New,35-44
C16686,New,25-34
C16687,New,18-24
C16688,Regular,25-34
C16689,Regular,25-34
C16690,Regular,18-24
C16691,Regular,18-24
C16692,New,25-34
C16693,Regular,25-34
C16694,New,45-54
C16695,Regular,45-54
C16696,Regular,18-24
C16697,Regular,18-24
C16698,Regular,35-44
C16699,Regular,45-54
C16700,New,55+
C16701,Loyal,18-24
C16702,New,25-34
C16703,New,35-44
C16704,Regular,45-54
C16705,Regular,18-24
C16706,New,35-44
C16707,Loyal,25-34
C16708,Loyal,18-24
C16709,Regular,25-34
C16710,Regular,18-24
C16711,Regular,35-44
C16712,Regular,35-44
C16713,Regular,45-54
C16714,Loyal,25-34
C16715,Loyal,18-24
C16716,Loyal,25-34
C16717,New,25-34
C16718,New,35-44
C16719,New,25-34
C16720,Regular,25-34
C16721,New,25-34
C16722,Regular,18-24
C16723,Regular,35-44
C16724,Regular,25-34
C16725,Regular,45-54
C16726,Loyal,35-44
C16727,New,18-24
C16728,New,25-34
C16729,Regular,35-44
C16730,Regular,18-24
C16731,Regular,35-44
C16732,New,25-34
C16733,New,25-34
C16734,Regular,55+
C16735,Loyal,25-34
C16736,Loyal,25-34
C16737,Regular,18-24
C16738,Regular,18-24
C16739,Loyal,25-34
C16740,Regular,25-34
C16741,Regular,25-34
C16742,Loyal,45-54
C16743,Regular,25-34
C16744,Loyal,25-34
C16745,New,25-34
C16746,Regular,25-34
C16747,Loyal,25-34
C16748,New,25-34
C16749,Regular,45-54
C16750,New,25-34
C16751,Loyal,25-34
C16752,Regular,35-44
C16753,New,18-24
C16754,Regular,35-44
C16755,Regular,25-34
C16756,Regular,35-44
C16757,Regular,35-44
C16758,Loyal,45-54
C16759,Regular,25-34
C16760,Regular,45-54
C16761,New,25-34
C16762,Loyal,35-44
C16763,New,18-24
C16764,Regular,18-24
C16765,Loyal,18-24
C16766,New,25-34
C16767,Regular,18-24
C16768,New,35-44
C16769,Regular,25-34
C16770,Regular,35-44
C16771,Loyal,18-24
C16772,Loyal,25-34
C16773,Regular,25-34
C16774,Regular,25-34
C16775,Regular,18-24
C16776,Regular,55+
C16777,Regular,25-34
C16778,Loyal,35-44
C16779,Regular,25-34
C16780,New,45-54
C16781,Regular,25-34
C16782,Regular,45-54
C16783,New,25-34
C16784,Regular,18-24
C16785,Regular,25-34
C16786,Regular,25-34
C16787,Regular,18-24
C16788,Regular,25-34
C16789,Loyal,35-44
C16790,Loyal,18-24
C16791,Regular,25-34
C16792,New,25-34
C16793,Loyal,35-44
C16794,Regular,18-24
C16795,Regular,35-44
C16796,New,18-24
C16797,New,25-34
C16798,New,25-34
C16799,New,45-54
C16800,Loyal,18-24
C16801,Regular,18-24
C16802,Regular,35-44
C16803,Loyal,25-34
C16804,Regular,35-44
C16805,Loyal,55+
C16806,Loyal,55+
C16807,Regular,25-34
C16808,Loyal,25-34
C16809,Regular,45-54
C16810,New,18-24
C16811,Regular,25-34
C16812,Regular,25-34
C16813,Loyal,25-34
C16814,Regular,55+
C16815,Regular,35-44
C16816,New,25-34
C16817,Regular,45-54
C16818,New,25-34
C16819,Regular,45-54
C16820,Loyal,25-34
C16821,New,25-34
C16822,Regular,25-34
C16823,New,25-34
C16824,New,25-34
C16825,Regular,18-24
C16826,New,55+
C16827,Regular,45-54
C16828,New,35-44
C16829,New,45-54
C16830,Regular,55+
C16831,Regular,35-44
C16832,New,25-34
C16833,Regular,45-54
C16834,Loyal,25-34
C16835,Regular,18-24
C16836,New,25-34
C16837,Regular,25-34
C16838,Regular,55+
C16839,New,35-44
C16840,Loyal,45-54
C16841,Loyal,35-44
C16842,Loyal,25-34
C16843,Loyal,35-44
C16844,Regular,18-24
C16845,Regular,25-34
C16846,Regular,45-54
C16847,Loyal,35-44
C16848,Regular,45-54
C16849,Regular,25-34
C16850,Regular,35-44
C16851,Loyal,25-34
C16852,New,25-34
C16853,Regular,25-34
C16854,Loyal,25-34
C16855,Regular,18-24
C16856,Loyal,25-34
C16857,Regular,35-44
C16858,New,25-34
C16859,Loyal,25-34
C16860,New,25-34
C16861,Regular,55+
C16862,New,55+
C16863,New,25-34
C16864,Regular,25-34
C16865,Regular,25-34
C16866,Regular,18-24
C16867,Loyal,25-34
C16868,New,25-34
C16869,New,25-34
C16870,Regular,35-44
C16871,Regular,25-34
C16872,Loyal,18-24
C16873,New,45-54
C16874,Loyal,45-54
C16875,Regular,45-54
C16876,Regular,25-34
C16877,New,18-24
C16878,Regular,18-24
C16879,New,25-34
C16880,New,25-34
C16881,Regular,45-54
C16882,Loyal,55+
C16883,Regular,45-54
C16884,Regular,35-44
C16885,Regular,35-44
C16886,Regular,35-44
C16887,Loyal,55+
C16888,Regular,35-44
C16889,New,18-24
C16890,New,18-24
C16891,Regular,35-44
C16892,Regular,25-34
C16893,New,45-54
C16894,Loyal,35-44
C16895,Regular,35-44
C16896,Regular,18-24
C16897,New,25-34
C16898,Regular,25-34
C16899,Loyal,35-44
C16900,Loyal,25-34
C16901,New,55+
C16902,New,35-44
C16903,Regular,35-44
C16904,Regular,45-54
C16905,Regular,55+
C16906,Loyal,18-24
C16907,Regular,45-54
C16908,New,18-24
C16909,Loyal,25-34
C16910,New,18-24
C16911,Loyal,35-44
C16912,Regular,25-34
C16913,Loyal,35-44
C16914,New,35-44
C16915,New,35-44
C16916,Regular,25-34
C16917,Regular,45-54
C16918,Regular,25-34
C16919,Loyal,25-34
C16920,Loyal,55+
C16921,Regular,25-34
C16922,New,25-34
C16923,Regular,35-44
C16924,Regular,18-24
C16925,Regular,25-34
C16926,Loyal,45-54
C16927,New,25-34
C16928,New,25-34
C16929,New,35-44
C16930,Regular,35-44
C16931,Regular,35-44
C16932,New,45-54
C16933,New,25-34
C16934,New,35-44
C16935,New,35-44
C16936,Regular,25-34
C16937,New,55+
C16938,New,45-54
C16939,Loyal,25-34
C16940,Regular,35-44
C16941,Regular,35-44
C16942,New,25-34
C16943,Regular,45-54
C16944,Regular,35-44
C16945,New,35-44
C16946,New,25-34
C16947,Loyal,25-34
C16948,Loyal,25-34
C16949,New,35-44
C16950,Regular,35-44
C16951,Loyal,18-24
C16952,New,25-34
C16953,Regular,25-34
C16954,Loyal,35-44
C16955,Loyal,35-44
C16956,Regular,25-34
C16957,New,18-24
C16958,New,25-34
C16959,Loyal,25-34
C16960,Loyal,35-44
C16961,Regular,18-24
C16962,Regular,25-34
C16963,Regular,35-44
C16964,Regular,55+
C16965,Loyal,55+
C16966,Regular,55+
C16967,Regular,35-44
C16968,New,35-44
C16969,Regular,35-44
C16970,Regular,45-54
C16971,New,55+
C16972,Loyal,25-34
C16973,Regular,25-34
C16974,Loyal,25-34
C16975,New,35-44
C16976,Regular,35-44
C16977,New,45-54
C16978,Loyal,25-34
C16979,New,25-34
C16980,Regular,55+
C16981,Regular,25-34
C16982,Regular,25-34
C16983,Loyal,35-44
C16984,Loyal,18-24
C16985,New,25-34
C16986,New,25-34
C16987,New,18-24
C16988,New,25-34
C16989,Loyal,25-34
C16990,Loyal,25-34
C16991,New,18-24
C16992,Regular,35-44
C16993,Regular,25-34
C16994,New,25-34
C16995,Regular,25-34
C16996,New,25-34
C16997,Regular,25-34
C16998,Regular,25-34
C16999,Regular,55+
C17000,New,45-54
C17001,Loyal,35-44
C17002,Regular,18-24
C17003,Loyal,35-44
C17004,Regular,18-24
C17005,Loyal,35-44
C17006,Loyal,25-34
C17007,Regular,45-54
C17008,Regular,55+
C17009,Loyal,25-34
C17010,Regular,25-34
C17011,Loyal,35-44
C17012,Regular,18-24
C17013,Regular,45-54
C17014,New,25-34
C17015,New,18-24
C17016,Loyal,35-44
C17017,New,25-34
C17018,New,18-24
C17019,Regular,25-34
C17020,Regular,35-44
C17021,New,25-34
C17022,New,35-44
C17023,Regular,18-24
C17024,New,25-34
C17025,Regular,25-34
C17026,New,55+
C17027,Loyal,18-24
C17028,Loyal,25-34
C17029,Regular,55+
C17030,Regular,55+
C17031,Regular,45-54
C17032,Regular,18-24
C17033,Regular,25-34
C17034,Loyal,25-34
C17035,Regular,45-54
C17036,Loyal,18-24
C17037,New,18-24
C17038,New,25-34
C17039,Loyal,18-24
C17040,Regular,35-44
C17041,Regular,45-54
C17042,Regular,35-44
C17043,New,25-34
C17044,Regular,45-54
C17045,New,18-24
C17046,Regular,25-34
C17047,Regular,25-34
C17048,Loyal,18-24
C17049,Regular,18-24
C17050,New,25-34
C17051,Regular,55+
C17052,New,45-54
C17053,New,25-34
C17054,New,18-24
C17055,Regular,18-24
C17056,New,25-34
C17057,Regular,25-34
C17058,Loyal,18-24
C17059,Regular,35-44
C17060,New,35-44
C17061,New,25-34
C17062,Regular,35-44
C17063,Loyal,35-44
C17064,New,25-34
C17065,Loyal,18-24
C17066,Regular,45-54
C17067,Regular,35-44
C17068,Loyal,25-34
C17069,Regular,35-44
C17070,Loyal,25-34
C17071,Regular,35-44
C17072,Regular,25-34
C17073,Regular,25-34
C17074,Regular,35-44
C17075,Regular,35-44
C17076,New,18-24
C17077,New,18-24
C17078,Regular,25-34
C17079,Regular,25-34
C17080,Loyal,25-34
C17081,Regular,35-44
C17082,Regular,18-24
C17083,New,35-44
C17084,Loyal,35-44
C17085,Regular,18-24
C17086,Regular,35-44
C17087,Regular,55+
C17088,New,18-24
C17089,Regular,45-54
C17090,Loyal,35-44
C17091,New,35-44
C17092,Regular,18-24
C17093,Loyal,35-44
C17094,New,25-34
C17095,Loyal,35-44
C17096,Loyal,45-54
C17097,Regular,25-34
C17098,New,25-34
C17099,Regular,18-24
C17100,New,18-24
C17101,Loyal,45-54
C17102,Loyal,18-24
C17103,Regular,25-34
C17104,Regular,25-34
C17105,New,45-54
C17106,Regular,25-34
C17107,Regular,55+
C17108,Loyal,35-44
C17109,Regular,45-54
C17110,Loyal,18-24
C17111,Regular,25-34
C17112,Regular,18-24
C17113,Regular,25-34
C17114,Loyal,35-44
C17115,Regular,18-24
C17116,Regular,18-24
C17117,New,35-44
C17118,New,25-34
C17119,Regular,25-34
C17120,New,18-24
C17121,New,35-44
C17122,Regular,25-34
C17123,New,35-44
C17124,Loyal,25-34
C17125,Regular,25-34
C17126,Regular,45-54
C17127,New,35-44
C17128,Regular,25-34
C17129,Regular,35-44
C17130,Loyal,18-24
C17131,Regular,45-54
C17132,New,35-44
C17133,Regular,35-44
C17134,New,45-54
C17135,Loyal,18-24
C17136,Loyal,35-44
C17137,Regular,55+
C17138,Regular,25-34
C17139,Loyal,18-24
C17140,Regular,35-44
C17141,Regular,18-24
C17142,Loyal,45-54
C17143,Regular,18-24
C17144,Regular,35-44
C17145,Loyal,25-34
C17146,Regular,25-34
C17147,Regular,45-54
C17148,New,35-44
C17149,Regular,25-34
C17150,New,25-34
C17151,Regular,35-44
C17152,Regular,45-54
C17153,Loyal,35-44
C17154,Regular,35-44
C17155,Regular,25-34
C17156,Regular,45-54
C17157,Loyal,35-44
C17158,Regular,25-34
C17159,Regular,25-34
C17160,New,25-34
C17161,Regular,45-54
C17162,Regular,35-44
C17163,Regular,45-54
C17164,Loyal,25-34
C17165,Loyal,35-44
C17166,Loyal,45-54
C17167,Regular,25-34
C17168,Loyal,25-34
C17169,Loyal,35-44
C17170,New,45-54
C17171,Regular,18-24
C17172,New,25-34
C17173,New,25-34
C17174,New,25-34
C17175,New,25-34
C17176,Regular,35-44
C17177,Regular,45-54
C17178,New,35-44
C17179,Regular,25-34
C17180,Loyal,45-54
C17181,Loyal,35-44
C17182,Regular,25-34
C17183,Regular,25-34
C17184,New,35-44
C17185,New,35-44
C17186,New,25-34
C17187,Regular,18-24
C17188,Loyal,45-54
C17189,New,25-34
C17190,New,35-44
C17191,New,35-44
C17192,Regular,25-34
C17193,Regular,25-34
C17194,Regular,18-24
C17195,New,25-34
C17196,Regular,18-24
C17197,New,35-44
C17198,Regular,35-44
C17199,New,35-44
C17200,Regular,35-44
C17201,Regular,45-54
C17202,Regular,45-54
C17203,Regular,25-34
C17204,Regular,35-44
C17205,New,18-24
C17206,Regular,18-24
C17207,Regular,35-44
C17208,Regular,25-34
C17209,Regular,35-44
C17210,Loyal,25-34
C17211,Regular,18-24
C17212,New,45-54
C17213,Regular,18-24
C17214,New,18-24
C17215,Regular,25-34
C17216,Regular,55+
C17217,New,25-34
C17218,Loyal,25-34
C17219,Regular,35-44
C17220,Regular,35-44
C17221,New,45-54
C17222,Regular,25-34
C17223,Loyal,55+
C17224,Regular,35-44
C17225,Loyal,25-34
C17226,New,25-34
C17227,Regular,45-54
C17228,Regular,35-44
C17229,Regular,35-44
C17230,New,35-44
C17231,Regular,25-34
C17232,Regular,18-24
C17233,Regular,25-34
C17234,Regular,25-34
C17235,Regular,18-24
C17236,Regular,25-34
C17237,New,35-44
C17238,Regular,18-24
C17239,Regular,18-24
C17240,Loyal,45-54
C17241,New,35-44
C17242,Regular,18-24
C17243,New,45-54
C17244,New,35-44
C17245,Regular,25-34
C17246,Regular,25-34
C17247,New,18-24
C17248,Regular,45-54
C17249,Loyal,25-34
C17250,Loyal,25-34
C17251,New,45-54
C17252,Regular,18-24
C17253,Regular,18-24
C17254,Regular,18-24
C17255,Regular,18-24
C17256,Regular,35-44
C17257,New,35-44
C17258,Loyal,25-34
C17259,Loyal,18-24
C17260,Regular,18-24
C17261,Regular,55+
C17262,Regular,35-44
C17263,Regular,35-44
C17264,Regular,25-34
C17265,Loyal,25-34
C17266,New,18-24
C17267,New,55+
C17268,Regular,35-44
C17269,New,35-44
C17270,Regular,35-44
C17271,Regular,25-34
C17272,Loyal,25-34
C17273,Regular,25-34
C17274,Regular,25-34
C17275,New,18-24
C17276,Regular,18-24
C17277,Regular,25-34
C17278,Regular,45-54
C17279,New,45-54
C17280,New,18-24
C17281,Regular,18-24
C17282,Regular,35-44
C17283,Regular,45-54
C17284,Regular,55+
C17285,Regular,45-54
C17286,Regular,35-44
C17287,Regular,25-34
C17288,New,18-24
C17289,Regular,18-24
C17290,Regular,35-44
C17291,Regular,18-24
C17292,Loyal,35-44
C17293,New,35-44
C17294,Loyal,18-24
C17295,Regular,45-54
C17296,Regular,25-34
C17297,Loyal,45-54
C17298,Loyal,45-54
C17299,Regular,18-24
C17300,Regular,25-34
C17301,Regular,18-24
C17302,Regular,35-44
C17303,New,25-34
C17304,New,45-54
C17305,Loyal,25-34
C17306,New,35-44
C17307,New,55+
C17308,Regular,35-44
C17309,New,18-24
C17310,New,35-44
C17311,Regular,18-24
C17312,Regular,18-24
C17313,Regular,25-34
C17314,Regular,25-34
C17315,Regular,35-44
C17316,Regular,25-34
C17317,Regular,35-44
C17318,Regular,18-24
C17319,Loyal,18-24
C17320,Regular,18-24
C17321,Regular,25-34
C17322,New,25-34
C17323,Regular,35-44
C17324,New,55+
C17325,Regular,25-34
C17326,Loyal,18-24
C17327,Regular,18-24
C17328,New,45-54
C17329,Regular,35-44
C17330,New,35-44
C17331,Regular,18-24
C17332,Regular,18-24
C17333,New,18-24
C17334,Loyal,45-54
C17335,New,25-34
C17336,Loyal,35-44
C17337,New,25-34
C17338,New,25-34
C17339,New,18-24
C17340,New,35-44
C17341,Regular,18-24
C17342,Regular,55+
C17343,Regular,18-24
C17344,New,18-24
C17345,Regular,25-34
C17346,Regular,45-54
C17347,Regular,25-34
C17348,Regular,25-34
C17349,Regular,18-24
C17350,New,18-24
C17351,Regular,35-44
C17352,Regular,18-24
C17353,Regular,35-44
C17354,New,35-44
C17355,New,45-54
C17356,Regular,18-24
C17357,New,25-34
C17358,New,55+
C17359,Loyal,35-44
C17360,Regular,18-24
C17361,Regular,25-34
C17362,New,45-54
C17363,Loyal,25-34
C17364,New,45-54
C17365,Regular,25-34
C17366,Loyal,18-24
C17367,Regular,18-24
C17368,Loyal,18-24
C17369,Regular,18-24
C17370,New,45-54
C17371,New,35-44
C17372,Regular,35-44
C17373,New,35-44
C17374,Regular,25-34
C17375,New,25-34
C17376,Loyal,45-54
C17377,Regular,25-34
C17378,Regular,25-34
C17379,Loyal,55+
C17380,New,25-34
C17381,Regular,45-54
C17382,Regular,45-54
C17383,New,25-34
C17384,Regular,18-24
C17385,Regular,55+
C17386,Regular,25-34
C17387,Regular,18-24
C17388,Regular,25-34
C17389,Regular,35-44
C17390,New,35-44
C17391,Regular,55+
C17392,Loyal,45-54
C17393,Loyal,55+
C17394,Regular,18-24
C17395,Regular,35-44
C17396,Loyal,25-34
C17397,Regular,18-24
C17398,Regular,45-54
C17399,New,25-34
C17400,Loyal,45-54
C17401,Regular,18-24
C17402,Regular,45-54
C17403,New,18-24
C17404,Regular,18-24
C17405,Regular,25-34
C17406,Regular,25-34
C17407,New,25-34
C17408,Regular,55+
C17409,New,35-44
C17410,Regular,25-34
C17411,New,18-24
C17412,Regular,25-34
C17413,New,25-34
C17414,New,35-44
C17415,New,25-34
C17416,Loyal,35-44
C17417,Regular,18-24
C17418,Regular,25-34
C17419,Regular,35-44
C17420,Regular,25-34
C17421,Loyal,45-54
C17422,New,35-44
C17423,New,35-44
C17424,Loyal,25-34
C17425,Regular,45-54
C17426,New,35-44
C17427,New,25-34
C17428,New,25-34
C17429,Loyal,18-24
C17430,New,18-24
C17431,Loyal,55+
C17432,Loyal,25-34
C17433,Regular,45-54
C17434,New,18-24
C17435,New,25-34
C17436,Regular,55+
C17437,Regular,18-24
C17438,Regular,35-44
C17439,Regular,45-54
C17440,Loyal,55+
C17441,Regular,45-54
C17442,Regular,45-54
C17443,Loyal,35-44
C17444,New,25-34
C17445,New,35-44
C17446,New,55+
C17447,New,25-34
C17448,Regular,25-34
C17449,Regular,25-34
C17450,Regular,35-44
C17451,Loyal,25-34
C17452,New,35-44
C17453,Regular,35-44
C17454,New,35-44
C17455,New,25-34
C17456,Regular,18-24
C17457,Loyal,35-44
C17458,Regular,35-44
C17459,New,25-34
C17460,Regular,25-34
C17461,New,25-34
C17462,New,25-34
C17463,Regular,55+
C17464,New,35-44
C17465,Regular,45-54
C17466,Regular,25-34
C17467,Regular,25-34
C17468,New,25-34
C17469,Loyal,35-44
C17470,Regular,25-34
C17471,Regular,35-44
C17472,Regular,25-34
C17473,Regular,18-24
C17474,Regular,18-24
C17475,Regular,45-54
C17476,New,25-34
C17477,Regular,25-34
C17478,Loyal,45-54
C17479,Regular,35-44
C17480,New,18-24
C17481,Regular,18-24
C17482,Loyal,25-34
C17483,Regular,35-44
C17484,New,35-44
C17485,Loyal,25-34
C17486,New,45-54
C17487,Regular,18-24
C17488,Regular,25-34
C17489,Loyal,55+
C17490,Loyal,18-24
C17491,Loyal,45-54
C17492,New,35-44
C17493,Loyal,18-24
C17494,New,25-34
C17495,New,25-34
C17496,Regular,55+
C17497,Regular,25-34
C17498,Regular,25-34
C17499,Regular,18-24
C17500,Loyal,35-44
C17501,New,25-34
C17502,New,18-24
C17503,Loyal,55+
C17504,New,25-34
C17505,Regular,18-24
C17506,Regular,35-44
C17507,Regular,45-54
C17508,Regular,18-24
C17509,New,18-24
C17510,Loyal,18-24
C17511,New,18-24
C17512,Regular,35-44
C17513,New,35-44
C17514,Regular,35-44
C17515,Regular,25-34
C17516,Loyal,45-54
C17517,Regular,25-34
C17518,Regular,45-54
C17519,Loyal,25-34
C17520,Regular,35-44
C17521,Regular,25-34
C17522,Regular,25-34
C17523,Regular,45-54
C17524,Loyal,18-24
C17525,New,25-34
C17526,Regular,35-44
C17527,Regular,35-44
C17528,Loyal,35-44
C17529,Loyal,25-34
C17530,Regular,25-34
C17531,Regular,45-54
C17532,Regular,25-34
C17533,Regular,35-44
C17534,Loyal,18-24
C17535,Loyal,25-34
C17536,Loyal,25-34
C17537,New,35-44
C17538,Loyal,25-34
C17539,Loyal,18-24
C17540,Regular,18-24
C17541,Regular,25-34
C17542,Regular,18-24
C17543,Regular,25-34
C17544,Loyal,35-44
C17545,Regular,25-34
C17546,Regular,25-34
C17547,Regular,55+
C17548,Regular,25-34
C17549,Loyal,45-54
C17550,Regular,25-34
C17551,Regular,25-34
C17552,New,25-34
C17553,Regular,25-34
C17554,Regular,35-44
C17555,Loyal,25-34
C17556,New,35-44
C17557,Regular,25-34
C17558,New,18-24
C17559,Regular,35-44
C17560,Loyal,35-44
C17561,Regular,25-34
C17562,Regular,18-24
C17563,Regular,45-54
C17564,New,55+
C17565,Regular,18-24
C17566,Regular,55+
C17567,Regular,25-34
C17568,Loyal,55+
C17569,Regular,35-44
C17570,Regular,45-54
C17571,Loyal,35-44
C17572,Loyal,18-24
C17573,Regular,18-24
C17574,New,25-34
C17575,Regular,18-24
C17576,Regular,25-34
C17577,New,55+
C17578,New,25-34
C17579,New,25-34
C17580,Regular,25-34
C17581,Regular,35-44
C17582,Regular,18-24
C17583,New,25-34
C17584,Regular,45-54
C17585,Regular,45-54
C17586,New,35-44
C17587,Regular,35-44
C17588,Regular,25-34
C17589,Regular,35-44
C17590,Regular,25-34
C17591,New,18-24
C17592,Regular,25-34
C17593,New,18-24
C17594,New,25-34
C17595,Regular,25-34
C17596,Regular,35-44
C17597,New,25-34
C17598,New,35-44
C17599,Loyal,25-34
C17600,Regular,45-54
C17601,Regular,18-24
C17602,Regular,35-44
C17603,New,35-44
C17604,Regular,55+
C17605,New,25-34
C17606,Regular,25-34
C17607,New,18-24
C17608,Regular,25-34
C17609,Regular,25-34
C17610,Regular,45-54
C17611,New,25-34
C17612,Regular,18-24
C17613,Regular,25-34
C17614,Regular,18-24
C17615,Regular,45-54
C17616,Regular,45-54
C17617,Regular,25-34
C17618,Regular,25-34
C17619,Loyal,45-54
C17620,New,18-24
C17621,New,35-44
C17622,Regular,45-54
C17623,Loyal,25-34
C17624,Loyal,18-24
C17625,Regular,25-34
C17626,Regular,45-54
C17627,Regular,18-24
C17628,Regular,25-34
C17629,Regular,35-44
C17630,Loyal,45-54
C17631,Regular,25-34
C17632,Regular,25-34
C17633,Regular,35-44
C17634,Regular,25-34
C17635,Regular,25-34
C17636,Regular,45-54
C17637,New,18-24
C17638,New,18-24
C17639,Regular,25-34
C17640,Loyal,25-34
C17641,New,35-44
C17642,Regular,35-44
C17643,Regular,35-44
C17644,New,35-44
C17645,Loyal,35-44
C17646,Loyal,25-34
C17647,New,25-34
C17648,Regular,35-44
C17649,Regular,18-24
C17650,Loyal,25-34
C17651,New,25-34
C17652,New,25-34
C17653,Regular,25-34
C17654,Loyal,35-44
C17655,New,25-34
C17656,Regular,45-54
C17657,New,25-34
C17658,Loyal,25-34
C17659,New,18-24
C17660,Loyal,25-34
C17661,Regular,45-54
C17662,Regular,25-34
C17663,Loyal,25-34
C17664,Loyal,25-34
C17665,Regular,18-24
C17666,New,25-34
C17667,Regular,25-34
C17668,Regular,25-34
C17669,Regular,35-44
C17670,Regular,35-44
C17671,New,25-34
C17672,Regular,25-34
C17673,Regular,35-44
C17674,New,35-44
C17675,Regular,18-24
C17676,Regular,25-34
C17677,Regular,25-34
C17678,New,18-24
C17679,Regular,18-24
C17680,New,18-24
C17681,Regular,45-54
C17682,Regular,25-34
C17683,Regular,25-34
C17684,New,35-44
C17685,Regular,35-44
C17686,Loyal,25-34
C17687,New,25-34
C17688,Loyal,18-24
C17689,Regular,35-44
C17690,Regular,25-34
C17691,New,25-34
C17692,New,25-34
C17693,Loyal,35-44
C17694,Regular,25-34
C17695,New,25-34
C17696,Regular,18-24
C17697,New,35-44
C17698,Regular,45-54
C17699,Regular,35-44
C17700,Loyal,55+
C17701,Regular,18-24
C17702,New,25-34
C17703,Regular,25-34
C17704,Regular,25-34
C17705,Regular,18-24
C17706,Loyal,25-34
C17707,Regular,25-34
C17708,New,25-34
C17709,Loyal,55+
C17710,New,25-34
C17711,New,18-24
C17712,Regular,18-24
C17713,Loyal,45-54
C17714,Regular,35-44
C17715,New,18-24
C17716,Regular,25-34
C17717,Regular,35-44
C17718,Regular,25-34
C17719,New,55+
C17720,Regular,25-34
C17721,Loyal,18-24
C17722,New,45-54
C17723,New,25-34
C17724,Loyal,25-34
C17725,Regular,25-34
C17726,Loyal,35-44
C17727,New,18-24
C17728,New,25-34
C17729,Regular,18-24
C17730,Regular,45-54
C17731,Regular,25-34
C17732,Regular,25-34
C17733,New,25-34
C17734,Regular,35-44
C17735,Regular,45-54
C17736,Regular,25-34
C17737,Regular,45-54
C17738,Regular,25-34
C17739,Regular,18-24
C17740,New,45-54
C17741,Regular,25-34
C17742,New,35-44
C17743,Regular,55+
C17744,Loyal,25-34
C17745,Regular,18-24
C17746,New,45-54
C17747,Loyal,25-34
C17748,New,25-34
C17749,New,25-34
C17750,Regular,25-34
C17751,Regular,35-44
C17752,New,25-34
C17753,Regular,35-44
C17754,Regular,45-54
C17755,New,25-34
C17756,Regular,25-34
C17757,Regular,35-44
C17758,Regular,35-44
C17759,New,25-34
C17760,New,25-34
C17761,Regular,25-34
C17762,Loyal,25-34
C17763,Regular,25-34
C17764,Regular,35-44
C17765,New,18-24
C17766,New,55+
C17767,New,35-44
C17768,Regular,25-34
C17769,Regular,18-24
C17770,Loyal,35-44
C17771,Regular,35-44
C17772,Loyal,55+
C17773,New,25-34
C17774,New,18-24
C17775,Loyal,45-54
C17776,Regular,25-34
C17777,Loyal,35-44
C17778,New,18-24
C17779,Regular,35-44
C17780,Regular,18-24
C17781,New,35-44
C17782,Regular,25-34
C17783,Regular,55+
C17784,New,18-24
C17785,New,25-34
C17786,New,18-24
C17787,New,45-54
C17788,Regular,35-44
C17789,New,25-34
C17790,New,18-24
C17791,Loyal,25-34
C17792,Regular,25-34
C17793,Regular,25-34
C17794,Regular,35-44
C17795,Loyal,18-24
C17796,New,35-44
C17797,Regular,45-54
C17798,Regular,45-54
C17799,New,35-44
C17800,Regular,25-34
C17801,Loyal,35-44
C17802,Loyal,18-24
C17803,New,18-24
C17804,New,35-44
C17805,Loyal,45-54
C17806,Regular,18-24
C17807,New,18-24
C17808,Regular,25-34
C17809,New,25-34
C17810,New,35-44
C17811,Loyal,25-34
C17812,New,18-24
C17813,New,25-34
C17814,New,45-54
C17815,Regular,35-44
C17816,New,45-54
C17817,Regular,25-34
C17818,Regular,45-54
C17819,Loyal,25-34
C17820,New,45-54
C17821,Loyal,25-34
C17822,New,25-34
C17823,Regular,25-34
C17824,Regular,25-34
C17825,New,18-24
C17826,Regular,55+
C17827,New,25-34
C17828,New,25-34
C17829,Regular,25-34
C17830,Regular,18-24
C17831,New,35-44
C17832,New,35-44
C17833,New,45-54
C17834,Regular,18-24
C17835,Regular,45-54
C17836,New,25-34
C17837,New,45-54
C17838,Regular,18-24
C17839,Regular,35-44
C17840,Regular,25-34
C17841,Loyal,25-34
C17842,New,18-24
C17843,Loyal,35-44
C17844,Regular,18-24
C17845,Loyal,25-34
C17846,New,35-44
C17847,Regular,35-44
C17848,Regular,55+
C17849,Regular,25-34
C17850,Loyal,25-34
C17851,Regular,25-34
C17852,Loyal,35-44
C17853,Regular,55+
C17854,Regular,55+
C17855,New,55+
C17856,Loyal,45-54
C17857,Regular,55+
C17858,Regular,25-34
C17859,Regular,55+
C17860,Regular,35-44
C17861,Loyal,18-24
C17862,New,18-24
C17863,New,25-34
C17864,New,35-44
C17865,Regular,35-44
C17866,New,25-34
C17867,New,35-44
C17868,New,18-24
C17869,Regular,45-54
C17870,Regular,35-44
C17871,New,55+
C17872,Loyal,18-24
C17873,Loyal,45-54
C17874,New,25-34
C17875,Regular,25-34
C17876,Regular,25-34
C17877,New,35-44
C17878,New,55+
C17879,Regular,35-44
C17880,Regular,45-54
C17881,New,25-34
C17882,Loyal,25-34
C17883,Regular,25-34
C17884,Regular,25-34
C17885,New,55+
C17886,Regular,35-44
C17887,New,25-34
C17888,Regular,35-44
C17889,Regular,25-34
C17890,Regular,18-24
C17891,Regular,25-34
C17892,Regular,35-44
C17893,Loyal,55+
C17894,Regular,18-24
C17895,New,25-34
C17896,Regular,18-24
C17897,New,18-24
C17898,Loyal,35-44
C17899,Regular,25-34
C17900,Regular,35-44
C17901,New,25-34
C17902,Regular,25-34
C17903,Loyal,25-34
C17904,New,18-24
C17905,Regular,45-54
C17906,Loyal,18-24
C17907,Regular,18-24
C17908,Regular,35-44
C17909,Regular,55+
C17910,Regular,45-54
C17911,New,25-34
C17912,New,18-24
C17913,Regular,35-44
C17914,Loyal,45-54
C17915,New,25-34
C17916,New,25-34
C17917,Regular,18-24
C17918,Loyal,18-24
C17919,New,25-34
C17920,Loyal,18-24
C17921,New,25-34
C17922,Loyal,25-34
C17923,Regular,25-34
C17924,Regular,18-24
C17925,Regular,25-34
C17926,Regular,45-54
C17927,New,18-24
C17928,New,35-44
C17929,Regular,45-54
C17930,Loyal,25-34
C17931,Regular,18-24
C17932,Regular,18-24
C17933,Regular,35-44
C17934,New,25-34
C17935,Loyal,25-34
C17936,Regular,45-54
C17937,Regular,35-44
C17938,Regular,25-34
C17939,Loyal,35-44
C17940,Loyal,25-34
C17941,Regular,35-44
C17942,Regular,18-24
C17943,Regular,35-44
C17944,Regular,25-34
C17945,Regular,25-34
C17946,New,18-24
C17947,Regular,35-44
C17948,Regular,18-24
C17949,Regular,18-24
C17950,New,18-24
C17951,Regular,18-24
C17952,Regular,35-44
C17953,New,55+
C17954,Regular,35-44
C17955,Loyal,45-54
C17956,Regular,18-24
C17957,Regular,18-24
C17958,Loyal,25-34
C17959,New,55+
C17960,Loyal,35-44
C17961,New,25-34
C17962,New,18-24
C17963,Regular,18-24
C17964,Regular,25-34
C17965,Regular,35-44
C17966,Regular,18-24
C17967,Loyal,45-54
C17968,Regular,55+
C17969,Regular,45-54
C17970,New,45-54
C17971,New,18-24
C17972,Regular,55+
C17973,New,25-34
C17974,Regular,45-54
C17975,Regular,18-24
C17976,New,25-34
C17977,Regular,18-24
C17978,New,18-24
C17979,Regular,55+
C17980,Regular,45-54
C17981,Regular,25-34
C17982,New,25-34
C17983,Regular,35-44
C17984,New,25-34
C17985,Regular,35-44
C17986,Regular,25-34
C17987,Regular,35-44
C17988,Loyal,55+
C17989,Regular,25-34
C17990,New,25-34
C17991,New,45-54
C17992,Loyal,45-54
C17993,New,55+
C17994,Regular,25-34
C17995,Regular,25-34
C17996,Regular,25-34
C17997,Regular,18-24
C17998,Regular,35-44
C17999,Regular,25-34
C18000,Loyal,35-44
